商品编码,商品名称,第一数量,第一计量单位,第二数量,第二计量单位,美元
1012900,其他马，改良种用除外,132049,千克,310,头,14963733.0
1022100,改良种用家牛,690,千克,3,头,49489.0
1022900,其他家牛，改良种用除外,895390,千克,3893,头,6638619.0
1031000,改良种用猪,33000,千克,730,头,2062367.0
1051110,改良种用鸡，改良种用除外，重量≤185g,8649,千克,183328,只,7971484.0
1061190,其他灵长目动物，改良种用除外,5400,千克,1080,只,16838250.0
1061221,改良种用海豹、海狮及海象,600,千克,30,只,280500.0
1061229,其他海豹、海狮及海象，改良种用除外,875,千克,35,只,168905.0
1061990,"未列名哺乳动物,改良种用除外",54,千克,1850,只,1179573.0
1063990,未列名鸟,600,千克,200,只,445398.0
1064990,"其他昆虫,改良种用除外",2,千克,3176,只,2229.0
1069090,"其他活动物,改良种用除外",0,千克,10,只,100.0
2012000,鲜或冷的带骨牛肉,5241,千克,0,?,130554.0
2013000,鲜或冷的去骨牛肉,2920332,千克,0,?,39471211.0
2022000,冻带骨牛肉,32348435,千克,0,?,113910556.0
2023000,冻去骨牛肉,172896870,千克,0,?,1191357593.0
2031900,其他鲜或冷的猪肉,35367,千克,0,?,483069.0
2032200,冻带骨猪前腿、猪后腿及其肉块,15062575,千克,0,?,24456527.0
2032900,其他冻猪肉,41624861,千克,0,?,90312117.0
2042200,鲜或冷的带骨绵羊肉,83887,千克,0,?,824724.0
2042300,鲜或冷的去骨绵羊肉,24253,千克,0,?,267849.0
2043000,冻整头及半头羔羊肉,6097,千克,0,?,54562.0
2044100,冻整头及半头绵羊肉,1661536,千克,0,?,10535062.0
2044200,冻带骨绵羊肉,17056192,千克,0,?,83096633.0
2044300,冻去骨绵羊肉,1319822,千克,0,?,5878216.0
2045000,鲜、冷、冻山羊肉,382250,千克,0,?,2258147.0
2050000,鲜、冷、冻的马、驴、骡肉,132260,千克,0,?,670043.0
2062200,冻牛肝,2176,千克,0,?,20847.0
2062900,其他冻牛杂碎,6506717,千克,0,?,15584547.0
2064900,其他冻猪杂碎,81501704,千克,0,?,145631594.0
2069000,其他冻杂碎（牛、猪杂碎除外）,352258,千克,0,?,1113190.0
2071411,带骨的冻鸡块,2873895,千克,0,?,3790729.0
2071419,其他冻鸡块,27000,千克,0,?,64852.0
2071421,冻鸡翼（不包括翼尖）,27010429,千克,0,?,102377633.0
2071422,冻鸡爪,23142606,千克,0,?,79751586.0
2071429,其他冻鸡杂碎,5168067,千克,0,?,6639677.0
2072700,火鸡块及杂碎，冻的,266276,千克,0,?,1124940.0
2074500,冻的鸭块及杂碎,267019,千克,0,?,827889.0
2089090,其他鲜、冷、冻的肉及食用杂碎,149658,千克,0,?,1174120.0
2091000,未炼制或用其他方法提取的不带瘦肉的肥猪肉、猪脂肪，鲜、冷、冻、干、熏、盐腌或盐渍的,326978,千克,0,?,496508.0
2101110,干、熏、盐腌或盐渍带骨猪腿,114080,千克,0,?,1833339.0
2101900,其他干、熏、盐腌或盐渍猪肉,67328,千克,0,?,1602220.0
3011100,淡水观赏鱼,24242,千克,0,?,1490102.0
3011900,其他观赏鱼,5322,千克,0,?,634599.0
3019290,其他活鳗鱼，鱼苗除外,30762,千克,0,?,200905.0
3019993,其他活鲤科鱼,40000,千克,0,?,44185.0
3019999,其他活鱼,3192432,千克,0,?,14452201.0
3021100,鲜或冷的鳟鱼,6464,千克,0,?,61630.0
3021300,鲜或冷的大麻哈鱼,145554,千克,0,?,3076260.0
3021410,鲜或冷的大西洋鲑鱼,15172730,千克,0,?,157009574.0
3021900,其他鲜或冷的鲑科鱼,3299,千克,0,?,40369.0
3022100,鲜或冷的庸鲽鱼,633,千克,0,?,10129.0
3022200,鲜或冷的鲽鱼,346,千克,0,?,19612.0
3022300,鲜或冷的鳎鱼,62,千克,0,?,4333.0
3022900,其他鲜或冷的比目鱼,27349,千克,0,?,79043.0
3023400,鲜或冷的大眼金枪鱼,1002,千克,0,?,8262.0
3023510,鲜或冷的大西洋蓝鳍金枪鱼,136156,千克,0,?,3919098.0
3023600,鲜或冷的南方蓝鳍金枪鱼,6538,千克,0,?,81179.0
3024100,鲜或冷的鲱鱼,208320,千克,0,?,258380.0
3024500,鲜或冷的对称竹荚鱼、新西兰竹荚鱼及竹荚鱼,3513,千克,0,?,11122.0
3024910,鲜、冷银鲳(鲳属),322205,千克,0,?,1557464.0
3024990,鲜、冷印度鲭(羽鳃鲐属)、马鲛鱼(马鲛属)、?鱼(?属）、秋刀鱼、圆?(圆?属）、多春鱼(毛鳞鱼）、鲔鱼、狐鲣(狐鲣属）、枪鱼 、旗鱼、四鳍旗鱼(旗鱼科）,267900,千克,0,?,791947.0
3025100,鲜或冷的鳕鱼,213,千克,0,?,3291.0
3028200,鲜或冷的?鱼及鳐鱼,8354,千克,0,?,17175.0
3028910,鲜或冷的带鱼,100464,千克,0,?,387043.0
3028920,鲜或冷的黄鱼,158,千克,0,?,441.0
3028930,鲜或冷的鲳鱼(银鲳除外),290332,千克,0,?,1997086.0
3028940,鲜或冷的?,114,千克,0,?,522.0
3028990,其他鲜或冷的鱼,879337,千克,0,?,4458087.0
3031100,冻红大麻哈鱼,561959,千克,0,?,4889193.0
3031200,其他冻大麻哈鱼,3873584,千克,0,?,22762533.0
3031310,冻大西洋鲑鱼,353238,千克,0,?,2238230.0
3031400,冻鳟鱼,265188,千克,0,?,1974679.0
3032300,冻罗非鱼,10,千克,0,?,271.0
3032400,冻鲶鱼,5655804,千克,0,?,11108520.0
3032600,冻鳗鱼,1630,千克,0,?,3533.0
3033110,冻马舌鲽(格陵兰庸鲽鱼),2115275,千克,0,?,20378924.0
3033190,其他冻庸鲽鱼,75396,千克,0,?,1074343.0
3033300,冻鳎鱼,325716,千克,0,?,927267.0
3033900,其他冻比目鱼,9859284,千克,0,?,25618598.0
3034200,冻黄鳍金枪鱼,808732,千克,0,?,1508536.0
3034300,冻鲣,110000,千克,0,?,162377.0
3034600,冻南方蓝鳍金枪鱼,19873,千克,0,?,276280.0
3034900,其他冻金枪鱼,50000,千克,0,?,55165.0
3035100,冻鲱鱼,45932809,千克,0,?,34005609.0
3035300,冻的沙丁鱼、小沙丁鱼属、黍鲱或西鲱,1733413,千克,0,?,1525191.0
3035400,冻鲭鱼,1793891,千克,0,?,5467460.0
3035500,冻的对称竹荚鱼、新西兰竹荚鱼及竹荚鱼,996540,千克,0,?,1768121.0
3035910,冻银鲳(鲳属),141057,千克,0,?,772771.0
3035990,冻?鱼(?属）、冻印度鲭(羽鳃鲐属)、冻马鲛鱼(马鲛属)、冻?鱼(?属）、冻秋刀鱼、冻圆?(圆?属)、冻多春鱼(毛鳞鱼）、冻鲔鱼、冻狐鲣(狐鲣属）、冻枪鱼 、冻旗鱼、冻四鳍旗鱼(旗鱼科）,4164136,千克,0,?,10079916.0
3036300,冻鳕鱼,11492332,千克,0,?,96905430.0
3036400,冻黑线鳕鱼,5254082,千克,0,?,36392780.0
3036500,冻绿青鳕鱼,2184467,千克,0,?,13303478.0
3036600,冻狗鳕鱼,2292865,千克,0,?,5220719.0
3036700,冻阿拉斯加狭鳕鱼,39149232,千克,0,?,87875129.0
3036800,冻蓝鳕鱼,9728802,千克,0,?,10467381.0
3036900,其他冻的犀鳕科、多丝真鳕科、鳕科、长尾鳕科、黑鳕科、无须鳕科、深海鳕科及南极鳕科鱼,1037372,千克,0,?,3594215.0
3038100,冻角鲨及其他鲨鱼,27751,千克,0,?,53260.0
3038200,冻?鱼及鳐鱼,289909,千克,0,?,487871.0
3038300,冻南极犬牙鱼,556602,千克,0,?,18920841.0
3038910,冻带鱼,8182626,千克,0,?,18843583.0
3038920,冻黄鱼,387590,千克,0,?,606271.0
3038930,冻鲳鱼(银鲳除外),100660,千克,0,?,959626.0
3038990,未列名冻鱼,28286903,千克,0,?,80455315.0
3039100,冻的鱼肝、鱼卵及鱼精,878863,千克,0,?,10994286.0
3039200,冻鲨鱼翅,117619,千克,0,?,2060425.0
3039900,其他冻的可食用鱼杂碎,4067270,千克,0,?,14980619.0
3044100,鲜或冷的大麻哈鱼、大西洋鲑鱼及多瑙哲罗鱼鱼片,148355,千克,0,?,2167570.0
3044900,其他鲜或冷的鱼片,375,千克,0,?,7264.0
3046290,其他冻鲶鱼鱼片,6229420,千克,0,?,13071755.0
3047100,冻鳕鱼鱼片,241078,千克,0,?,2505297.0
3047200,冻黑线鳕鱼鱼片,22066,千克,0,?,124453.0
3047300,冻绿青鳕鱼鱼片,4068,千克,0,?,13221.0
3047500,冻阿拉斯加狭鳕鱼鱼片,1409221,千克,0,?,3264349.0
3048100,冻的大麻哈鱼、大西洋鲑鱼及多瑙哲罗鱼鱼片,179295,千克,0,?,2128289.0
3048700,冻金枪鱼（金枪鱼属）、鲣鱼片,132555,千克,0,?,3659273.0
3048900,其他冻鱼片,39710,千克,0,?,154216.0
3049200,冻南极犬牙鱼鱼肉,12439,千克,0,?,240276.0
3049300,冻的罗非鱼、鲶鱼、鳗鱼尼罗河鲈鱼及黑鱼鱼肉,1113000,千克,0,?,2338747.0
3049400,冻阿拉斯加狭鳕鱼鱼肉,3029731,千克,0,?,11695479.0
3049500,冻的犀鳕科、多丝真鳕科、鳕科、长尾鳕科、黑鳕科、无须鳕科、深海鳕科及南极鳕科鱼鱼肉，阿拉斯加狭鳕鱼的除外,723862,千克,0,?,3478044.0
3049900,其他冻鱼肉,3269899,千克,0,?,9285091.0
3052000,干、熏、盐腌或盐渍的鱼肝、鱼卵及鱼精,38065,千克,0,?,2056067.0
3053100,干、盐腌或盐渍的罗非鱼、鲶鱼、鲤科鱼、鳗鱼、尼罗河鲈鱼及黑鱼鱼片,3336,千克,0,?,8365.0
3053900,其他干、盐腌或盐渍的鱼片,52370,千克,0,?,82693.0
3055490,干的鲱鱼(大西洋鲱鱼、太平洋鲱鱼）、?鱼(?属）、沙丁鱼(沙丁鱼、沙瑙鱼属）、小沙丁鱼属、黍鲱或西鲱、鲭鱼［大西洋鲭、澳洲鲭(鲐）、日本鲭(鲐）］、印度鲭(羽鳃鲐属)、马鲛鱼(马鲛属)、对称竹荚鱼、新西兰竹荚鱼及竹荚鱼(竹荚鱼属）、?鱼(?属）、军曹鱼、秋刀鱼、圆?(圆?属)、多春鱼(毛鳞鱼）、剑鱼、鲔鱼、狐鲣(狐鲣属）、枪鱼 、旗鱼、四鳍旗鱼(旗鱼科）,100934,千克,0,?,137738.0
3055990,其他干鱼,7852358,千克,0,?,18734889.0
3056300,盐腌及盐渍的?鱼,126,千克,0,?,2165.0
3056990,未列名盐腌及盐渍的鱼,166338,千克,0,?,321499.0
3057100,鲨鱼翅,7982,千克,0,?,484081.0
3057200,鱼头、鱼尾、鱼鳔,367219,千克,0,?,11214241.0
3057900,其他鱼鳍及其他可食用杂碎,564043,千克,0,?,1177539.0
3061100,冻的岩礁虾和其他龙虾,419355,千克,0,?,8453451.0
3061200,冻螯龙虾,232880,千克,0,?,4176950.0
3061410,冻梭子蟹,39926,千克,0,?,115392.0
3061490,其他冻蟹,1250164,千克,0,?,19089951.0
3061500,冻挪威海螯虾,135819,千克,0,?,1585065.0
3061640,冻北方长额虾，虾仁除外,5279613,千克,0,?,49351500.0
3061690,其他冻冷水小虾及对虾，虾仁除外,59028,千克,0,?,1237477.0
3061730,其他冻小虾及对虾的虾仁,2195615,千克,0,?,20832348.0
3061790,其他冻小虾及对虾，虾仁除外,89626310,千克,0,?,414388318.0
3061990,其他冻甲壳动物,58695,千克,0,?,2701930.0
3063190,活、鲜或冷的岩礁虾和其他龙虾，种苗除外,2737816,千克,0,?,98909284.0
3063290,活、鲜或冷的螯龙虾，种苗除外,2168860,千克,0,?,46591244.0
3063392,活、鲜或冷的梭子蟹，种苗除外,56834,千克,0,?,427979.0
3063399,其他活、鲜或冷的蟹，种苗除外,9558270,千克,0,?,142382872.0
3063590,活、鲜或冷的冷水小虾及冷水对虾，种苗除外,813,千克,0,?,51787.0
3063610,其他小虾种苗及对虾种苗,962,千克,0,?,1106278.0
3063690,活、鲜或冷的其他小虾及对虾，种苗除外,411,千克,0,?,43202.0
3063990,未列名活、鲜或冷的甲壳动物（种苗除外）,135019,千克,0,?,6404472.0
3069590,本品目所列其他方法加工的其他小虾及对虾,883451,千克,0,?,2554043.0
3071190,活、鲜或冷的牡蛎，种苗除外,114108,千克,0,?,1270325.0
3072191,活、鲜、冷的扇贝（扇贝属、栉孔扇贝属、巨扇贝属），种苗除外,45675,千克,0,?,203305.0
3072210,冻的扇贝（扇贝属、栉孔扇贝属、巨扇贝属),1128413,千克,0,?,4426582.0
3072290,冻的其他扇贝科软体动物,15586,千克,0,?,33933.0
3073190,活、鲜或冷的贻贝，种苗除外,154502,千克,0,?,702326.0
3073200,冻贻贝,346578,千克,0,?,1792483.0
3074299,其他活、鲜或冷的墨鱼及鱿鱼,600,千克,0,?,3195.0
3074310,冻的墨鱼（乌贼属、巨粒僧头乌贼、耳乌贼属）及鱿鱼（柔鱼属、枪乌贼属、双柔鱼属、拟乌贼属）,13547909,千克,0,?,66202169.0
3074390,其他冻的墨鱼及鱿鱼,48680939,千克,0,?,113214442.0
3074910,干、盐腌、盐渍或熏制的墨鱼（乌贼属、巨粒僧头乌贼、耳乌贼属）及鱿鱼（柔鱼属、枪乌贼属、双柔鱼属、拟乌贼属）,1752104,千克,0,?,7157174.0
3074990,其他干、盐腌、盐渍或熏制的墨鱼及鱿鱼,37650,千克,0,?,224612.0
3075200,冻章鱼,896119,千克,0,?,4115903.0
3076090,活、鲜、冷、冻、干、盐腌、盐渍或熏制的蜗牛及螺（不包括海螺），种苗除外,16,千克,0,?,240.0
3077191,活、鲜或冷的蛤，种苗除外,388669,千克,0,?,724240.0
3077199,活、鲜或冷的鸟蛤及舟贝，种苗除外,111690,千克,0,?,148804.0
3077200,冻的蛤、鸟蛤及舟贝,547837,千克,0,?,5621391.0
3077900,干、盐腌、盐渍或熏制的蛤、鸟蛤及舟贝,8990,千克,0,?,37187.0
3078190,活、鲜或冷的鲍鱼，种苗除外,106523,千克,0,?,2429512.0
3078300,冻鲍鱼,2576,千克,0,?,253844.0
3078400,冻凤螺,76499,千克,0,?,188324.0
3078700,干、盐腌、盐渍或熏制的鲍鱼,1574,千克,0,?,387164.0
3079190,未列名活、鲜、冷的软体动物，种苗除外,886863,千克,0,?,13984720.0
3079200,未列名冻的软体动物,1548653,千克,0,?,10733951.0
3079900,未列名干、盐腌、盐渍或熏制的软体动物,34861,千克,0,?,68739.0
3081200,冻海参,16890,千克,0,?,59370.0
3081900,干、盐腌、盐渍或熏制的海参,1920,千克,0,?,65940.0
3082190,活、鲜或冷的海胆，种苗除外,5407,千克,0,?,31699.0
3082200,冻海胆,3348,千克,0,?,54246.0
3083090,冻、干、盐腌、盐渍或熏制的海蜇,1568372,千克,0,?,2306968.0
3089012,"活、鲜或冷的沙蚕, 种苗除外",456,千克,0,?,3022.0
3089019,"未列名活、鲜或冷的不属于甲壳动物及软体动物的水生无脊椎动物, 种苗除外",3192,千克,0,?,154796.0
3089090,其他冻、干、盐腌、盐渍或熏制的不属于甲壳动物及软体动物的水生无脊椎动物,1568,千克,0,?,16914.0
3091000,适合供人食用的鱼的细粉、粗粉及团粒,2595,千克,0,?,85822.0
3099000,适合供人食用的甲壳动物、软体动物和其他水生无脊椎动物的细粉、粗粉及团粒,688060,千克,0,?,2201792.0
4011000,"未浓缩及未加糖或其他甜物质的乳及稀奶油, 含脂量不超过1%",4439676,千克,0,?,3542312.0
4012000,"未浓缩及未加糖或其他甜物质的乳及稀奶油, 含脂量超过1%,但不超过6%",20999555,千克,0,?,22395478.0
4014000,"未浓缩及未加糖或其他甜物质的乳及稀奶油, 含脂量超过6％，但不超过10％",811,千克,0,?,2579.0
4015000,"未浓缩及未加糖或其他甜物质的乳及稀奶油, 含脂量超过10％",13292082,千克,0,?,49490612.0
4021000,粉状、粒状或其他固状乳及稀奶油，含脂量≤1.5％,7633199,千克,0,?,32076416.0
4022100,粉状、粒状或其他固状乳及稀奶油，含脂量＞1.5％，未加糖或其他甜物质,18137562,千克,0,?,87051748.0
4022900,粉状、粒状或其他固状乳及稀奶油，含脂量＞1.5％，加糖或其他甜物质,2462,千克,0,?,57557.0
4029100,非固状乳及稀奶油，未加糖或其他甜物质,1446441,千克,0,?,1474670.0
4029900,非固状乳及稀奶油，加糖或其他甜物质,473987,千克,0,?,1298670.0
4032010,酸乳，不论是否浓缩，除允许添加的添加剂外，仅可含糖或其他甜味物质、香料、水果、坚果、可可,1641568,千克,0,?,2984566.0
4032090,其他酸乳,3394,千克,0,?,21101.0
4039000,酪乳、结块的乳及稀奶油、酸乳酒及其他发酵或酸化的乳和稀奶油,121842,千克,0,?,696042.0
4041000,乳清及改性乳清，不论是否浓缩、加糖或其他甜物质,49892789,千克,0,?,81821211.0
4049000,未列名含天然乳产品，不论是否加糖或其他甜物质,1269922,千克,0,?,2154364.0
4051000,黄油,9241228,千克,0,?,64319809.0
4052000,乳酱,148,千克,0,?,6798.0
4059000,其他从乳中提取的脂和油,3453816,千克,0,?,23171005.0
4061000,鲜乳酪包括乳清乳酪；凝乳,8379866,千克,0,?,43658213.0
4062000,各种磨碎或粉化的乳酪,3279466,千克,0,?,17935233.0
4063000,经过加工的乳酪（但磨碎或粉化的除外）,1687651,千克,0,?,11397477.0
4064000,蓝纹乳酪和娄地青霉生产的带纹理的其他乳酪,1887,千克,0,?,28343.0
4069000,未列名的乳酪,3842180,千克,0,?,20377347.0
4090000,天然蜂蜜,183709,千克,0,?,3241033.0
4109010,燕窝,57710,千克,0,?,48212267.0
4109029,其他蜂产品,1105,千克,0,?,93968.0
5040011,盐渍猪肠衣（猪大肠头除外）,4660278,千克,0,?,11647953.0
5040019,其他动物肠衣,2119724,千克,0,?,3627160.0
5040021,冷、冻的鸡肫,143496,千克,0,?,333134.0
5040029,其他动物的胃,6132566,千克,0,?,26774719.0
5040090,其他动物肠及膀胱，整个或切块,134021,千克,0,?,308587.0
5051000,填充用羽毛；羽绒,2637993,千克,0,?,32797984.0
5059090,其他羽毛；带有羽毛或绒的鸟皮及鸟其他部分,159975,千克,0,?,1106725.0
5069090,其他未经加工或经脱脂、简单整理的骨及角柱,3947832,千克,0,?,1643153.0
5071000,兽牙；兽牙粉末及废料,5737,千克,0,?,842149.0
5079020,鹿茸及其粉末,3420,千克,0,?,73132.0
5079090,龟壳、鲸须、其他兽角、蹄、甲爪及喙；上述产品的粉末及废料,273913,千克,0,?,1516160.0
5080090,珊瑚及类似品；软体、甲壳或棘皮动物壳，墨鱼骨,3227363,千克,0,?,2493123.0
5100010,黄药,0,千克,0,?,20766.0
5111000,牛的精液,10,千克,20383,支,197683.0
5119111,受精鱼卵,230,千克,0,?,122829.0
5119119,其他鱼产品,375282,千克,0,?,324233.0
5119190,未列名甲壳动物、软体动物及其他水生无脊椎动物的产品；第3章的死动物,254286,千克,0,?,1089279.0
5119910,动物精液（牛的精液除外）,1488,千克,0,?,474211.0
5119920,动物胚胎,49478,千克,0,?,238207.0
5119940,马毛及废马毛，不论是否制成有或无衬垫的毛片,97469,千克,0,?,66783.0
5119990,其他品目未列名动物产品；不适合供人食用的第1章的死动物,973,千克,0,?,345960.0
6011010,番红花球茎,264550,个,3000,千克,23875.0
6011021,种用百合球茎,41622325,个,4267091,千克,15927982.0
6011091,种用休眠的鳞茎、块茎、块根、球茎、根颈及根茎,7795425,个,384506,千克,3107384.0
6021000,无根插枝及接穗植物,1410401,株,102635,千克,364797.0
6022010,食用水果或坚果种用苗木,6400,株,9807,千克,77119.0
6029010,蘑菇菌丝,180032,千克,0,?,371219.0
6029091,其他种用苗木,29075832,株,88409,千克,2704345.0
6029092,兰花，种用除外,57739,株,20279,千克,64427.0
6029099,未列名活植物,436257,株,183892,千克,382352.0
6031100,鲜的制花束或装饰用的玫瑰插花及花蕾,8448,千克,110475,枝,95843.0
6031200,鲜的制花束或装饰用的康乃馨插花及花蕾,79,千克,1700,枝,1083.0
6031300,鲜的制花束或装饰用的兰花插花及花蕾,358609,千克,16735350,枝,966372.0
6031400,鲜的制花束或装饰用的菊花插花及花蕾,9896,千克,99490,枝,52593.0
6031500,鲜的制花束或装饰用的百合花(百合属)插花及花蕾,84,千克,1440,枝,3762.0
6031900,其他鲜的制花束或装饰用的插花及花蕾,141288,千克,3207606,枝,2639140.0
6039000,制花束或装饰用的插花及花蕾（鲜的除外）,42781,千克,3024009,枝,675120.0
6042090,鲜的制花束或装饰用的不带花及花蕾的植物枝、叶或其他部分、草,17184,千克,0,?,193581.0
6049010,其他苔藓及地衣,8802,千克,0,?,81102.0
6049090,未列名制花束或装饰用的不带花及花蕾的植物枝、叶或其他部分、草,25794,千克,0,?,149966.0
7031010,鲜或冷藏的洋葱,34000,千克,0,?,14022.0
7096000,鲜或冷藏的辣椒属及多香果属的果实,2400,千克,0,?,11746.0
7102100,冷冻豌豆,2338592,千克,0,?,2902222.0
7103000,冷冻菠菜,630,千克,0,?,1684.0
7104000,冷冻甜玉米,23950,千克,0,?,41318.0
7108090,冷冻未列名蔬菜,120320,千克,0,?,129768.0
7114000,暂时保藏的黄瓜及小黄瓜,44120,千克,0,?,20609.0
7119031,盐水竹笋,14732,千克,0,?,90000.0
7119039,盐水的其他蔬菜及什锦蔬菜,156100,千克,0,?,156245.0
7122000,干洋葱,50,千克,0,?,591.0
7123999,未列名干蘑菇及块菌,2040,千克,0,?,15240.0
7129050,干大蒜,126576,千克,0,?,450539.0
7129099,未列名干蔬菜及什锦蔬菜,15448,千克,0,?,72186.0
7131010,种用豌豆,83656,千克,0,?,181502.0
7131090,其他干豌豆,234957006,千克,0,?,73469656.0
7132010,种用鹰嘴豆,2,千克,0,?,49.0
7132090,其他干鹰嘴豆,2123331,千克,0,?,1552324.0
7133190,其他干绿豆,98852414,千克,0,?,102393942.0
7133290,其他红小豆（赤豆），脱荚的，干的,599525,千克,0,?,536738.0
7133390,其他干芸豆,3690696,千克,0,?,2358406.0
7133500,干牛豆(豇豆),2154750,千克,0,?,1778808.0
7134090,其他干扁豆,10952120,千克,0,?,3410389.0
7139090,其他脱荚干豆，种用除外,10758982,千克,0,?,9237809.0
7141020,木薯干,115192793,千克,0,?,29638935.0
7142019,其他鲜甘薯,26766,千克,0,?,11778.0
8011100,干椰子,1383584,千克,0,?,2493499.0
8011200,未去内壳（内果皮）的椰子,107397575,千克,0,?,48806440.0
8011990,其他椰子,41995,千克,0,?,13677.0
8012100,未去壳巴西果,252000,千克,0,?,1208913.0
8012200,去壳巴西果,41600,千克,0,?,422879.0
8013100,未去壳腰果,2656124,千克,0,?,3370768.0
8013200,去壳腰果,2822696,千克,0,?,17643749.0
8021100,未去壳扁桃核,4210721,千克,0,?,22013194.0
8021200,去壳扁桃核,3564620,千克,0,?,26384430.0
8022100,未去壳榛子,22000,千克,0,?,84700.0
8022200,去壳榛子,766014,千克,0,?,16594622.0
8023100,未去壳核桃,256800,千克,0,?,465702.0
8023200,去壳核桃,15717,千克,0,?,88384.0
8025100,未去壳阿月浑子果(开心果),2469500,千克,0,?,20596246.0
8025200,去壳阿月浑子果(开心果),73263,千克,0,?,1261507.0
8026190,其他未去壳马卡达姆坚果(夏威夷果),9045806,千克,0,?,30156206.0
8026200,去壳马卡达姆坚果(夏威夷果),338635,千克,0,?,2745433.0
8028000,槟榔果,293861,千克,0,?,216074.0
8029990,未列名鲜或干的坚果,7794182,千克,0,?,40508702.0
8039000,鲜或干的香蕉，芭蕉除外,151661760,千克,0,?,84191536.0
8041000,鲜或干的椰枣,46000,千克,0,?,50600.0
8042000,鲜或干的无花果,850243,千克,0,?,2843462.0
8043000,鲜或干的菠萝,20680795,千克,0,?,21230964.0
8044000,鲜或干的鳄梨,5762215,千克,0,?,10606690.0
8045020,鲜或干的芒果,86442,千克,0,?,502948.0
8045030,鲜或干的山竹果,24032794,千克,0,?,50936592.0
8051000,鲜或干的橙,21248579,千克,0,?,24088362.0
8052190,其他柑橘（包括小蜜橘及萨摩蜜柑橘）,10476318,千克,0,?,17104921.0
8052900,韦尔金橘及类似的杂交柑橘,1371040,千克,0,?,2010417.0
8054000,葡萄柚及柚,19079991,千克,0,?,18449766.0
8055000,柠檬及酸橙,9176081,千克,0,?,11519828.0
8061000,鲜葡萄,1392,千克,0,?,15215.0
8062000,葡萄干,526912,千克,0,?,1338532.0
8071100,鲜西瓜,64020,千克,0,?,14224.0
8072000,鲜番木瓜,102744,千克,0,?,110716.0
8081000,鲜苹果,11478275,千克,0,?,23016607.0
8083090,其他鲜梨,312278,千克,0,?,529640.0
8092900,其他鲜樱桃,860178,千克,0,?,7375613.0
8094000,鲜李及黑刺李,63081,千克,0,?,283807.0
8104000,鲜蔓越橘及越橘及其他越橘属植物的果实,2759152,千克,0,?,26838231.0
8105000,鲜猕猴桃,26578160,千克,0,?,111459211.0
8106000,鲜榴莲,336859952,千克,0,?,1159209714.0
8109030,鲜龙眼,8541182,千克,0,?,12314307.0
8109040,鲜红毛丹,499688,千克,0,?,674702.0
8109050,鲜番荔枝,4780,千克,0,?,15821.0
8109070,鲜莲雾,15704,千克,0,?,133286.0
8109080,鲜火龙果,11751575,千克,0,?,8851307.0
8109090,未列名鲜果,14637285,千克,0,?,16771882.0
8111000,冷冻草莓,17079005,千克,0,?,23995554.0
8112000,冷冻木莓、黑莓、桑椹、罗甘莓、穗醋栗（加仑子）及醋栗,100800,千克,0,?,282240.0
8119090,未列名冷冻水果及坚果,52416325,千克,0,?,299520572.0
8131000,杏干,78786,千克,0,?,92262.0
8132000,梅干及李干,2944258,千克,0,?,8968566.0
8134010,龙眼干、肉,24675616,千克,0,?,51610582.0
8134040,荔枝干,22608,千克,0,?,45952.0
8134090,未列名干果,915943,千克,0,?,1334328.0
8140000,柑桔属水果或甜瓜（包括西瓜）的果皮，鲜、冻、干或用盐水、亚硫酸水或其他防腐液暂时保藏的,43440,千克,0,?,25585.0
9011100,未焙炒未浸除咖啡碱的咖啡,13337093,千克,0,?,88572892.0
9011200,未焙炒已浸除咖啡碱的咖啡,252,千克,0,?,8202.0
9012100,已焙炒未浸除咖啡碱的咖啡,427323,千克,0,?,7531176.0
9012200,已焙炒已浸除咖啡碱的咖啡,14680,千克,0,?,330340.0
9021011,茉莉花茶，内包装每件净重≤3千克,233,千克,0,?,22346.0
9021020,白茶，内包装每件净重≤3千克,68,千克,0,?,261.0
9021090,其他绿茶(未发酵)，内包装每件净重≤3kg,23740,千克,0,?,281128.0
9022090,其他绿茶（未发酵），内包装每件净重＞3kg,640877,千克,0,?,1096610.0
9023010,乌龙茶，内包装每件净重≤3kg,23161,千克,0,?,670790.0
9023031,普洱茶（熟茶），内包装每件净重不超过3千克,2,千克,0,?,57.0
9023090,红茶及其他部分发酵茶（乌龙茶及黑茶除外），内包装每件净重≤3kg,106740,千克,0,?,1008524.0
9024010,乌龙茶，内包装每件净重＞3kg,117224,千克,0,?,697457.0
9024090,红茶及其他部分发酵茶（乌龙茶及黑茶除外），内包装每件净重＞3kg,4069143,千克,0,?,9935335.0
9030000,马黛茶,6150,千克,0,?,22669.0
9041100,未磨胡椒,513850,千克,0,?,3564111.0
9041200,已磨胡椒,53414,千克,0,?,360775.0
9042100,未磨的辣椒干,1078061,千克,0,?,2471331.0
9042200,已磨的辣椒,47758,千克,0,?,162847.0
9051000,未磨的香子兰豆,22546,千克,0,?,676735.0
9052000,已磨的香子兰豆,601,千克,0,?,18114.0
9061100,未磨的锡兰肉桂,518,千克,0,?,15743.0
9061900,其他未磨的肉桂及肉桂花,29860,千克,0,?,102105.0
9062000,已磨的肉桂及肉桂花,1,千克,0,?,20.0
9071000,未磨的丁香（母丁香、公丁香及丁香梗）,143035,千克,0,?,230319.0
9081100,未磨的肉豆蔻,725100,千克,0,?,4000845.0
9083100,未磨的豆蔻,806050,千克,0,?,3548728.0
9092100,未磨的芫荽子,79855,千克,0,?,157189.0
9092200,已磨的芫荽子,2310,千克,0,?,8751.0
9093100,未磨的枯茗子,13896,千克,0,?,31961.0
9096190,未磨的茴芹子、黄蒿子或小茴香子、杜松果,1391775,千克,0,?,1452532.0
9102000,番红花,1620,千克,0,?,1566382.0
9103000,姜黄,1305845,千克,0,?,1600957.0
9109100,不同品目的≥两种调味香料的混合物,33320,千克,0,?,283848.0
9109990,未列名调味香料,851255,千克,0,?,2229327.0
10011900,其他硬粒小麦,44389262,千克,0,?,14186781.0
10019900,其他小麦及混合麦，种用除外,206198174,千克,0,?,67040603.0
10039000,其他大麦,1212652978,千克,0,?,344592480.0
10041000,种用燕麦,1000,千克,0,?,700.0
10049000,其他燕麦,104557512,千克,0,?,28178294.0
10051000,种用玉米,19,千克,0,?,1039.0
10059000,玉米，种用除外,320164714,千克,0,?,85628877.0
10061021,种用长粒米稻谷（粒长＞6毫米或长宽比≥2）,0,千克,0,?,105.0
10062020,长粒米糙米（粒长＞6毫米或长宽比≥2）,661200,千克,0,?,422525.0
10063020,长粒米精米（粒长＞6毫米或长宽比≥2）,37495400,千克,0,?,21634079.0
10063080,中短粒米精米（粒长≤6毫米且长宽比＜2）,3144000,千克,0,?,1201379.0
10064020,长粒米碎米（用粒长大于6毫米或长宽比大于等于2的米制）,129641700,千克,0,?,46329578.0
10064080,中短粒米碎米（用粒长小于等于6毫米且长宽比小于2的米制）,5539450,千克,0,?,1687443.0
10071000,种用食用高粱,6,千克,0,?,147.0
10079000,其他食用高粱,616853290,千克,0,?,177244366.0
10081000,荞麦,14134810,千克,0,?,4954435.0
10083000,加那利草子,1846180,千克,0,?,829993.0
10085010,种用昆诺阿藜,1,千克,0,?,402.0
10085090,其他昆诺阿藜,380920,千克,0,?,1250037.0
11010000,小麦或混合麦的细粉,6209843,千克,0,?,3342806.0
11022000,玉米细粉,550263,千克,0,?,409056.0
11029021,长粒米大米细粉（用粒长大于6毫米或长宽比大于等于2的米制）,245000,千克,0,?,196108.0
11029029,中短粒米大米细粉（用粒长小于等于6毫米且长宽比小于2的米制）,1188200,千克,0,?,1300741.0
11041200,滚压或制片的燕麦,117210,千克,0,?,55138.0
11042200,经其他加工的燕麦,104100,千克,0,?,75820.0
11042990,经其他加工的未列名谷物,24121600,千克,0,?,20018767.0
11051000,马铃薯细粉及粗粉、粉末,79950,千克,0,?,149332.0
11052000,马铃薯粉片、颗粒及团粒,471680,千克,0,?,885933.0
11061000,品目0713干豆制细粉及粗粉及粉末,805830,千克,0,?,586012.0
11062000,品目0714西谷茎髓及植物根茎、块茎制的粉及粉末,544000,千克,0,?,190518.0
11063000,第8章产品制细粉及粗粉、粉末,224324,千克,0,?,1018292.0
11071000,未焙制的麦芽,191710,千克,0,?,138455.0
11072000,已焙制的麦芽,193795,千克,0,?,201520.0
11081200,玉米淀粉,919736,千克,0,?,692936.0
11081300,马铃薯淀粉,2191520,千克,0,?,2097811.0
11081400,木薯淀粉,128810489,千克,0,?,75513775.0
11081900,未列名淀粉,1998437,千克,0,?,1054458.0
11082000,菊粉,284575,千克,0,?,870256.0
11090000,面筋，不论是否干制,74950,千克,0,?,125916.0
12011000,种用大豆,294,千克,0,?,5646.0
12019011,非转基因黄大豆,136268686,千克,0,?,72899155.0
12019019,转基因黄大豆,12005160485,千克,0,?,5775384239.0
12024100,其他未去壳花生，种用除外,13238773,千克,0,?,8006176.0
12024200,其他去壳花生，不论是否破碎,22514799,千克,0,?,20367868.0
12030000,干椰子肉,137106,千克,0,?,34336.0
12040000,亚麻子，不论是否破碎,96361254,千克,0,?,50726674.0
12051010,种用低芥子酸油菜子,2,千克,0,?,540.0
12051090,其他低芥子酸油菜子,406949357,千克,0,?,250472575.0
12059090,未列名油菜子,4110852,千克,0,?,2615179.0
12060010,种用葵花子,773,千克,0,?,223752.0
12060090,其他葵花子,2262360,千克,0,?,1544290.0
12073090,其他蓖麻子,2168000,千克,0,?,1633365.0
12074090,其他芝麻,108165617,千克,0,?,139913534.0
12075010,种用芥子,55520,千克,0,?,85906.0
12075090,其他芥子,284910,千克,0,?,181410.0
12076090,其他红花子,6468740,千克,0,?,2012167.0
12077010,种用甜瓜子,2155,千克,0,?,1276325.0
12079910,其他种用含油子仁及果实,1,千克,0,?,869.0
12079999,未列名含油子仁及果实,634000,千克,0,?,1242765.0
12081000,大豆粉,217056,千克,0,?,115784.0
12089000,其他含油子仁或果实细粉及粗粉，芥子粉除外,111,千克,0,?,1821.0
12092100,紫苜蓿子,115000,千克,0,?,514550.0
12092200,三叶草子,67625,千克,0,?,201785.0
12092300,羊茅子,422707,千克,0,?,656158.0
12092400,草地早熟禾子,77978,千克,0,?,170239.0
12092500,黑麦草种子,4651977,千克,0,?,7517456.0
12093000,草本花卉植物种子,3252,千克,0,?,1632064.0
12099110,胡萝卜种子,21503,千克,0,?,6693388.0
12099120,西兰花种子,645,千克,0,?,935250.0
12099130,番茄种子,446,千克,0,?,3605547.0
12099140,洋葱种子,5420,千克,0,?,1474445.0
12099150,菠菜种子,107294,千克,0,?,1950808.0
12099190,其他蔬菜种子,310451,千克,0,?,12700634.0
12099900,其他种植用种子、果实及孢子,95481,千克,0,?,595522.0
12102000,啤酒花，经研磨或制成团粒；蛇麻腺,443158,千克,0,?,4937707.0
12112011,鲜或干的西洋参,261423,千克,0,?,6159681.0
12112092,其他干人参,5512,千克,0,?,2052299.0
12119029,茯苓,28680,千克,0,?,42574.0
12119032,胖大海,99004,千克,0,?,1699085.0
12119036,甘草,291205,千克,0,?,221175.0
12119039,未列名主要用作药料的植物及其某部分,4878823,千克,0,?,13279236.0
12119050,主要用作香料的植物及其某部分,1509713,千克,0,?,1814203.0
12119091,鱼藤根、除虫菊,2476,千克,0,?,2476.0
12119099,主要用作杀虫、杀菌等用途的植物及其某部分,256877,千克,0,?,345975.0
12122141,干紫菜,238575,千克,0,?,4683738.0
12122161,干麒麟菜,10411049,千克,0,?,18987444.0
12122171,干江蓠,5186940,千克,0,?,2791432.0
12122190,未列名适合供人食用的海草及其他藻类,6440,千克,0,?,16794.0
12122910,马尾藻,3720383,千克,0,?,1126925.0
12122990,其他不适合供人食用的海草及其他藻类,7719937,千克,0,?,10013917.0
12129300,甘蔗,154740,千克,0,?,11008.0
12129993,白瓜子,65000,千克,0,?,219850.0
12129999,未列名食用植物产品,4582418,千克,0,?,25684164.0
12130000,未经处理的谷类植物的茎、杆及谷壳,2601903,千克,0,?,612692.0
12141000,紫苜蓿粗粉及团粒,1566250,千克,0,?,372227.0
12149000,其他草饲料,84528901,千克,0,?,31217778.0
13012000,阿拉伯胶,409904,千克,0,?,1840550.0
13019010,胶黄耆树胶（卡喇杆胶）,1,千克,0,?,64.0
13019020,乳香、没药及血竭,740470,千克,0,?,3450037.0
13019040,松脂,1595752,千克,0,?,1533811.0
13019090,未列名树胶、树脂,306358,千克,0,?,1568112.0
13021200,甘草液汁及浸膏,180043,千克,0,?,882558.0
13021910,生漆,24800,千克,0,?,124000.0
13021990,其他植物液汁及浸膏,562932,千克,0,?,5870985.0
13022000,果胶、果胶酸盐及果胶酸酯,311223,千克,0,?,3213423.0
13023100,琼脂,81723,千克,0,?,764971.0
13023200,从刺槐豆、刺槐豆子或瓜尔豆制得的胶液及增稠剂，不论是否改性,2046906,千克,0,?,5726152.0
13023911,卡拉胶,390830,千克,0,?,4573966.0
13023919,未列名海草及藻类产品制得的胶液及增稠剂,200,千克,0,?,10400.0
13023990,其他植物产品制得的胶液及增稠剂,275383,千克,0,?,404421.0
14011000,竹,2232993,千克,0,?,131024.0
14012000,藤,552310,千克,0,?,543852.0
14019090,未列名主要作编结用的植物材料,311996,千克,0,?,154422.0
14042000,棉短绒,3634524,千克,0,?,1451444.0
14049010,主要供染料、鞣料用的植物原料,2329775,千克,0,?,3992118.0
14049090,未列名植物产品,30775665,千克,0,?,9950415.0
15021000,牛、羊油脂,209300,千克,0,?,195556.0
15029000,其他牛、羊脂肪,5984389,千克,0,?,17933630.0
15041000,鱼肝油及其分离品,2009,千克,0,?,137911.0
15042000,除鱼肝油以外的鱼油、脂及其分离品,5153553,千克,0,?,29318480.0
15060000,其他动物油、脂及其分离品，不论是否精制，但未经化学改性,31770,千克,0,?,4974609.0
15071000,初榨的豆油,3658429,千克,0,?,3902508.0
15079000,其他豆油及其分离品,1065346,千克,0,?,1341649.0
15081000,初榨的花生油,27031649,千克,0,?,42849041.0
15089000,其他花生油及其分离品,26048,千克,0,?,73770.0
15092000,特级初榨油橄榄油,2458319,千克,0,?,14174859.0
15093000,初榨油橄榄油，游离酸度（以油酸计）不超过2.0克/100克,22,千克,0,?,1410.0
15094000,其他初榨油橄榄油,55,千克,0,?,1614.0
15099000,其他油橄榄油及其分离品,1761490,千克,0,?,7379975.0
15109000,其他橄榄油及其分离品，不论是否精制，但未经化学改性，包括掺有品目15.09的油或分离品的混合物,347869,千克,0,?,944099.0
15119010,棕榈液油（熔点19℃-24℃）,177449429,千克,0,?,207896749.0
15119020,棕榈硬脂（熔点44℃-56℃）,45859556,千克,0,?,51886053.0
15119090,其他棕榈油及其分离品,9274174,千克,0,?,10784960.0
15121100,初榨的葵花油或红花油,49365419,千克,0,?,73368577.0
15121900,其他葵花油或红花油及其分离品,588534,千克,0,?,1075936.0
15131100,初榨的椰子油,1548853,千克,0,?,2243794.0
15131900,其他椰子油及其分离品,15844778,千克,0,?,30815870.0
15132100,初榨的棕榈仁油或巴巴苏棕榈果油,420000,千克,0,?,909720.0
15132900,其他棕榈仁油或巴巴苏棕榈果油及其分离品,60312292,千克,0,?,118848989.0
15141100,初榨的低芥子酸菜子油,109019374,千克,0,?,133771252.0
15141900,其他低芥子酸菜子油及其分离品,319276,千克,0,?,759101.0
15149110,初榨的菜子油,43700,千克,0,?,65385.0
15149900,其他菜子油或芥子油及其分离品,1,千克,0,?,17.0
15151100,初榨的亚麻子油,1975201,千克,0,?,2100254.0
15151900,其他亚麻子油及其分离品,6805,千克,0,?,82841.0
15152900,其他玉米油及其分离品,871,千克,0,?,2780.0
15153000,蓖麻油及其分离品,22797283,千克,0,?,34094635.0
15155000,芝麻油及其分离品,7995,千克,0,?,56784.0
15156000,微生物油、脂及其分离品,36397,千克,0,?,6993319.0
15159010,希蒙得木油（霍霍巴油）及其分离品,49308,千克,0,?,251718.0
15159090,未列名固定植物油、脂及其分离品,1389287,千克,0,?,7576894.0
15161000,"全部或部分氢化,相互酯化，再酯化或反油酸化的动物油、脂及其分离品",36015,千克,0,?,2873371.0
15162000,氢化酯化或反油酸化的植物油、脂及其分离品,158834241,千克,0,?,193955393.0
15171000,人造黄油，液态的除外,3107188,千克,0,?,3281301.0
15179010,起酥油,160889280,千克,0,?,176767152.0
15179090,其他本章动植物或微生物油、脂及其分离品混合制成的食用油、脂或制品（品目15.16的产品除外）,1742087,千克,0,?,10449211.0
15180000,化学改性动植物或微生物油脂等，但品目1516的产品除外；混合制非食用油脂等,17007784,千克,0,?,21412947.0
15200000,粗甘油；甘油水及甘油碱液,127689157,千克,0,?,99388925.0
15211000,植物蜡,395452,千克,0,?,2475325.0
15219010,蜂蜡,15472,千克,0,?,179155.0
16010010,用天然肠衣做外包装的肉、食用杂碎、动物血或昆虫制成的香肠及类似产品,1484,千克,0,?,29703.0
16010020,其他肉、食用杂碎、动物血或昆虫制成的香肠及类似产品,18843,千克,0,?,195457.0
16023100,制作或保藏的火鸡,20808,千克,0,?,43697.0
16023299,其他制作或保藏的鸡肉及食用杂碎,7595163,千克,0,?,21747798.0
16024910,猪肉及杂碎罐头,32842,千克,0,?,160519.0
16024990,未列名制作或保藏的猪肉及杂碎,12551,千克,0,?,56394.0
16025090,未列名制作或保藏的牛肉及杂碎,126828,千克,0,?,873726.0
16029090,未列名制作或保藏的肉、食用杂碎、动物血或昆虫,924100,千克,0,?,3401851.0
16030000,肉、鱼、甲壳动物、软体动物或水生无脊椎动物的精及汁,10,千克,0,?,1418.0
16041110,制作或保藏的大西洋鲑鱼，整条或切块,14862,千克,0,?,282760.0
16041190,制作或保藏的其他鲑鱼，整条或切块,11507,千克,0,?,107738.0
16041300,"制作或保藏的沙丁鱼、小沙丁鱼属、黍鲱或西鲱, 整条或切块",6679,千克,0,?,75881.0
16041400,制作或保藏的金枪鱼、鲣及狐鲣（狐鲣属），整条或切块,243948,千克,0,?,1571814.0
16041500,制作或保藏的鲭鱼，整条或切块,1587,千克,0,?,29228.0
16041600,制作或保藏的?鱼，整条或切块,29,千克,0,?,1749.0
16041990,未列名制作或保藏的鱼，整条或切块,369896,千克,0,?,672418.0
16042019,其他绞碎制作或保藏的鱼罐头,79143,千克,0,?,827891.0
16042099,其他绞碎制作或保藏的鱼,874909,千克,0,?,4533552.0
16043200,鲟鱼子酱代用品,8807,千克,0,?,333704.0
16052100,非密封包装制作或保藏的小虾及对虾,60785,千克,0,?,350485.0
16052900,其他制作或保藏的小虾及对虾,305754,千克,0,?,3319057.0
16053000,制作或保藏的龙虾,982,千克,0,?,134653.0
16055300,制作或保藏的贻贝,71953,千克,0,?,299822.0
16055400,制作或保藏的墨鱼及鱿鱼,5422508,千克,0,?,19094334.0
16055500,制作或保藏的章鱼,26792,千克,0,?,220131.0
16055700,制作或保藏的鲍鱼,105,千克,0,?,64010.0
16055900,其他制作或保藏的软体动物,245434,千克,0,?,945045.0
16056100,制作或保藏的海参,315131,千克,0,?,6756773.0
17011200,甜菜原糖，未加香料或着色剂,6,千克,0,?,396.0
17011400,"其他甘蔗糖, 未加香料或着色剂",627508207,千克,0,?,231217255.0
17019910,砂糖,24296256,千克,0,?,12061265.0
17019990,未列名精制糖；化学纯蔗糖,503241,千克,0,?,244517.0
17021100,无水乳糖，重量计干燥状态的乳糖含量≥99％,9147872,千克,0,?,17005284.0
17021900,其他乳糖及乳糖浆,432,千克,0,?,3465.0
17022000,槭糖及槭糖浆,30211,千克,0,?,286554.0
17023000,葡萄糖及葡萄糖浆，果糖＜20％,389432,千克,0,?,579212.0
17024000,葡萄糖及糖浆，20％≤果糖＜50％，转化糖除外,501,千克,0,?,2731.0
17025000,化学纯果糖,987275,千克,0,?,746992.0
17026000,果糖及果糖浆，果糖＞50％，转化糖除外,920489,千克,0,?,851217.0
17029011,甘蔗糖或甜菜糖水溶液,24230320,千克,0,?,9870903.0
17029012,甘蔗糖、甜菜糖与其他糖的简单固体混合物，蔗糖含量超过50%,1754950,千克,0,?,999208.0
17029090,"其他固体糖及未加香料或着色剂的糖浆,人造蜜及焦糖",1248062,千克,0,?,2139134.0
17041000,口香糖，不论是否裹糖,18101,千克,0,?,180273.0
17049000,不含可可的糖食（口香糖除外）,4123542,千克,0,?,26355524.0
18010000,整颗或破碎的可可豆，生的或焙炒的,1485267,千克,0,?,5633373.0
18020000,可可荚、壳、皮及废料,464194,千克,0,?,63379.0
18031000,未脱脂可可膏,2693991,千克,0,?,23758356.0
18032000,全脱脂或部分脱脂可可膏,163194,千克,0,?,336647.0
18040000,可可脂、可可油,2382340,千克,0,?,19394719.0
18050000,未加糖或其他甜物质的可可粉,6925686,千克,0,?,29296289.0
18061000,含糖或其他甜物质的可可粉,1992362,千克,0,?,1410836.0
18062000,其他重量＞2kg的块状或条状含可可食品；容器包装或内包装每件净重＞2kg的散装形状的含可可食品,952536,千克,0,?,7897660.0
18063100,块状或条状含可可的夹心食品，重量≤2kg,577513,千克,0,?,4257947.0
18063200,块状或条状含可可的非夹心食品，重量≤2kg,842186,千克,0,?,10820304.0
18069000,未列名含可可的食品,2569038,千克,0,?,28600596.0
19011010,"供婴幼儿食用的零售包装配方奶粉,全脱脂可可含量低于5%的乳品制",17622373,千克,0,?,386126072.0
19011090,"其他供婴幼儿食用的零售包装食品,全脱脂可可含量＜40%的粉、淀粉或麦精制，或全脱脂可可含量＜5%的乳品制",81632,千克,0,?,1121549.0
19012000,供焙烘1905所列面包糕饼用的调制品及面团，全脱脂可可含量＜40%的粉、淀粉或麦精制，或全脱脂可可含量＜5%的乳制品,3366200,千克,0,?,8064360.0
19019000,麦精；未列名的食品，全脱脂可可含量＜40%的粉、淀粉或麦精制，或全脱脂可可含量＜5%的乳制品,3395683,千克,0,?,38238054.0
19021100,含蛋生面食，未包馅或未经其他方法制作,16558,千克,0,?,54553.0
19021900,其他生面食，未包馅或未经其他方法制作,4718388,千克,0,?,5094533.0
19022000,包馅面食，不论是否烹煮或经其他方法制作,224342,千克,0,?,5396855.0
19023010,米粉干,304082,千克,0,?,410077.0
19023020,粉丝,15835,千克,0,?,102794.0
19023030,即食或快熟面条,14636915,千克,0,?,47788030.0
19023090,未列名面食,440541,千克,0,?,1386233.0
19024000,古斯古斯面食,3600,千克,0,?,5772.0
19030000,珍粉及淀粉制成的珍粉代用品，片、粒、珠、粉或类似形状的,577778,千克,0,?,613498.0
19041000,谷物或谷物产品经膨化或烘炒所得的食品,2041939,千克,0,?,8377697.0
19042000,未烘炒谷物片或其与烘炒或膨化谷物制成食品,2982045,千克,0,?,2358142.0
19043000,碾碎的干小麦,5,千克,0,?,95.0
19049000,其他预煮或经其他方法制作谷物（玉米除外）、谷物片或经其他加工的谷物,1545095,千克,0,?,1139193.0
19051000,黑麦脆面包片,318,千克,0,?,1975.0
19053100,甜饼干,3951604,千克,0,?,20644280.0
19053200,华夫饼干及圣餐饼,3867725,千克,0,?,14005415.0
19054000,面包干、吐司及类似的烤面包,155392,千克,0,?,591667.0
19059000,未列名面包、糕点、饼干及其他焙烘糕饼；装药空囊、封缄、糯米纸及类似品,6960363,千克,0,?,167492928.0
20011000,用醋或醋酸制作或保藏的黄瓜及小黄瓜,427316,千克,0,?,722494.0
20019010,用醋或醋酸制作或保藏的大蒜,10903,千克,0,?,16135.0
20019090,其他用醋制作蔬菜、果品及植物其他食用部分,128689,千克,0,?,291279.0
20021010,番茄罐头,511445,千克,0,?,605743.0
20021090,其他非醋方法制作或保藏的整个或切片番茄,373,千克,0,?,2851.0
20029011,番茄酱罐头重量≤5kg,277933,千克,0,?,578714.0
20029019,番茄酱罐头重量＞5kg,480580,千克,0,?,353226.0
20029090,其他非醋方法制作或保藏的绞碎番茄,21000,千克,0,?,22021.0
20031090,其他制作或保藏的伞菌属蘑菇,9336,千克,0,?,19292.0
20039090,其他制作或保藏的蘑菇及块菌,39528,千克,0,?,125083.0
20041000,非醋方法制作或保藏的冷冻马铃薯,973639,千克,0,?,1471979.0
20049000,非醋方法制作或保藏的冷冻蔬菜及什锦蔬菜,11200,千克,0,?,31885.0
20051000,均化蔬菜,17,千克,0,?,284.0
20052000,非醋方法制作或保藏的未冷冻马铃薯,304193,千克,0,?,2903337.0
20054000,非醋方法制作或保藏的未冷冻冻豌豆,1277,千克,0,?,3840.0
20055119,其他脱荚豇豆及菜豆罐头,14188,千克,0,?,24282.0
20055199,其他制作或保藏的未冷冻脱荚豇豆及菜豆,1625,千克,0,?,7010.0
20055910,未脱荚豇豆及菜豆罐头,39264,千克,0,?,37522.0
20057000,非醋方法制作或保藏的油橄榄,60566,千克,0,?,201665.0
20058000,非醋方法制作或保藏的甜玉米,256899,千克,0,?,273284.0
20059110,竹笋罐头,840,千克,0,?,4605.0
20059190,其他制作或保藏的未冷冻竹笋,5402,千克,0,?,134460.0
20059991,其他非醋制作的未冷冻蔬菜及什锦蔬菜罐头,156937,千克,0,?,363214.0
20059999,未列名非醋制作的未冷冻蔬菜及什锦蔬菜,180899,千克,0,?,654465.0
20060090,其他糖渍蔬菜、水果、坚果及植物的其他部分,3522328,千克,0,?,12446232.0
20071000,均化食品,126274,千克,0,?,668449.0
20079100,柑桔属水果制果酱、果冻、果泥及果膏,18450,千克,0,?,133965.0
20079910,非柑桔属水果制果酱、果冻、果泥及果膏罐头,130170,千克,0,?,387211.0
20079990,其他非柑桔属水果制果酱、果冻、果泥及果膏,1701280,千克,0,?,5717553.0
20081110,花生米罐头,6,千克,0,?,94.0
20081120,烘焙花生,656482,千克,0,?,816965.0
20081130,花生酱,23692,千克,0,?,192434.0
20081190,未列名制作或保藏的花生,10072,千克,0,?,60972.0
20081920,其他果仁罐头,7,千克,0,?,274.0
20081991,其他制作或保藏的栗仁,2000,千克,0,?,50027.0
20081992,其他制作或保藏的芝麻,150,千克,0,?,2362.0
20081999,未列名制作或保藏的坚果及其他子仁,8406945,千克,0,?,72466749.0
20082010,菠萝罐头,3762196,千克,0,?,4618794.0
20082090,未列名制作或保藏的菠萝,640,千克,0,?,6053.0
20083010,柑桔属水果罐头,197754,千克,0,?,520307.0
20083090,未列名制作或保藏的柑桔属水果,1718023,千克,0,?,2492592.0
20084010,梨罐头,3,千克,0,?,588.0
20085000,其他制作或保藏的杏,450,千克,0,?,4825.0
20086010,樱桃罐头,1815,千克,0,?,17603.0
20086090,其他制作或保藏的樱桃,110,千克,0,?,1318.0
20087010,桃罐头,89244,千克,0,?,138883.0
20087090,未列名制作或保藏的桃,500,千克,0,?,3407.0
20088000,其他制作或保藏的草莓,24149,千克,0,?,171050.0
20089300,其他制作或保藏的蔓越橘、越橘,1587699,千克,0,?,4979854.0
20089700,其他制作或保藏的什锦果实,342031,千克,0,?,642656.0
20089910,荔枝罐头,8136,千克,0,?,23505.0
20089920,龙眼罐头,257985,千克,0,?,439308.0
20089931,调味紫菜,155894,千克,0,?,6055387.0
20089932,盐腌海带,62,千克,0,?,252.0
20089933,盐腌裙带菜,200,千克,0,?,771.0
20089934,烤紫菜,1205,千克,0,?,51392.0
20089939,未列名制作或保藏的海草及其他藻类制品,12168,千克,0,?,69169.0
20089990,未列名制作或保藏水果、坚果及植物的其他食用部分,2868328,千克,0,?,8381305.0
20091100,冷冻橙汁,3874973,千克,0,?,6122534.0
20091200,非冷冻橙汁，白利糖度值≤20,341597,千克,0,?,294433.0
20092100,葡萄柚汁及柚汁，白利糖度值≤20,159745,千克,0,?,767826.0
20092900,葡萄柚汁及柚汁，白利糖度值超过>20,963294,千克,0,?,2752814.0
20093110,柠檬汁，白利糖度值不超过20,876669,千克,0,?,1091984.0
20093190,其他未混合柑桔属水果汁，白利糖度≤20,1646392,千克,0,?,2572566.0
20093910,其他柠檬汁,1037396,千克,0,?,2882884.0
20094100,菠萝汁，白利糖度值≤20,565239,千克,0,?,458167.0
20094900,其他菠萝汁,47520,千克,0,?,148975.0
20095000,番茄汁,33717,千克,0,?,82853.0
20096100,葡萄汁，白利糖度值≤30,222625,千克,0,?,365403.0
20096900,其他葡萄汁,3613597,千克,0,?,7907840.0
20097100,苹果汁，白利糖度值≤20,839653,千克,0,?,918254.0
20097900,其他苹果汁,26334,千克,0,?,98529.0
20098100,蔓越橘汁、越橘汁,40605,千克,0,?,208586.0
20098912,芒果汁,79211,千克,0,?,141746.0
20098913,西番莲果汁,407920,千克,0,?,1132814.0
20098914,番石榴果汁,83028,千克,0,?,60026.0
20098915,梨汁,2709,千克,0,?,2414.0
20098919,其他未混合的水果汁或坚果汁,20671527,千克,0,?,23962477.0
20098920,未混合的蔬菜汁,406739,千克,0,?,1671554.0
20099010,混合水果汁,258646,千克,0,?,518683.0
20099090,混合蔬菜汁；混合坚果汁；水果、坚果或蔬菜的混合汁,82117,千克,0,?,314066.0
21011100,咖啡的浓缩精汁,1449351,千克,0,?,24692595.0
21011200,以咖啡浓缩精汁或以咖啡为基本成分的制品,1804303,千克,0,?,8728238.0
21012000,以茶、马黛茶及其浓缩精汁为基本成分的制品,48901,千克,0,?,193783.0
21013000,烘焙菊苣和其他烘焙咖啡代用品及其浓缩精汁,17219,千克,0,?,192917.0
21021000,活性酵母,140268,千克,0,?,1108981.0
21022000,非活性酵母；已死的其他单细胞微生物,12719,千克,0,?,958249.0
21023000,发酵粉,16010,千克,0,?,27469.0
21031000,酱油,1012837,千克,0,?,1914999.0
21032000,番茄沙司及其他番茄调味汁,801086,千克,0,?,1563127.0
21033000,芥子粉及其调制品,109028,千克,0,?,372255.0
21039010,味精,73513,千克,0,?,302088.0
21039090,未列名调味汁及其制品；混合调味品,5141240,千克,0,?,16375073.0
21041000,汤料及其制品,44540,千克,0,?,213516.0
21042000,均化混合食品,3657,千克,0,?,17921.0
21050000,冰淇淋及其他冰制食品；不论是否含可可,1437031,千克,0,?,6999042.0
21061000,浓缩蛋白质及人造蛋白物质,71012,千克,0,?,1514304.0
21069010,制碳酸饮料的浓缩物,3,千克,0,?,119.0
21069030,蜂王浆制剂,31,千克,0,?,1364.0
21069040,椰浆,10960618,千克,0,?,12139619.0
21069050,海豹油胶囊,14700,千克,0,?,1961125.0
21069061,含香料或着色剂的甘蔗糖或甜菜糖水溶液,35485,千克,0,?,66302.0
21069062,甘蔗糖、甜菜糖与其他食品原料的简单固体混合物，蔗糖含量超过50%,1396250,千克,0,?,1157291.0
21069090,未列名食品,15449216,千克,0,?,471483358.0
22011010,未加味、加糖或其他甜物质的矿泉水,7371800,升,7372232,千克,6635061.0
22011020,未加味、加糖或其他甜物质的汽水,7856619,升,7856300,千克,4852010.0
22019011,已包装未加味、加糖或其他甜物质的天然水,1609,千升,1608661,千克,989414.0
22019019,未包装未加味、加糖或其他甜物质的天然水；冰及雪,0,千升,61,千克,371.0
22019090,未列名未加味、加糖或其他甜物质水；冰及雪,36,千升,36051,千克,304037.0
22021000,加味、加糖或其他甜物质的水,7503987,升,7563802,千克,9050241.0
22029100,无醇啤酒,448326,升,453615,千克,661015.0
22029900,其他无酒精饮料,17024068,升,17274351,千克,50458249.0
22030000,麦芽酿造的啤酒,37606017,升,38055811,千克,56156513.0
22041000,葡萄汽酒,843475,升,841486,千克,7248358.0
22042100,装入≤2升的容器的鲜葡萄酿造的酒,10169011,升,10126785,千克,103071540.0
22042200,装入2升以上但不超过10升容器的鲜葡萄酿造的酒(未加香料),46261,升,45874,千克,216365.0
22042900,装入10升以上容器的鲜葡萄酿造的酒(未加香料),7822420,升,7774154,千克,7671345.0
22051000,装入≤2升的容器的味美思酒等酒,73760,升,72332,千克,446023.0
22060010,黄酒,6,升,6,千克,327.0
22060090,其他发酵饮料（例如，苹果酒、梨酒、蜂蜜酒、清酒）；其他品目未列名的发酵饮料的混合物及发酵饮料与无酒精饮料的混合物,767591,升,769093,千克,5012596.0
22071000,未改性乙醇，按容量计酒精浓度≥80％,157984,升,124695,千克,243102.0
22072000,任何浓度的改性乙醇及其他酒精,36849,升,29610,千克,64961.0
22082000,蒸馏葡萄酒制得的烈性酒,1904365,升,1742628,千克,69104324.0
22083000,威士忌酒,4058255,升,3701915,千克,51682317.0
22084000,朗姆酒及蒸馏已发酵甘蔗产品制得的烈性酒,353820,升,322690,千克,1122735.0
22085000,杜松子酒,574740,升,529146,千克,2267819.0
22086000,伏特加酒,509258,升,464501,千克,1597754.0
22087000,利口酒及柯迪尔酒,1757364,升,1602829,千克,4607774.0
22089010,龙舌兰酒,131874,升,120436,千克,1448054.0
22089020,白酒,286619,升,261380,千克,18322057.0
22089090,浓度＜80％的未改性乙醇；其他酒精饮料,1487523,升,1359261,千克,3656763.0
22090000,醋及用醋酸制得的醋代用品,644537,升,664589,千克,1695182.0
23011011,含牛、羊成分的肉骨粉,7986529,千克,0,?,4861705.0
23011019,其他动物的肉骨粉,24964461,千克,0,?,23153742.0
23012010,饲料用鱼粉,119767841,千克,0,?,284630145.0
23012090,其他非食用鱼、甲壳及软体动物等渣粉及团粒,3835740,千克,0,?,5771617.0
23023000,小麦的糠、麸及其他残渣,331811828,千克,0,?,82369683.0
23024000,其他谷物的糠、麸及其他残渣,148166477,千克,0,?,50960947.0
23031000,制造淀粉过程中的残渣及类似的残渣,1300000,千克,0,?,287440.0
23032000,甜菜渣、甘蔗渣及制糖过程中的其他残渣,99260,千克,0,?,29840.0
23040010,提炼豆油所得的油渣饼（豆饼）,2581908,千克,0,?,1145500.0
23040090,提炼豆油所得的其他固体残渣,2297839,千克,0,?,1896048.0
23050000,提炼花生油所得的油渣饼及其他固体残渣,750000,千克,0,?,358878.0
23061000,棉子的油渣饼及其他固体残渣,1082557,千克,0,?,338055.0
23063000,葵花子的油渣饼及其他固体残渣,119337570,千克,0,?,33681092.0
23064100,低芥子酸油菜子的油渣饼及其他固体残渣,224484236,千克,0,?,71368441.0
23064900,其他油菜子的油渣饼及其他固体残渣,34299489,千克,0,?,9487342.0
23065000,椰子或干椰肉的油渣饼及其他固体残渣,22141962,千克,0,?,4679383.0
23066000,油棕果或油棕仁的油渣饼及其他固体残渣,150957159,千克,0,?,27458412.0
23069000,未列名提炼植物或微生物油脂所得的油渣饼及其他固体残渣,1950970,千克,0,?,489120.0
23080000,动物饲料用未列名的植物原料、废料、残渣及副产品，不论是否制成团粒,1374111,千克,0,?,1774836.0
23091010,零售包装狗食或猫食饲料的罐头,1324443,千克,0,?,8288346.0
23091090,其他零售包装的狗食或猫食饲料,6949417,千克,0,?,43991863.0
23099010,添加剂预混合饲料,1720817,千克,0,?,8840950.0
23099090,未列名配制的动物饲料,22515211,千克,0,?,21411996.0
24011090,其他未去梗的烟草,54505,千克,0,?,4564888.0
24012010,部分或全部去梗的烤烟,1603800,千克,0,?,15409598.0
24012090,其他部分或全部去梗的烟草,146040,千克,0,?,1631312.0
24021000,烟草制的雪茄烟,382,千克,110,千支,72907.0
24022000,烟草制的卷烟,382429,千克,508425,千支,16086921.0
24039100,“均化”或“再造”烟草,940320,千克,0,?,3576048.0
24039900,其他烟草或烟草代用品的制品；烟草精汁,10560,千克,0,?,430811.0
24041200,其他含尼古丁的非经燃烧吸用的产品,842695,千克,0,?,33552652.0
24041990,其他含尼古丁代用品的非经燃烧吸用的产品,12378,千克,0,?,209106.0
25010011,食用盐,179789,千克,0,?,140620.0
25010019,其他盐,1015808403,千克,0,?,35952472.0
25010020,纯氯化钠,844591,千克,0,?,660296.0
25010030,海水,7795,千克,0,?,26628.0
25020000,未焙烧的黄铁矿,247730577,千克,0,?,640405212.0
25030000,各种硫磺，但升华、沉淀及胶态硫磺除外,272279816,千克,0,?,257294007.0
25041010,鳞片天然石墨,9367978,千克,0,?,3785266.0
25041091,球化石墨,3856,千克,0,?,27952.0
25041099,其他粉末或粉片天然石墨,75269,千克,0,?,260033.0
25049000,天然石墨（粉末或粉片除外）,2430,千克,0,?,6178.0
25051000,硅砂及石英砂,409552487,千克,0,?,15634098.0
25059000,其他天然砂,5696239,千克,0,?,1496870.0
25061000,石英,40924393,千克,0,?,23075044.0
25062000,石英岩,21304576,千克,0,?,10659569.0
25070010,高岭土,54374728,千克,0,?,9415370.0
25070090,高岭土的类似土（高岭土除外）,14315100,千克,0,?,1249942.0
25081000,膨润土,7860362,千克,0,?,1499779.0
25083000,耐火粘土,338175,千克,0,?,72198.0
25084000,其他粘土,1240424,千克,0,?,2134045.0
25085000,红柱石、蓝晶石及硅线石,3171556,千克,0,?,1548597.0
25086000,富铝红柱石,205232,千克,0,?,281515.0
25087000,火泥及第纳斯土,536730,千克,0,?,155169.0
25090000,白垩,1623725,千克,0,?,166949.0
25101010,未碾磨磷灰石,60415220,千克,0,?,5568321.0
25102010,已碾磨磷灰石,55628150,千克,0,?,5413869.0
25111000,天然硫酸钡（重晶石）,73563117,千克,0,?,5243481.0
25120010,硅藻土,429662,千克,0,?,462867.0
25120090,其他硅质化石粗粉及类似的硅质土,26265,千克,0,?,38338.0
25131000,浮石,10335116,千克,0,?,947694.0
25132000,刚玉岩；天然刚玉砂；石榴石及其他天然磨料,292356,千克,0,?,571745.0
25140000,板岩，不论是否粗加修整或仅用锯或其他方法切割成矩形（包括正方形）的板、块,53001,千克,0,?,12010.0
25151100,原状或粗加修整的大理石及石灰华,24743809,千克,0,?,7051109.0
25151200,用锯或其他方法切割成矩形板、块的大理石及石灰华,342172033,千克,0,?,105169485.0
25152000,其他石灰质碑用或建筑用石；蜡石,31901215,千克,0,?,8813734.0
25161100,原状或粗加修整的花岗岩,328380947,千克,0,?,43834349.0
25161200,仅用锯或其他方法切割成矩形（包括正方形）的花岗岩,151561229,千克,0,?,34464151.0
25162000,砂岩,14556379,千克,0,?,2177536.0
25169000,其他碑用或建筑用石,11565520,千克,0,?,3278478.0
25171000,通常作混凝土粒料、铺路、铁道路基或其他路基用的卵石、砾石及碎石，圆石子及燧石，不论是否热处理,128431287,千克,0,?,657871.0
25174100,大理石的碎粒、碎屑及粉末,1867183,千克,0,?,182166.0
25174900,品目2515及2516所列各种石料的碎粒、碎屑及粉末（大理石除外）,1649184,千克,0,?,105768.0
25181000,未煅烧或烧结白云石,13768032,千克,0,?,3408467.0
25182000,已煅烧或烧结白云石,10037,千克,0,?,18630.0
25191000,天然碳酸镁（菱镁矿）,262044,千克,0,?,51409.0
25199010,熔凝镁氧矿,160,千克,0,?,399.0
25199020,烧结镁氧矿（重烧镁）,355002,千克,0,?,253746.0
25199030,碱烧镁（轻烧镁）,32292,千克,0,?,35140.0
25199091,化学纯氧化镁,723127,千克,0,?,1550174.0
25199099,其他氧化镁,566983,千克,0,?,746957.0
25201000,生石膏；硬石膏,39292172,千克,0,?,2831226.0
25202010,牙科用熟石膏,56260,千克,0,?,67971.0
25202090,其他熟石膏,6087145,千克,0,?,662444.0
25210000,石灰石助熔剂；通常用于制造石灰或水泥的石灰石及其他钙质石,87109,千克,0,?,53701.0
25221000,生石灰,4878,千克,0,?,21720.0
25222000,熟石灰,440135,千克,0,?,155262.0
25223000,水硬石灰,29200,千克,0,?,36531.0
25231000,水泥熟料,1171,千克,0,?,3955.0
25232100,白水泥，不论是否人工着色,208610,千克,0,?,42621.0
25232900,其他硅酸盐水泥,510,千克,0,?,1062.0
25233000,矾土水泥,281471,千克,0,?,355966.0
25239000,其他水凝水泥,50401,千克,0,?,18796.0
25249090,其他石棉,21252500,千克,0,?,5710406.0
25251000,原状云母及劈开的云母片,18586412,千克,0,?,7461174.0
25252000,云母粉,379015,千克,0,?,466385.0
25261020,未破碎及未研粉的滑石,2591241,千克,0,?,430921.0
25262020,已破碎或已研粉的滑石,2761149,千克,0,?,1753565.0
25280090,其他天然硼酸盐及其精矿(不论是否煅烧)，但不包括从天然盐水析离的硼酸盐；天然粗硼酸，含硼酸干重不超过85％,50157640,千克,0,?,23103297.0
25291000,长石,10959324,千克,0,?,1455839.0
25292100,按重量计氟化钙含量≤97％的萤石,219560174,千克,0,?,37475163.0
25292200,按重量计氟化钙含量＞97％的萤石,3652882,千克,0,?,1443345.0
25293000,白榴石；霞石及霞石正长岩,46114,千克,0,?,49038.0
25301020,未膨胀的蛭石、珍珠岩石,3100834,千克,0,?,344023.0
25309010,矿物性药材,39065,千克,0,?,61509.0
25309020,稀土金属矿,1034366,千克,0,?,3247908.0
25309091,硅灰石,378037,千克,0,?,401781.0
25309092,锂辉石,906565564,千克,0,?,1182589164.0
25309099,未列名矿产品,176957768,千克,0,?,46252444.0
26011110,平均粒度小于0.8mm的未烧结铁矿砂及其精矿,13830510131,千克,0,?,1491788061.0
26011120,平均粒度不小于0.8mm，但不大于6.3mm的未烧结铁矿砂及其精矿,74513803234,千克,0,?,6726892839.0
26011190,平均粒度大于6.3mm的未烧结铁矿砂及其精矿,18494394381,千克,0,?,1941960444.0
26011200,已烧结的铁矿砂及其精矿,1699970631,千克,0,?,202892636.0
26012000,焙烧黄铁矿,48,千克,0,?,2052.0
26020000,锰矿砂及其精矿,2566257528,千克,0,?,444567399.0
26030000,铜矿砂及其精矿,2508014237,千克,0,?,9359025003.0
26040000,镍矿砂及其精矿,5964815379,千克,0,?,383074185.0
26050000,钴矿砂及其精矿,1700,千克,0,?,10365.0
26060000,铝矿砂及其精矿,15450843972,千克,0,?,1013545861.0
26070000,铅矿砂及其精矿,87137607,千克,0,?,255371000.0
26080000,锌矿砂及其精矿,424981537,千克,0,?,598663626.0
26090000,锡矿砂及其精矿,19331988,千克,0,?,344136039.0
26100000,铬矿砂及其精矿,2361902345,千克,0,?,664753700.0
26110000,钨矿砂及其精矿,5505789,千克,0,?,73107054.0
26122000,钍矿砂及其精矿,2793068,千克,0,?,15003345.0
26131000,已焙烧的钼矿砂及其精矿,2188200,千克,0,?,71258035.0
26139000,其他钼矿砂及其精矿,6988846,千克,0,?,140478726.0
26140000,钛矿砂及其精矿,579634288,千克,0,?,126312356.0
26151000,锆矿砂及其精矿,156939434,千克,0,?,62141237.0
26159090,其他铌、钽、钒矿砂及其精矿,1685793,千克,0,?,103327111.0
26161000,银矿砂及其精矿,266055589,千克,0,?,1164474218.0
26169000,其他贵金属矿砂及其精矿,429286286,千克,0,?,1172999448.0
26171010,生锑（锑精矿，选矿产品）,0,千克,0,?,30.0
26171090,其他锑矿砂及其精矿,4384126,千克,0,?,37378599.0
26179090,未列名矿砂及其精矿,943904,千克,0,?,1722460.0
26219000,其他矿渣及矿灰，包括海藻灰（海草灰）,150700,千克,0,?,33245.0
27011100,无烟煤,1390936525,千克,0,?,200511644.0
27011210,炼焦煤,13070742859,千克,0,?,1726061713.0
27011290,其他烟煤,12932989802,千克,0,?,1227749692.0
27011900,其他煤,1216945304,千克,0,?,106774914.0
27021000,褐煤，不论是否粉化，但未制成型,13480390100,千克,0,?,909768561.0
27030000,泥煤（包括肥料用泥煤），不论是否制成型,58503496,千克,0,?,14698746.0
27040010,焦炭及半焦炭,35564802,千克,0,?,4729733.0
27060000,从煤、褐煤或泥煤蒸馏所得的焦油等矿物焦油,18012980,千克,0,?,8902180.0
27071000,粗苯,24055104,千克,0,?,17704917.0
27073000,粗二甲苯,2008686,千克,0,?,1570576.0
27075000,其他芳烃混合物，根据ISO 3405方法温度在250℃时的馏出量以体积计（包括损耗）≥65％,454868,千克,570642,升,2005032.0
27079910,酚,952337,千克,0,?,917799.0
27079990,其他蒸馏高温煤焦油所得油类等产品及类似品,6481004,千克,8976194,升,5565608.0
27081000,沥青,2149252,千克,0,?,1115363.0
27082000,沥青焦,9745800,千克,0,?,8970657.0
27090000,石油原油及从沥青矿物提取的原油,37928411949,千克,274766429,桶,22723613518.0
27101210,车用汽油和航空汽油，不含有生物柴油,5,千克,7,升,124.0
27101220,石脑油,703740028,千克,974679940,升,574002088.0
27101230,橡胶溶剂油、油漆溶剂油、抽提溶剂油,2068403,千克,2651693,升,3304542.0
27101291,壬烯，不含有生物柴油,5585338,千克,0,?,8823575.0
27101299,未列名轻油及其制品，不含有生物柴油,1047542,千克,1450844,升,2166898.0
27101912,灯用煤油,38460822,千克,45229927,升,47138493.0
27101914,其他航空煤油，包括石油及从沥青矿物提取的航空煤油,29086417,千克,36241676,升,33012213.0
27101919,其他煤油馏分,2364587,千克,2780753,升,4509674.0
27101924,燃料油，不含有生物柴油,1295151319,千克,1314578589,升,729096843.0
27101991,润滑油,25950978,千克,29220789,升,80245358.0
27101992,润滑脂,1464823,千克,1649398,升,8956031.0
27101993,润滑油基础油,69793488,千克,87540207,升,136135483.0
27101994,液体石蜡和重质液体石蜡,5610691,千克,0,?,6769873.0
27101999,未列名石油及从沥青矿物提取的油类（但原油除外）以及以上述油为基本成分的未列名制品，不含有生物柴油,61530764,千克,62453732,升,46540190.0
27102000,"石油及从沥青矿物提取的油类（但原油除外）以及上述油为基本成分(按重量计≥70%)的其他品目未列名制品，含有生物柴油,但废油除外",3968354,千克,4666785,升,4037556.0
27111100,液化天然气,5160415032,千克,0,?,3550862208.0
27111200,液化丙烷,2205100231,千克,0,?,1588743625.0
27111390,其他液化丁烷,582356786,千克,0,?,412631897.0
27111400,液化乙烯、丙烯、丁烯及丁二烯,10740177,千克,0,?,8204434.0
27112100,天然气,5166998983,千克,0,?,2140130498.0
27112900,气态石油气及其他烃类气,332,千克,0,?,77785.0
27121000,凡士林,238871,千克,0,?,777643.0
27122000,石蜡，按重量计含油量＜0.75％,244872,千克,0,?,1268045.0
27129010,微晶石蜡,455616,千克,0,?,1389979.0
27129090,其他石蜡、矿物蜡及合成方法制得的类似产品,3075253,千克,0,?,4692330.0
27131110,未煅烧石油焦，含硫量＜3%,640334397,千克,0,?,264969741.0
27131190,其他未煅烧石油焦,931356586,千克,0,?,180156442.0
27131210,已煅烧石油焦，含硫量＜0.8%,9715430,千克,0,?,10574855.0
27131290,其他已煅烧石油焦,2461774,千克,0,?,1866264.0
27132000,石油沥青,171120778,千克,0,?,77854168.0
27149020,乳化沥青,2194,千克,0,?,6048.0
27149090,沥青岩,1829031,千克,0,?,430717.0
27150000,以天然沥青等为基本成分的沥青混合物,3840863,千克,3903546,升,1269372.0
27160000,电力,369667916,千瓦时,0,?,7692922.0
28011000,氯,9550,千克,0,?,159643.0
28012000,碘,610000,千克,0,?,44953172.0
28013010,氟,151,千克,0,?,46301.0
28013020,溴,8013446,千克,0,?,36193699.0
28020000,升华硫磺、沉淀硫磺；胶态硫磺,43589,千克,0,?,115941.0
28030000,碳（碳黑及其他编码未列名的其他形态的碳）,21403948,千克,0,?,47006607.0
28041000,氢,0,千克,0,立方米,172.0
28042100,氩,208,千克,117,立方米,6518.0
28042900,其他稀有气体,444061,千克,2483397,立方米,38643013.0
28043000,氮,281,千克,226,立方米,52955.0
28044000,氧,287,千克,183,立方米,124233.0
28045000,硼；碲,20710,千克,0,?,2353329.0
28046117,直径≥30cm经掺杂用于电子工业的单晶硅棒,3365,千克,0,?,629885.0
28046119,7.5cm≤直径＜30cm经掺杂电子工业单晶硅棒,28450,千克,0,?,3310636.0
28046120,直径＜7.5cm经掺杂用于电子工业的单晶硅棒,5,千克,0,?,17939.0
28046190,其他含硅量≥99.99%的硅,695116,千克,0,?,23419177.0
28046900,其他硅,24976,千克,0,?,51237.0
28047090,其他磷,670,千克,0,?,321189.0
28048000,砷,333,千克,0,?,391424.0
28049090,其他硒,18525,千克,0,?,523874.0
28051910,锂,21,千克,0,?,18340.0
28051990,其他碱金属及碱土金属,1,千克,0,?,4089.0
28053014,镧，未相互混合或相互熔合,0,千克,0,?,477.0
28053015,铈，未相互混合或相互熔合,0,千克,0,?,233.0
28053017,钇，未相互混合或相互熔合,0,千克,0,?,234.0
28053019,其他稀土金属，未相混合或相互熔合,0,千克,0,?,27.0
28061000,氯化氢（盐酸）,667837,千克,0,?,1030891.0
28070000,硫酸；发烟硫酸,9938436,千克,0,?,2690486.0
28080000,硝酸；磺硝酸,7863772,千克,0,?,2248245.0
28091000,五氧化二磷,0,千克,0,?,27.0
28092011,食品级磷酸,1036,千克,0,?,2892.0
28092019,其他磷酸及偏磷酸、焦磷酸,1558042,千克,0,?,7311051.0
28092090,其他多磷酸,0,千克,0,?,85.0
28100010,硼的氧化物,140557,千克,0,?,571847.0
28100020,硼酸,30485843,千克,0,?,34531597.0
28111110,电子级氢氟酸,699679,千克,0,?,2229836.0
28111190,其他氟化氢（氢氟酸）,52821,千克,0,?,35806.0
28111990,未列名无机酸,8794141,千克,0,?,24645108.0
28112100,二氧化碳,208299,千克,0,?,520236.0
28112210,硅胶,127189,千克,0,?,663870.0
28112290,其他二氧化硅,5287743,千克,0,?,16401291.0
28112900,未列名非金属无机氧化物,94189,千克,0,?,2015616.0
28121700,亚硫酰氯,249600,千克,0,?,299520.0
28121910,其他非金属氯化物,97579,千克,0,?,3354111.0
28129011,三氟化氮,8000,千克,0,?,106716.0
28129012,六氟化硫,5900,千克,0,?,119062.0
28129019,其他氟化物及氟氧化物,1423,千克,0,?,406295.0
28129090,未列名非金属卤化物及卤氧化物,11,千克,0,?,13581.0
28139000,未列名非金属硫化物；商品三硫化二磷,37175,千克,0,?,410752.0
28141000,氨,89271,千克,0,?,461295.0
28142000,氨水,495258,千克,0,?,690329.0
28151100,固体氢氧化钠,628939,千克,0,?,746917.0
28151200,氢氧化钠水溶液,36665,千克,0,?,207823.0
28152000,氢氧化钾（苛性钾）,311225,千克,0,?,558522.0
28153000,过氧化钠及过氧化钾,0,千克,0,?,111.0
28161000,氢氧化镁及过氧化镁,371270,千克,0,?,459366.0
28164000,锶或钡的氧化物、氢氧化物及过氧化物,44,千克,0,?,1272.0
28170010,氧化锌,399727,千克,0,?,1426025.0
28181010,棕刚玉,4683,千克,0,?,23498.0
28181090,其他人造刚玉，不论是否已有化学定义,345928,千克,0,?,1113011.0
28182000,氧化铝，但人造刚玉除外,349530971,千克,0,?,139592978.0
28183000,氢氧化铝,3184151,千克,0,?,5768412.0
28191000,三氧化铬,80975,千克,0,?,322002.0
28199000,未列名铬的氧化物及氢氧化物,634130,千克,0,?,2024202.0
28201000,二氧化锰,8341,千克,0,?,25819.0
28209000,未列名锰的氧化物,459123,千克,0,?,1291030.0
28211000,铁的氧化物及氢氧化物,18113804,千克,0,?,7318003.0
28212000,土色料，按重量计三氧化二铁含量≥70％,7413,千克,0,?,52830.0
28220010,四氧化三钴,172,千克,0,?,24313.0
28220090,未列名钴的氧化物及氢氧化物；商品氧化钴,11,千克,0,?,1747.0
28230000,钛的氧化物,173901,千克,0,?,1047213.0
28241000,氧化铅（铅黄、黄丹）,1,千克,0,?,503.0
28249090,未列名铅的氧化物,0,千克,0,?,543.0
28251010,水合肼,2027,千克,0,?,15431.0
28251020,硫酸羟胺,711,千克,0,?,2212.0
28251090,未列名肼（联氨）、胲（羟胺）及其无机盐,40916,千克,0,?,702946.0
28252010,氢氧化锂,5115170,千克,0,?,94259045.0
28252090,未列名锂的氧化物及氢氧化物,0,千克,0,?,88.0
28253010,五氧化二钒,0,千克,0,?,710.0
28253090,未列名钒的氧化物及氢氧化物,0,千克,0,?,58.0
28254000,镍的氧化物有氢氧化物,70907,千克,0,?,1330643.0
28255000,铜的氧化物及氢氧化物,698983,千克,0,?,9212574.0
28256000,锗的氧化物及二氧化锆,62467,千克,0,?,690257.0
28257000,钼的氧化物及氢氧化物,100226,千克,0,?,4782337.0
28258000,锑的氧化物,1112,千克,0,?,175848.0
28259012,三氧化钨,5370,千克,0,?,1446941.0
28259019,未列名钨的氧化物及氢氧化物,0,千克,0,?,234.0
28259021,三氧化二铋,71,千克,0,?,5651.0
28259031,二氧化锡,3245,千克,0,?,123602.0
28259049,其他铌的氧化物及氢氧化物,147392,千克,0,?,5451286.0
28259090,未列名无机碱、金属氧化、氢氧化及过氧化物,2695039,千克,0,?,4401797.0
28261910,铵的氟化物,572593,千克,0,?,1749743.0
28261920,钠的氟化物,68,千克,0,?,6541.0
28261930,六氟化钨,26105,千克,0,?,5628211.0
28261990,未列名氟化物,6371,千克,0,?,1179008.0
28263000,六氟铝酸钠（人造冰晶石）,149250,千克,0,?,130014.0
28269010,氟硅酸盐,100000,千克,0,?,23518.0
28269020,六氟磷酸锂,24014,千克,0,?,207741.0
28269090,未列名氟铝酸盐及其他氟络盐,79239,千克,0,?,2540275.0
28271090,非肥料用氯化铵,16489,千克,0,?,89131.0
28272000,氯化钙,61259,千克,0,?,104184.0
28273100,氯化镁,33051,千克,0,?,152623.0
28273200,氯化铝,104445,千克,0,?,169060.0
28273500,氯化镍,4748,千克,0,?,77112.0
28273910,氯化锂,1060055,千克,0,?,15665036.0
28273920,氯化钡,3,千克,0,?,129.0
28273930,氯化钴,0,千克,0,?,1830.0
28273990,未列名氯化物,513127,千克,0,?,3546952.0
28274100,铜的氯氧化物及氢氧基氯化物,3,千克,0,?,664.0
28274910,锆的氯氧化物及氢氧基氯化物,0,千克,0,?,163.0
28274990,其他氯氧化物及氢氧基氯化物,57827,千克,0,?,611640.0
28275100,溴化钠及溴化钾,720729,千克,0,?,2018732.0
28275900,其他溴化物及溴氧化物,21918,千克,0,?,184983.0
28276000,碘化物及碘氧化物,97532,千克,0,?,5618109.0
28289000,亚氯酸盐；次溴酸盐及其他次氯酸盐,1083,千克,0,?,378260.0
28299000,其他高（氯，碘）酸盐；溴酸盐及过溴酸盐,7291,千克,0,?,125792.0
28301090,钠的其他硫化物,8400,千克,0,?,7560.0
28309020,硫化锑,11700,千克,0,?,314447.0
28309090,未列名硫化物；多硫化物,254314,千克,0,?,2843410.0
28311010,钠的连二亚硫酸盐,22210,千克,0,?,57225.0
28311020,钠的次硫酸盐,92000,千克,0,?,501532.0
28319000,其他连二亚硫酸盐及次硫酸盐,18000,千克,0,?,80100.0
28321000,钠的亚硫酸盐,47779,千克,0,?,124111.0
28322000,其他亚硫酸盐,25289,千克,0,?,81094.0
28323000,硫代硫酸盐,13609,千克,0,?,33792.0
28331100,硫酸二钠,72801,千克,0,?,93566.0
28331900,钠的其他硫酸盐,16307,千克,0,?,45949.0
28332100,硫酸镁,17057,千克,0,?,61774.0
28332200,硫酸铝,23636,千克,0,?,27132.0
28332400,镍的硫酸盐,20574626,千克,0,?,77138775.0
28332500,铜的硫酸盐,100008,千克,0,?,743661.0
28332700,硫酸钡,300566,千克,0,?,554287.0
28332910,硫酸亚铁,539,千克,0,?,4405.0
28332920,铬的硫酸盐,1700,千克,0,?,18571.0
28332930,硫酸锌,1053171,千克,0,?,1236408.0
28332990,未列名硫酸盐,12772630,千克,0,?,108636498.0
28333010,钾铝矾,1047,千克,0,?,8054.0
28333090,其他矾,1,千克,0,?,13.0
28334000,过硫酸盐,1259,千克,0,?,80049.0
28341000,亚硝酸盐,2,千克,0,?,1036.0
28342190,非肥料用硝酸钾,5967,千克,0,?,110019.0
28342910,硝酸钴,1,千克,0,?,210.0
28342990,未列名硝酸盐,192575,千克,0,?,882720.0
28351000,次磷酸盐及亚磷酸盐,21484,千克,0,?,307233.0
28352200,磷酸一钠及磷酸二钠,46705,千克,0,?,521781.0
28352400,钾的磷酸盐,260732,千克,0,?,651334.0
28352520,食品级的正磷酸氢钙（磷酸二钙）,1826,千克,0,?,33879.0
28352590,其他正磷酸氢钙（磷酸二钙）,281200,千克,0,?,1195834.0
28352600,其他磷酸钙,86045,千克,0,?,2324277.0
28352910,磷酸三钠,4466,千克,0,?,16360.0
28352990,其他磷酸盐,95892,千克,0,?,525514.0
28353110,食品级的三磷酸钠（三聚磷酸钠）,104120,千克,0,?,214176.0
28353190,其他三磷酸钠（三聚磷酸钠）,604,千克,0,?,5731.0
28353911,食品级的六偏磷酸钠,106420,千克,0,?,286960.0
28353919,其他六偏磷酸钠,318,千克,0,?,3434.0
28353990,其他多磷酸盐,39355,千克,0,?,218693.0
28362000,碳酸钠（纯碱）,474260,千克,0,?,535404.0
28363000,碳酸氢钠（小苏打）,4754669,千克,0,?,2133033.0
28364000,钾的碳酸盐,30260,千克,0,?,80628.0
28365000,碳酸钙,13637293,千克,0,?,1330571.0
28366000,碳酸钡,282531,千克,0,?,2032167.0
28369100,锂的碳酸盐,30391299,千克,0,?,576722185.0
28369200,锶的碳酸盐,2617460,千克,0,?,4004765.0
28369910,碳酸镁,36061,千克,0,?,173651.0
28369940,商品碳酸铵及其他铵的碳酸盐,2467,千克,0,?,15836.0
28369990,未列名碳酸盐；过碳酸盐,522027,千克,0,?,842528.0
28371910,氰化钾,13500,千克,0,?,67095.0
28371990,未列名氰化物及氧氰化物,33003,千克,0,?,407596.0
28372000,氰络合物,37964,千克,0,?,461289.0
28391100,偏硅酸钠,619,千克,0,?,5662.0
28391910,硅酸钠,130361,千克,0,?,111716.0
28391990,其他钠盐,171,千克,0,?,4879.0
28399000,其他硅酸盐、商品碱金属硅酸盐,797395,千克,0,?,964886.0
28401100,无水四硼酸钠,2574179,千克,0,?,3280084.0
28401900,其他四硼酸钠,50631017,千克,0,?,38958347.0
28402000,其他硼酸盐,307436,千克,0,?,702910.0
28413000,重铬酸钠,2001600,千克,0,?,2631633.0
28415000,其他铬酸盐及重铬酸盐；过铬酸盐,3,千克,0,?,291.0
28416910,锰酸锂,0,千克,0,?,13.0
28416990,其他亚锰酸盐、锰酸盐及高锰酸盐,325,千克,0,?,7077.0
28417010,钼酸铵,91805,千克,0,?,3517065.0
28417090,其他钼酸盐,10739,千克,0,?,334443.0
28418010,仲钨酸铵,0,千克,0,?,37.0
28418020,钨酸钠,29197,千克,0,?,4202493.0
28418090,其他钨酸盐,19,千克,0,?,27319.0
28419000,其他金属酸盐及过金属酸盐,590115,千克,0,?,21844928.0
28421000,硅酸复盐及硅酸络盐,505070,千克,0,?,4293066.0
28429011,硫氰酸钠,10,千克,0,?,877.0
28429019,其他雷酸盐、氰酸盐及硫氰酸盐,3,千克,0,?,305.0
28429030,锂镍钴锰氧化物,6992651,千克,0,?,196316487.0
28429040,磷酸铁锂,530,千克,0,?,6303.0
28429050,硒酸盐及亚硒酸盐,3,千克,0,?,2942.0
28429060,锂镍钴铝氧化物,1563988,千克,0,?,43426495.0
28429090,未列名无机酸盐及过氧酸盐，但叠氮化物除外,773669,千克,0,?,2455544.0
28431000,胶态贵金属,35953,克,0,?,128808.0
28432100,硝酸银,138005,克,0,?,12236.0
28432900,其他银化合物,2144199,克,0,?,88938.0
28433000,金化合物,2422,克,0,?,36041.0
28439000,其他贵金属的无机及有机化合物；贵金属汞齐,5472274,克,0,?,27765196.0
28441000,天然铀及其化合物、合金、分散体等,1827134623,克,40155109,百万贝可,279144538.0
28442000,铀235浓缩铀、钚及其化合物、合金、分散体等,36159879,克,3438460,百万贝可,33713438.0
28444100,氚及其化合物、合金、分散体等,507,克,17895724,百万贝可,50156.0
28444210,镭-223及镭-223盐,78,克,88,百万贝可,60193.0
28444290,锕-225等及其化合物、合金、分散体等,986,克,1786,百万贝可,1337967.0
28444320,钴及钴盐,1181,克,440474825,百万贝可,235763.0
28444390,未列名放射性元素、同位素及其化合物；其他含这些元素、同位素及其化合物的合金、分散体（包括金属陶瓷）、陶瓷产品及混合物,653594,克,717210214,百万贝可,14926755.0
28451000,重水（氧化氘）,485294,克,0,?,462603.0
28452000,硼-10浓缩硼及其化合物,5,克,0,百万贝可,6173.0
28453000,锂-6浓缩锂及其化合物,1000,克,0,?,9129.0
28454000,氦-3,67,克,0,百万贝可,1153219.0
28459000,品目2844以外的其他同位素及其无机或有机化合物,4854850,克,0,百万贝可,27892806.0
28461010,氧化铈,28575,千克,0,?,1907188.0
28461030,碳酸铈,0,千克,0,?,16.0
28461090,其他铈的化合物,20,千克,0,?,2704.0
28469011,氧化钇,5967,千克,0,?,1082619.0
28469012,氧化镧,31,千克,0,?,12726.0
28469013,氧化钕,10001,千克,0,?,1019087.0
28469014,氧化铕,0,千克,0,?,150.0
28469015,氧化镝,0,千克,0,?,27.0
28469016,氧化铽,0,千克,0,?,27.0
28469017,氧化镨,15000,千克,0,?,1419400.0
28469019,未列名氧化稀土,4070327,千克,0,?,116296482.0
28469023,氯化镧,0,千克,0,?,757.0
28469028,混合氯化稀土,181632,千克,0,?,2656165.0
28469029,其他氯化稀土,0,千克,0,?,631.0
28469031,氟化铽,0,千克,0,?,27.0
28469033,氟化镧,0,千克,0,?,35.0
28469036,氟化钇,303,千克,0,?,77088.0
28469039,其他氟化稀土,0,千克,0,?,817.0
28469091,镧的其他化合物,112,千克,0,?,628401.0
28469092,钕的其他化合物,0,千克,0,?,67.0
28469093,铽的其他化合物,0,千克,0,?,211.0
28469094,镝的其他化合物,1,千克,0,?,900.0
28469095,镨的其他化合物,0,千克,0,?,25.0
28469096,钇的其他化合物,271,千克,0,?,430152.0
28469099,未列名稀土金属及其混合物的化合物,1515066,千克,0,?,10381329.0
28470000,过氧化氢，不论是否用尿素固化,1182463,千克,0,?,1350605.0
28492000,碳化硅,1443943,千克,0,?,1637619.0
28499010,碳化硼,560,千克,0,?,55402.0
28499020,碳化钨,46,千克,0,?,24510.0
28499090,未列名碳化物,45,千克,0,?,11009.0
28500012,氮化硼,6767,千克,0,?,680566.0
28500019,其他氮化物,81777,千克,0,?,4616009.0
28500090,氢化物、叠氮化物、硅化物及硼化物，不论是否已有化学定义，但可归入品目28.49的碳化物除外,84113,千克,0,?,5302885.0
28521000,已有化学定义的汞的无机或有机化合物，汞齐除外,0,千克,0,?,785.0
28539010,饮用蒸馏水,21281,千克,0,?,25791.0
28539030,镍钴锰氢氧化物,83333,千克,0,?,717328.0
28539040,磷化物，不论是否已有化学定义，但磷铁除外,3,千克,0,?,35887.0
28539090,其他无机化合物；液态空气；压缩空气；汞齐，但贵金属汞齐除外,134690,千克,0,?,6323172.0
29011010,乙烷,662434979,千克,0,?,301811272.0
29011090,其他饱和无环烃,122120242,千克,0,?,91404763.0
29012100,乙烯,170070370,千克,0,?,158365284.0
29012200,丙烯,194803620,千克,0,?,193057541.0
29012310,1-丁烯,7474346,千克,0,?,6923359.0
29012330,2-甲基丙烯,0,千克,0,?,50.0
29012410,"1,3-丁二烯",15772869,千克,0,?,20271525.0
29012420,异戊二烯,4,千克,0,?,101.0
29012910,异戊烯,0,千克,0,?,516.0
29012920,乙炔,4637,千克,0,?,408935.0
29012990,未列名不饱和无环烃,6545979,千克,0,?,13099300.0
29021100,环己烷,41,千克,0,?,6173.0
29021910,蒎烯,409362,千克,0,?,1723132.0
29021990,其他环烷烃；其他环烯及环萜烯,1227892,千克,0,?,8283334.0
29022000,苯,401979082,千克,0,?,393070192.0
29023000,甲苯,6,千克,0,?,1245.0
29024100,邻二甲苯,27,千克,0,?,2308.0
29024200,间二甲苯,5554719,千克,0,?,6721475.0
29024300,对二甲苯,591244045,千克,0,?,629683376.0
29024400,混合二甲苯异构体,122,千克,0,?,42350.0
29025000,苯乙烯,12450125,千克,0,?,14343288.0
29027000,异丙基苯,18688702,千克,0,?,18058034.0
29029010,四氢萘,4,千克,0,?,253.0
29029020,精萘,3,千克,0,?,11855.0
29029090,未列名环烃,335694,千克,0,?,1636472.0
29031100,一氯甲烷及氯乙烷,1,千克,0,?,100.0
29031200,二氯甲烷,5965,千克,0,?,20101.0
29031300,氯仿（三氯甲烷）,893670,千克,0,?,88661.0
29031500,1，2-二氯乙烷（ISO）,10250528,千克,0,?,3044159.0
29031990,未列名无环烃的饱和氯化衍生物,522238,千克,0,?,143533.0
29032100,氯乙烯,52464819,千克,0,?,28788697.0
29032200,三氯乙烯,1,千克,0,?,245.0
29032300,四氯乙烯（全氯乙烯）,3019335,千克,0,?,1259073.0
29032910,3-氯-1-丙烯（氯丙烯）,0,千克,0,?,34.0
29032990,其他无环烃的不饱和氯化衍生物,763,千克,0,?,120075.0
29034100,三氟甲烷（HFC-23）,1170,千克,0,?,28256.0
29034200,二氟甲烷（HFC-32）,2922,千克,0,?,453793.0
29034300,"一氟甲烷、1,2-二氟乙烷及1,1 -二氟乙烷",1536,千克,0,?,708179.0
29034400,"五氟乙烷、1,1,1-三氟乙烷及1,1,2-三氟乙烷",72000,千克,0,?,213398.0
29034500,"1,1,1,2-四氟乙烷及1,1,2,2-四氟乙烷",5100,千克,0,?,1390463.0
29034800,"1,1,1,3,3-五氟丁烷及1,1,1,2,2,3,4,5,5,5-十氟戊烷",60,千克,0,?,2138.0
29034900,其他无环烃的饱和氟化衍生物,7047,千克,0,?,140062.0
29035100,"2,3,3,3-四氟丙烯、1,3,3,3-四氟丙烯及(Z)-1,1,1,4,4,4-六氟-2-丁烯",4821,千克,0,?,743900.0
29035990,其他无环烃的不饱和氟化衍生物,35368,千克,0,?,3643755.0
29036900,其他无环烃的溴化或碘化衍生物,12169,千克,0,?,192563.0
29037800,其他含有两种或两种以上的不同卤素的无环烃全卤化衍生物,2710,千克,0,?,476419.0
29037990,其他含有两种或两种以上不同卤素的无环烃卤化衍生物,300,千克,0,?,12777.0
29038900,其他环烷烃、环烯烃或萜烯烃的卤化衍生物,407602,千克,0,?,666546.0
29039110,邻二氯苯,29,千克,0,?,3006.0
29039190,氯苯、对二氯苯,322445,千克,0,?,182083.0
29039990,其他芳烃卤化衍生物,1558751,千克,0,?,8016651.0
29041000,仅含磺基的衍生物及其盐和乙酯,1748499,千克,0,?,4420495.0
29042020,硝基甲苯,430950,千克,0,?,262562.0
29042030,二硝基甲苯,0,千克,0,?,43.0
29042090,其他仅含硝基或亚硝基的衍生物,46,千克,0,?,3171.0
29049900,其他烃的磺化、硝化或亚硝化衍生物,1834949,千克,0,?,2586387.0
29051100,甲醇,805279904,千克,0,?,257886242.0
29051210,丙醇,18252,千克,0,?,20107.0
29051220,异丙醇,5418346,千克,0,?,8652372.0
29051300,正丁醇,1600296,千克,0,?,1257546.0
29051410,异丁醇,1223890,千克,0,?,1019175.0
29051420,仲丁醇,0,千克,0,?,253.0
29051430,叔丁醇,47,千克,0,?,38905.0
29051610,正辛醇,674927,千克,0,?,2202936.0
29051690,其他辛醇及其异构体,6072048,千克,0,?,6140329.0
29051700,十二醇、十六醇及十八醇,6492089,千克,0,?,12727211.0
29051990,未列名饱和一元醇,7301384,千克,0,?,15276857.0
29052210,香叶醇、橙花醇（3，7-二甲基-2，6-辛二烯-1-醇）,4654,千克,0,?,99753.0
29052220,香茅醇（3，7-二甲基-6-辛烯-1-醇）,13666,千克,0,?,79605.0
29052230,芳樟醇,180091,千克,0,?,1071009.0
29052290,其他无环萜烯醇,1634,千克,0,?,130615.0
29052900,其他不饱和一元醇,2401973,千克,0,?,7615305.0
29053100,1，2-乙二醇,117448500,千克,0,?,66730972.0
29053200,丙二醇,3819470,千克,0,?,5887696.0
29053990,未列名二元醇,4124628,千克,0,?,10923589.0
29054100,2-乙基-2（羟甲基）丙烷-1，3-二醇（三羟基甲基丙烷）,126275,千克,0,?,119511.0
29054200,季戊四醇,692000,千克,0,?,1213675.0
29054300,甘露糖醇,118865,千克,0,?,1329429.0
29054400,山梨醇,833385,千克,0,?,906388.0
29054500,丙三醇（甘油）,59261927,千克,0,?,70053802.0
29054910,木糖醇,671,千克,0,?,10535.0
29054990,其他多元醇,7096,千克,0,?,42122.0
29055900,其他无环醇卤化、磺化、硝化或亚硝化衍生物,53044,千克,0,?,431048.0
29061100,薄荷醇,712662,千克,0,?,8255842.0
29061310,固醇,216072,千克,0,?,1979342.0
29061320,肌醇,295,千克,0,?,11323.0
29061910,萜品醇,18994,千克,0,?,219840.0
29061990,其他环烷醇、环烯醇及环萜烯醇,254570,千克,0,?,2834503.0
29062100,苄醇,53754,千克,0,?,293549.0
29062990,其他芳香醇,305344,千克,0,?,1296718.0
29071110,苯酚,115,千克,0,?,24264.0
29071211,间甲酚,232,千克,0,?,62234.0
29071212,邻甲酚,44400,千克,0,?,40438.0
29071219,其他甲酚,132040,千克,0,?,170977.0
29071310,壬基酚,759525,千克,0,?,1067031.0
29071390,辛基酚及其异构体和盐，壬基酚异构体和盐,544002,千克,0,?,795495.0
29071510,β-萘酚（2-萘酚）,0,千克,0,?,251.0
29071590,其他萘酚及萘酚盐,5,千克,0,?,324.0
29071990,未列名一元酚,3402745,千克,0,?,8517244.0
29072100,间苯二酚,134437,千克,0,?,727065.0
29072210,对苯二酚,367035,千克,0,?,1804322.0
29072290,对苯二酚盐,8,千克,0,?,3335.0
29072300,4，4’-异亚丙基联苯酚（双酚A，而苯基酚丙烷）及其盐,584807,千克,0,?,752579.0
29072910,邻苯二酚,514660,千克,0,?,701839.0
29072990,未列名多元酚；酚醇,136653,千克,0,?,2374789.0
29081910,对氯苯酚,150002,千克,0,?,181329.0
29081990,其他仅含卤素取代基的酚及酚醇衍生物及其盐,8874769,千克,0,?,35818785.0
29089910,对硝基酚、对硝基酚钠,1000,千克,0,?,11566.0
29089990,未列名酚及酚醇的卤、磺、硝或亚硝化衍生物,56890,千克,0,?,270359.0
29091910,甲醚,4744,千克,0,?,322429.0
29091990,其他无环醚及其卤、磺、硝或亚硝化衍生物,164562,千克,0,?,3313969.0
29092000,环（烷、烯或萜烯）醚及其卤、磺化等衍生物,2010,千克,0,?,197969.0
29093090,其他芳香醚及其卤化、磺化、硝化或亚硝化衍生物,120252,千克,0,?,1340147.0
29094100,2，2-氧联二乙醇（二甘醇）,3923273,千克,0,?,3559642.0
29094300,乙二醇或二甘醇的单丁醚,5787983,千克,0,?,6524616.0
29094400,乙二醇或二甘醇的其他单烷基醚,92251,千克,0,?,390407.0
29094910,间苯氧基苄醇,18020,千克,0,?,138379.0
29094990,未列名醚醇及其卤、磺、硝或亚硝化衍生物,8151371,千克,0,?,14284816.0
29095000,醚酚、醚醇酚及其卤、磺、硝或亚硝化衍生物,396049,千克,0,?,3845745.0
29096010,缩醛及半缩醛过氧化物，及其卤化、磺化、硝化或亚硝化衍生物,23975,千克,0,?,194169.0
29096090,过氧化醇、过氧化醚、过氧化酮，及其卤化、磺化、硝化或亚硝化衍生物,69248,千克,0,?,609276.0
29102000,甲基环氧乙烷（氧化丙烯）,12622191,千克,0,?,14661506.0
29103000,1-氯-2，3-环氧丙烷（表氯醇）,8,千克,0,?,168.0
29109000,其他三节环环氧化物、环氧醇、环氧酚、环氧醚及其卤化、磺化、硝化或亚硝化衍生物,1270514,千克,0,?,6043674.0
29110000,缩醛及半缩醛及其卤、磺、硝或亚硝化衍生物,163701,千克,0,?,671988.0
29121100,甲醛,126,千克,0,?,20609.0
29121200,乙醛,7,千克,0,?,5310.0
29121900,未列名不含其他含氧基的无环醛,1605937,千克,0,?,3688044.0
29122100,苯甲醛,232,千克,0,?,17008.0
29122910,铃兰醛（对叔丁基-α-甲基-氧化肉桂醛）,47600,千克,0,?,229532.0
29122990,未列名不含其他含氧基的环醛,325079,千克,0,?,3221050.0
29124100,香草醛（3-甲氧基-4-羟基苯甲醛）,3157,千克,0,?,50858.0
29124200,乙基香草醛（3-乙氧基-4-羟基苯甲醛）,1,千克,0,?,60.0
29124910,醛醇,450,千克,0,?,61573.0
29124990,未列名醛醚、醛酚及含其他含氧基的醛,527210,千克,0,?,3927656.0
29125000,环聚醛,0,千克,0,?,110.0
29126000,多聚甲醛,366005,千克,0,?,318811.0
29130000,2912产品的卤化、磺化、硝化或亚硝化衍生物,291774,千克,0,?,340876.0
29141100,丙酮,19045564,千克,0,?,13908160.0
29141200,丁酮（甲基乙基（甲）酮）,22323,千克,0,?,55018.0
29141300,4-甲基-2-戊酮（甲基异丁基（甲）酮）,17,千克,0,?,1225.0
29141900,未列名不含其他含氧基的无环酮,86110,千克,0,?,6158411.0
29142200,环己酮及甲基环己酮,63517,千克,0,?,394443.0
29142300,芷香酮及甲基芷香酮,9104,千克,0,?,257652.0
29142910,樟脑,5,千克,0,?,90.0
29142990,未列名不含其他含氧基的环烷酮、环烯酮或环萜烯酮,431397,千克,0,?,4161105.0
29143910,苯乙酮,8,千克,0,?,2139.0
29143990,未列名不含其他含氧基的芳香酮,50888,千克,0,?,1203414.0
29144000,酮醇及酮醛,249723,千克,0,?,488735.0
29145019,其他酮酚,30033,千克,0,?,160047.0
29145020,2-羟基-4-甲氧基二苯甲酮,8,千克,0,?,2161.0
29145090,未列名含有其他含氧基的酮,239165,千克,0,?,1498131.0
29146200,辅酶Q10（癸烯醌（INN））,50,千克,0,?,1549.0
29146900,未列名醌,64379,千克,0,?,551411.0
29147900,其他酮及醌的卤化、磺化、硝化或亚硝化衍生物,114644,千克,0,?,2276718.0
29151100,甲酸,1036,千克,0,?,26872.0
29151200,甲酸盐,19871,千克,0,?,124540.0
29151300,甲酸酯,765,千克,0,?,39799.0
29152119,其他冰乙酸,8465,千克,0,?,84032.0
29152190,乙酸（冰乙酸除外）,103525,千克,0,?,244001.0
29152910,乙酸钠,470359,千克,0,?,168720.0
29152990,其他乙酸盐,71099,千克,0,?,1018073.0
29153100,乙酸乙酯,3662,千克,0,?,23319.0
29153200,乙酸乙烯酯,5850351,千克,0,?,4379275.0
29153300,乙酸（正）丁酯,428477,千克,0,?,1362498.0
29153900,未列名乙酸酯,561185,千克,0,?,2578592.0
29154000,一氯代乙酸、二氯乙酸或三氯乙酸及其盐和酯,83289,千克,0,?,242106.0
29155010,丙酸,223,千克,0,?,3564.0
29155090,丙酸盐和酯,3541,千克,0,?,36271.0
29156000,丁酸、戊酸及其盐和酯,316764,千克,0,?,910176.0
29157010,硬脂酸,70283,千克,0,?,144834.0
29157090,棕榈酸及其盐和酯、硬脂酸盐和酯,7835381,千克,0,?,9255324.0
29159000,其他饱和无环一元羧酸等及其衍生物,29355158,千克,0,?,60578086.0
29161100,丙烯酸及其盐,1618165,千克,0,?,1292842.0
29161220,丙烯酸乙酯,108856,千克,0,?,117404.0
29161240,丙烯酸异辛酯,291190,千克,0,?,805116.0
29161290,其他丙烯酸酯,1145719,千克,0,?,6269759.0
29161300,甲基丙烯酸及其盐,1163119,千克,0,?,2641631.0
29161400,甲基丙烯酸酯,4486824,千克,0,?,9128147.0
29161500,油酸、亚油酸或亚麻酸及其盐和酯,128218,千克,0,?,531897.0
29161900,其他不饱和无环一元羧酸等及其衍生物,519266,千克,0,?,4277422.0
29162010,二溴菊酸、DV菊酸甲酯,0,千克,0,?,277.0
29162090,其他环烷（烯，萜烯）一元羧酸等及衍生物,193250,千克,0,?,2250140.0
29163100,苯甲酸及其盐和酯,142331,千克,0,?,856783.0
29163200,过氧化苯甲酰及苯甲酰氯,6150,千克,0,?,352671.0
29163400,苯乙酸及其盐,2,千克,0,?,1608.0
29163920,布洛芬,138567,千克,0,?,1209291.0
29163990,未列名芳香一元羧酸及其酸酐等及其衍生物,70041,千克,0,?,984817.0
29171110,草酸,41339,千克,0,?,54022.0
29171190,其他草酸盐和酯,9368,千克,0,?,383751.0
29171200,己二酸及其盐和酯,495353,千克,0,?,1476154.0
29171310,癸二酸及其盐和酯,39202,千克,0,?,194947.0
29171390,壬二酸及其盐和酯,10888,千克,0,?,96082.0
29171400,马来酐,26920,千克,0,?,62190.0
29171900,其他无环多元羧酸及其酸酐等及其衍生物,188483,千克,0,?,2631173.0
29172010,四氢苯酐,330050,千克,0,?,611946.0
29172090,其他环烷（烯，萜烯）多元羧酸等及衍生物,856419,千克,0,?,2324382.0
29173200,邻苯二甲酸二辛酯,93960,千克,0,?,182746.0
29173300,邻苯二甲酸二壬酯及邻苯二甲酸二癸酯,225480,千克,0,?,268938.0
29173410,邻苯二甲酸二丁酯,6,千克,0,?,475.0
29173490,其他邻苯二甲酸酯,178663,千克,0,?,736813.0
29173500,邻苯二甲酸酐,234556,千克,0,?,284777.0
29173611,精对苯二甲酸,2851077,千克,0,?,2195942.0
29173619,其他对苯二甲酸,23705,千克,0,?,9059.0
29173700,对苯二甲酸二甲酯,549467,千克,0,?,828121.0
29173910,间苯二甲酸,18443575,千克,0,?,19489679.0
29173990,其他芳香多元羧酸及其酸酐等及其衍生物,454379,千克,0,?,2834463.0
29181100,乳酸及其盐和酯,2825287,千克,0,?,4061554.0
29181200,酒石酸,33309,千克,0,?,269914.0
29181300,酒石酸盐及酒石酸酯,20737,千克,0,?,106377.0
29181400,柠檬酸,30764,千克,0,?,371383.0
29181500,柠檬酸盐及柠檬酸酯,51543,千克,0,?,452013.0
29181600,葡糖酸及其盐和酯,78827,千克,0,?,325696.0
29181900,其他含醇基但不含其他含氧基的羧酸及其酸酐、酰卤化物、过氧化物和过氧酸以及它们的衍生物,332615,千克,0,?,3674161.0
29182110,水杨酸、水杨酸钠,21035,千克,0,?,189392.0
29182190,其他水杨酸盐,10000,千克,0,?,73500.0
29182210,邻乙酰水杨酸（阿斯匹林）,54,千克,0,?,2186.0
29182300,水杨酸的其他酯及其盐,15686,千克,0,?,180899.0
29182900,其他含酚基羧酸等及其衍生物,654912,千克,0,?,2766180.0
29183000,含醛基或酮基的羧酸等及其衍生物,397300,千克,0,?,3096128.0
29189900,其他含附加含氧基羧酸及其酸酐等及其衍生物,393546,千克,0,?,3332986.0
29199000,其他磷酸脂及盐和卤、磺、硝或亚硝化衍生物,420000,千克,0,?,3190532.0
29201900,其他硫代磷酸酯及盐和卤、磺、硝化等衍生物,38281,千克,0,?,448371.0
29202910,其他亚磷酸酯,153122,千克,0,?,1232747.0
29202990,亚磷酸酯的盐，以及亚磷酸酯及其盐的卤化、磺化、硝化或亚硝化衍生物,1054,千克,0,?,55360.0
29209000,未列名非金属无机酸酯(不包括卤化氢的酯)及其盐以及它们的卤化、磺化、硝化或亚硝化衍生物,847126,千克,0,?,4628434.0
29211100,甲胺、二甲胺或三甲胺及其盐,161,千克,0,?,3670787.0
29211990,未列名无环单胺及其衍生物以及它们的盐,485078,千克,0,?,3883678.0
29212110,乙二胺,101803,千克,0,?,156835.0
29212190,乙二胺盐,38106,千克,0,?,205706.0
29212210,己二酸己二胺盐（尼龙66盐）,35000,千克,0,?,90650.0
29212290,六亚甲基二胺及其未列名盐,1004294,千克,0,?,3277553.0
29212900,其他无环多胺及其衍生物以及它们的盐,2486135,千克,0,?,10041899.0
29213000,环（烷、烯、萜烯）单胺或多胺及其衍生物等,49190,千克,0,?,353862.0
29214190,苯胺盐,1216,千克,0,?,9834.0
29214200,苯胺衍生物及其盐,1672802,千克,0,?,4998670.0
29214300,甲苯胺及其衍生物以及它们的盐,403053,千克,0,?,731071.0
29214400,二苯胺及其衍生物以及它们的盐,50312,千克,0,?,343940.0
29214500,1-萘胺、2-萘胺及其衍生物以及它们的盐,54252,千克,0,?,559967.0
29214600,安非他明、苄非他明等以及它们的盐,0,千克,0,?,658.0
29214910,对异丙基苯胺,143760,千克,0,?,445656.0
29214920,二甲基苯胺,0,千克,0,?,44.0
29214990,未列名芳香单胺及其衍生物以及它们的盐,14539,千克,0,?,4677805.0
29215190,间-、对-苯二胺、二氨基甲苯及其衍生物等,229676,千克,0,?,633706.0
29215900,其他芳香多胺及其衍生物以及它们的盐,502603,千克,0,?,2711999.0
29221100,单乙醇胺及其盐,125624,千克,0,?,119917.0
29221200,二乙醇胺及其盐,9,千克,0,?,493.0
29221910,乙胺丁醇,0,千克,0,?,220.0
29221921,二甲氨基乙醇及其质子化盐,48164,千克,0,?,254320.0
29221922,二乙氨基乙醇及其质子化盐,1000,千克,0,?,17800.0
29221940,甲基二乙醇胺盐,200,千克,0,?,3188.0
29221990,未列名氨基醇及其醚和酯以及它们的盐,929220,千克,0,?,14670619.0
29222100,氨基羟基萘磺酸及其盐,1177760,千克,0,?,7433663.0
29222910,茴香胺、二茴香胺、氨基苯乙醚及其盐,23519,千克,0,?,255792.0
29222990,其他氨基萘酚和其他氨基酚及其醚、酯和盐,156020,千克,0,?,2870962.0
29223990,其他氨基醛、氨基酮和氨基醌以及它们的盐,72,千克,0,?,67800.0
29224110,赖氨酸,42,千克,0,?,52890.0
29224190,赖氨酸酯及盐,152,千克,0,?,7435.0
29224210,谷氨酸,1263,千克,0,?,25178.0
29224220,谷氨酸钠,403,千克,0,?,30925.0
29224290,其他谷氨酸盐,3,千克,0,?,550.0
29224310,邻氨基苯甲酸（氨茴酸）,4,千克,0,?,90.0
29224390,邻氨基苯甲酸（氨茴酸）盐,5,千克,0,?,295.0
29224911,氨甲环酸,52,千克,0,?,4525.0
29224919,未列名氨基酸,623126,千克,0,?,6705181.0
29224991,普鲁卡因及其盐,4,千克,0,?,4654.0
29224999,其他氨基酸酯及盐,408573,千克,0,?,1683723.0
29225010,对羟基苯酐氨酸及其邓钾盐,0,千克,0,?,113.0
29225090,其他氨基醇酚、氨基酸酚及其他含氧基氨基化合物,114501,千克,0,?,4971182.0
29231000,胆碱及其盐,11754,千克,0,?,1380950.0
29232000,卵磷脂及其他磷氨基类脂,681205,千克,0,?,5496023.0
29239000,其他季铵盐及季铵碱,1676566,千克,0,?,3434233.0
29241910,N，N－二甲基甲酰胺,1001,千克,0,?,28834.0
29241990,其他无环酰胺及其衍生物以及它们的盐,1173348,千克,0,?,7299225.0
29242100,烷基脲及其衍生物以及它们的盐,9479,千克,0,?,320169.0
29242920,对乙酰氨基酚（扑热息痛）,14,千克,0,?,1054.0
29242930,阿斯巴甜,0,千克,0,?,187.0
29242990,未列名环酰胺及其衍生物以及它们的盐,570536,千克,0,?,41868359.0
29251100,糖精及其盐,9091,千克,0,?,161605.0
29251900,其他酰亚胺及其衍生物以及它们的盐,105899,千克,0,?,3866899.0
29252900,其他亚胺及其衍生物以及它们的盐,445851,千克,0,?,19489016.0
29261000,丙烯腈,3834699,千克,0,?,4785654.0
29262000,1-氰基胍（双氰胺）,66450,千克,0,?,445802.0
29269090,未列名腈基化合物,344657,千克,0,?,6686965.0
29270000,重氮化合物、偶氮化合物及氧化偶氮化合物,116545,千克,0,?,3883510.0
29280000,肼（联氨）及胲（羟胺）的有机衍生物,140192,千克,0,?,957619.0
29291010,2，4－和2，6－甲苯二异氰酸酯混合物（甲苯二异氰酸酯TDI）,324694,千克,0,?,627098.0
29291020,二甲苯二异氰酸酯（TODI）,0,千克,0,?,60.0
29291030,二苯基甲烷二异氰酸酯（纯MDI）,10027629,千克,0,?,22535160.0
29291040,六亚甲基二异氰酸酯,20401,千克,0,?,110762.0
29291090,其他异氰酸酯,912419,千克,0,?,7624716.0
29299010,环己基氨基磺酸钠（甜蜜素）,2,千克,0,?,329.0
29299090,未列名含氮基化合物,18265,千克,0,?,4350607.0
29302000,硫代氨基甲酸酯或盐及二硫代氨基甲酸酯或盐,42968,千克,0,?,494974.0
29303000,一或二或四硫化二烃氨基硫羰,2571,千克,0,?,19827.0
29304000,甲硫氨酸（蛋氨酸）,9807231,千克,0,?,35078127.0
29309010,双巯丙氨酸（胱氨酸）,152,千克,0,?,38250.0
29309020,二硫代碳酸酯（或盐）〔黄原酸酯（或盐）〕,0,千克,0,?,65.0
29309090,未列名有机硫化合物,6862862,千克,0,?,34090463.0
29314910,双甘膦,2160,千克,0,?,7992.0
29314990,其他非卤化有机磷衍生物,124453,千克,0,?,1027554.0
29315900,其他卤化有机磷衍生物,0,千克,0,?,1644.0
29319000,未列名有机无机化合物,828349,千克,0,?,40505027.0
29321100,四氢呋喃,59439,千克,0,?,174740.0
29321200,2-糠醛,8,千克,0,?,696.0
29321300,糠醇及四氢糠醇,9,千克,0,?,833.0
29321400,三氯蔗糖,1753,千克,0,?,91352.0
29321900,其他结构上含有一个非稠合呋喃环的化合物,111692,千克,0,?,1442737.0
29322010,香豆素、甲基香豆素及乙基香豆素,50,千克,0,?,1297.0
29322090,其他内酯,306211,千克,0,?,4325882.0
29329910,7-羟基苯并呋喃（呋喃酚）,0,千克,0,?,25830.0
29329920,"2,2'-双甲氧羰基-4,4'-双甲氧基-5,5',6,6'-双亚甲二氧基联苯（联苯双酯）",0,千克,0,?,6.0
29329990,其他仅含有氧杂原子的杂环化合物,236923,千克,0,?,85241270.0
29331100,二甲基苯基吡唑酮（安替比林）及其衍生物,59,千克,0,?,63687.0
29331920,安乃近,41325,千克,0,?,444090.0
29331990,未列名结构上含有非稠合吡唑环的化合物,112220,千克,0,?,811558.0
29332100,乙内酰脲及其衍生物,24586,千克,0,?,247690.0
29332900,其他结构上含有非稠合咪唑环的化合物,183628,千克,0,?,3011835.0
29333100,吡啶及其盐,647774,千克,0,?,1558824.0
29333990,未列名结构上含有一个非稠合吡啶环的化合物,552686,千克,0,?,140941967.0
29334900,其他结构上含有一个喹啉或异喹啉环系(不论是否氢化)的化合物，但未经进一步稠合的,15435,千克,0,?,1560288.0
29335200,丙二酰脲（巴比土酸）及其盐,26,千克,0,?,8361.0
29335400,其他丙二酰脲的衍生物以及它们的盐,0,千克,0,?,729.0
29335920,环丙氟哌酸,0,千克,0,?,497.0
29335990,其他结构上含有一个嘧啶环或哌嗪环的化合物,454701,千克,0,?,19968919.0
29336100,三聚氰胺（蜜胺）,31535,千克,0,?,154577.0
29336922,三氯异氰脲酸,16200,千克,0,?,39597.0
29336929,其他异氰脲酸氯化衍生物,28155,千克,0,?,86099.0
29336990,未列名结构上含有非稠合三嗪环的化合物,669425,千克,0,?,5275754.0
29337100,6-己内酰胺,230260,千克,0,?,351916.0
29337900,其他内酰胺,1045905,千克,0,?,8736177.0
29339900,未列名仅含有氮杂原子的杂环化合物,2369082,千克,0,?,137961442.0
29341090,其他结构上含有一个非稠合噻唑环的化合物,11617,千克,0,?,416871.0
29342000,含一个苯并噻唑环系未经进一步稠合的化合物,5395,千克,0,?,328669.0
29343000,含一个吩噻嗪环系的未经进一步稠合的化合物,3,千克,0,?,4024.0
29349910,磺内酯及磺内酰胺,2002,千克,0,?,41696.0
29349930,核酸及其盐,75,千克,0,?,1524050.0
29349950,克拉维酸及其盐,1,千克,0,?,27035.0
29349960,7-苯乙酰基-3-氯甲基-4-头孢烷酸对甲氧基苄酯、7-氨基头孢烷酸、7-氨基脱乙酰氧基头孢烷酸,106830,千克,0,?,4573758.0
29349970,6-氨基青霉烷酸（6-APA）,0,千克,0,?,1126.0
29349990,未列名杂环化合物,667443,千克,0,?,41449261.0
29359000,其他磺(酰)胺,224485,千克,0,?,22365007.0
29362100,未混合的维生素A及其衍生物,113263,千克,0,?,676276.0
29362200,未混合的维生素B1及其衍生物,1301,千克,0,?,53484.0
29362300,未混合的维生素B2及其衍生物,20483,千克,0,?,302494.0
29362400,未混合的D或DL-泛酸（维生素B3或B5）及其衍生物,23122,千克,0,?,544223.0
29362500,未混合的维生素B6及其衍生物,2464,千克,0,?,61420.0
29362600,未混合的维生素B12及其衍生物,3849,千克,0,?,512211.0
29362700,未混合的维生素C及其衍生物,18909,千克,0,?,190715.0
29362800,未混合的维生素E及其衍生物,246435,千克,0,?,3996211.0
29362900,其他未混合的维生素及其衍生物,172271,千克,0,?,3141998.0
29369090,天然或合成再制的维生素原和其他维生素（包括天然浓缩物）及其主要用作维生素的衍生物；本品目所述产品的其他混合物,376,千克,0,?,89443.0
29371210,重组人胰岛素及其盐,26,千克,0,?,1359799.0
29371900,其他多肽等激素及其衍生物和结构类似物,770,千克,0,?,277657596.0
29372100,可的松、氢化可的松、脱氢可的松及脱氢皮醇,100,千克,0,?,27000.0
29372210,地塞米松,0,千克,0,?,3600.0
29372290,其他皮质甾类激素的卤化衍生物,20,千克,0,?,854463.0
29372390,其他雌（甾）激素和孕激素,18,千克,0,?,126860.0
29372900,其他甾族激素及其衍生物和结构类似物,321,千克,0,?,748449.0
29375000,前列腺素、血栓烷等及其衍生物和结构类似物,130,千克,0,?,315808.0
29389010,齐多夫定/拉米夫定/司他夫定/地达诺新及盐,225,千克,0,?,25295.0
29389090,其他苷及其盐、醚、酯和其他衍生物,185601,千克,0,?,2712228.0
29391100,罂粟杆浓缩物、丁丙诺啡等以及它们的盐,320,千克,0,?,1538000.0
29391900,其他鸦片碱及其衍生物以及它们的盐,60,千克,0,?,480000.0
29392000,金鸡纳生物碱及其衍生物以及它们的盐,1259,千克,0,?,111490.0
29394200,假麻黄碱（INN）及其盐,0,千克,0,?,1966.0
29394400,去甲麻黄碱及其盐,25,千克,0,?,3606.0
29394500,左甲苯丙胺、去氧麻黄碱（INN）、去氧麻黄碱外消旋体，以及它们的盐,0,千克,0,?,449.0
29397990,植物来源的其他天然或合成再制的生物碱及其盐、醚、酯和其他衍生物,62,千克,0,?,314073.0
29398090,非植物来源的其他天然或合成再制的生物碱及其盐、醚、酯和其他衍生物,2,千克,0,?,12000.0
29400010,木糖,0,千克,0,?,47.0
29400090,"其他化学纯糖，但蔗糖、乳糖、麦芽糖、葡萄糖及果糖除外；糖醚、糖缩醛、糖酯及其盐,但不包括品目29.37、29.38及29.39的产品",775145,千克,0,?,6495771.0
29411096,邻氯青霉素,4730,千克,0,?,132837.0
29411099,其他青霉素和有其结构的青霉素衍生物及其盐,25,千克,0,?,8500.0
29413020,四环素衍生物及其盐,1715,千克,0,?,2284908.0
29415000,红霉素及其衍生物以及它们的盐,0,千克,0,?,4589.0
29419010,庆大霉素及其衍生物以及它们的盐,23,千克,0,?,74010.0
29419053,头孢唑啉及其盐,2301,千克,0,?,414180.0
29419055,头孢三嗪（头孢曲松）及其盐,4532,千克,0,?,3865801.0
29419058,头孢克罗及其盐,7000,千克,0,?,1237220.0
29419059,其他头孢菌素及其衍生物以及它们的盐,2000,千克,0,?,411230.0
29419090,未列名抗菌素,1770,千克,0,?,3610318.0
29420000,其他有机化合物,39994,千克,0,?,451965.0
30012000,腺体、其他器官及其分泌物的提取物,309,千克,0,?,226001.0
30019010,肝素及其盐,11947,千克,0,?,1771347.0
30019090,未列名供防治病用的人体或动物制品；已干燥的腺体及其他器官，不论是否制成粉末,120977,千克,0,?,1608577.0
30021200,抗血清及其他血份,419084,千克,0,?,128283095.0
30021300,非混合的免疫制品，未配定剂量或制成零售包装,29,千克,0,?,557647.0
30021400,混合的免疫制品，未配定剂量或制成零售包装,455,千克,0,?,29337670.0
30021500,免疫制品，已配定剂量或制成零售包装,93683,千克,0,?,656934317.0
30024100,人用疫苗,42225,千克,0,?,85838515.0
30024200,兽用疫苗,62261,千克,0,?,9041628.0
30024930,细菌及病毒,141753,千克,5790065082407,株,15343325.0
30024990,其他毒素、培养微生物（不包括酵母）及类似产品,7835,千克,0,?,16188063.0
30025900,其他细胞培养物（细胞治疗产品除外）,15,千克,0,?,1863676.0
30029090,人血；其他治病、防病或诊断用动物血制品(疫苗除外）,3,千克,0,?,9231.0
30039000,"未列名两种或两种以上成分混合而成的药品,未配定剂量或制成零售包装",362760,千克,0,?,60353863.0
30041011,氨苄青霉素制剂,776,千克,0,?,56821.0
30041012,羟氨苄青霉素制剂,38654,千克,0,?,2214747.0
30041013,青霉素Ｖ制剂,7415,千克,0,?,329893.0
30041019,其他含有青霉素及具有青霉烷酸结构的青霉素衍生物的药品，已配定剂量或制成零售包装,1147,千克,0,?,422141.0
30042012,头孢他啶制剂,9079,千克,0,?,19298681.0
30042015,头孢克罗制剂,3578,千克,0,?,64717.0
30042016,头孢呋辛制剂,27,千克,0,?,5010.0
30042017,头孢三嗪（头孢曲松）制剂,7626,千克,0,?,416593.0
30042019,其他含有头孢菌素的药品，已配定剂量或制成零售包装,12615,千克,0,?,1177540.0
30042090,未列名含有抗菌素的药品，已配定剂量或制成零售包装,530394,千克,0,?,62436208.0
30043200,含有皮质甾类激素及其衍生物或结构类似物的药品，已配定剂量或制成零售包装,586857,千克,0,?,108169102.0
30043900,未列名含有激素或品目29.37其他产品的药品，已配定剂量或制成零售包装,484372,千克,0,?,407722521.0
30044200,含有伪麻黄碱（INN）及其盐的药品，已配定剂量或制成零售包装,0,千克,0,?,516.0
30044900,未列名含有其他生物碱及其衍生物的药品，已配定剂量或制成零售包装,76351,千克,0,?,6648304.0
30045000,其他含有维生素或品目29.36所列产品的药品，已配定剂量或制成零售包装,1834300,千克,0,?,42315230.0
30049010,含有磺胺类的药品，已配定剂量或制成零售包装,78690,千克,0,?,90367989.0
30049054,清凉油,9660,千克,0,?,405035.0
30049059,其他中式成药,271813,千克,0,?,21924504.0
30049090,未列名混合或非混合产品构成的药品，已配定剂量或制成零售包装,4333976,千克,0,?,1316077000.0
30051010,橡皮膏,1238,千克,0,?,22501.0
30051090,未列名胶粘敷料及其他有胶粘涂层的物品,188424,千克,0,?,7619607.0
30059010,药棉、纱布、绷带,20242,千克,0,?,630811.0
30059090,未列名软填料及类似物品,29003,千克,0,?,4389638.0
30061000,无菌外科肠线，昆布，止血材料，阻隔材料,11867,千克,0,?,16230408.0
30063000,X光检查造影剂；用于病人的诊断试剂,290749,千克,0,?,31190990.0
30064000,牙科粘固剂及其他牙科填料；骨骼粘固剂,53568,千克,0,?,15487430.0
30065000,急救药箱、药包,2589,千克,0,?,159696.0
30066010,以激素为基本成分的避孕药,40116,千克,0,?,24697403.0
30067000,专用于人类或兽药的凝胶制品，作为外科手术或体检时躯体部位的润滑剂，或者作为躯体和医疗器械之间的耦合剂,36993,千克,0,?,696474.0
30069100,可确定用于造口术的用具,83529,千克,0,?,6907116.0
30069300,安慰剂和盲法（或双盲法）临床试验试剂盒，用于经许可的临床试验，已配定剂量,3494,千克,0,?,6234071.0
31010090,经化学处理的动植物肥料；动植物产品经化学处理制成的肥料,1127500,千克,0,?,688386.0
31021000,尿素，不论是否水溶液,45351,千克,0,?,211830.0
31022100,硫酸铵,20,千克,0,?,99.0
31026000,硝酸钙和硝酸铵的复盐及混合物,96000,千克,0,?,46805.0
31029090,其他矿物氮肥及化学氮肥，包括上述子目未列名的混合物,649040,千克,0,?,626385.0
31042020,纯氯化钾,700,千克,0,?,11077.0
31042090,其他氯化钾,1347240057,千克,0,?,475537650.0
31043000,硫酸钾,4567851,千克,0,?,2955470.0
31049010,光卤石、钾盐及其他天然粗钾盐,4298314,千克,0,?,697587.0
31049090,其他矿物钾肥及化学钾肥,14047966,千克,0,?,3225937.0
31051000,制成片及类似形状或每件毛重≤10kg的本章各项货品,341464,千克,0,?,959360.0
31052000,含氮、磷、钾三种元素的矿物肥料或化学肥料,96852474,千克,0,?,63187349.0
31053000,磷酸氢二铵,925,千克,0,?,5361.0
31054000,磷酸二氢铵及其与磷酸氢二铵的混合物,201,千克,0,?,1373.0
31055900,其他含氮、磷两种元素的矿物肥料或化学肥料,1721947,千克,0,?,841805.0
31056000,含磷、钾两种肥效元素的矿物肥料或化学肥料,78128,千克,0,?,169255.0
31059010,有机-无机复混肥料,139218,千克,0,?,148232.0
31059090,其他肥料,1932215,千克,0,?,3677900.0
32011000,坚木浸膏,544200,千克,0,?,1188603.0
32012000,荆树皮浸膏,742700,千克,0,?,1353099.0
32019010,其他植物鞣料浸膏,396030,千克,0,?,871004.0
32019090,鞣酸及其盐、醚、酯和其他衍生物,594858,千克,0,?,1155377.0
32021000,有机合成鞣料,2975935,千克,0,?,4804829.0
32029000,无机鞣料；鞣料制剂；预鞣用酶制剂,2387242,千克,0,?,2570648.0
32030011,天然靛蓝及以其为基本成分的制品,17000,千克,0,?,31294.0
32030019,其他植物质着色料及以其为基本成分的制品,60980,千克,0,?,2003673.0
32030020,动物质着色料及以其为基本成分的制品,14659,千克,0,?,1998758.0
32041100,分散染料及以其为基本成分的制品,403540,千克,0,?,5244533.0
32041200,酸性染料和媒染染料及以其为基本成分的制品,994510,千克,0,?,10494570.0
32041300,碱性染料及以其为基本成分的制品,398306,千克,0,?,2404661.0
32041400,直接染料及以其为基本成分的制品,401936,千克,0,?,2226114.0
32041510,合成靛蓝（还原靛蓝）,11,千克,0,?,698.0
32041590,其他瓮染染料及以其为基本成分的制品,45954,千克,0,?,1560776.0
32041600,活性染料及以其为基本成分的制品,665521,千克,0,?,7219097.0
32041700,颜料及以其为基本成分的制品,1156647,千克,0,?,25839172.0
32041810,类胡萝卜素（包括胡萝卜素）着色料,0,千克,0,?,8539.0
32041820,以类胡萝卜素（包括胡萝卜素）为基本成分的制品,102775,千克,0,?,4918951.0
32041911,硫化黑（硫化青）及以其为基本成分的制品,25188,千克,0,?,67394.0
32041919,其他硫化染料及以其为基本成分的制品,49132,千克,0,?,307952.0
32041990,未列名有机合成着色料及以其为基本成分制品,198311,千克,0,?,3183132.0
32042000,用作荧光增白剂的有机合成产品,92917,千克,0,?,918277.0
32049010,有机合成的生物染色剂及染料指示剂,7219,千克,0,?,771108.0
32049090,其他用作发光体的有机合成产品,23952,千克,0,?,20673980.0
32050000,色淀；本章注释3所述的以色淀为基本成分的制品,39511,千克,0,?,2021118.0
32061111,钛白粉，金红石型含量≥99.8%、明度（干粉L*）≥99.0,3487290,千克,0,?,11087717.0
32061119,其他钛白粉,1916081,千克,0,?,6204139.0
32061190,其他干物质计二氧化钛含量≥80%颜料及制品,213728,千克,0,?,2033537.0
32061900,其他以二氧化钛为基本成分的颜料及制品,351459,千克,0,?,3063903.0
32062000,以铬化合物为基本成分的颜料及制品,12834,千克,0,?,159434.0
32064100,群青及以其为基本成分的制品,467961,千克,0,?,1992496.0
32064210,锌钡白（立德粉）,6120,千克,0,?,29144.0
32064290,其他以硫化锌为基本成分的颜料及制品,2985,千克,0,?,20734.0
32064911,以钒酸铋为基本成分的颜料及制品,30763,千克,0,?,816865.0
32064919,其他以铋化合物为基本成分的颜料及制品,85,千克,0,?,5808.0
32064990,未列名着色料及其他制品,1260265,千克,0,?,15287953.0
32065000,用作发光体的无机产品,8433,千克,0,?,3652357.0
32071000,陶瓷、搪瓷及玻璃工业用调制颜料、遮光剂等,209753,千克,0,?,3008088.0
32072000,珐琅和釉料、釉底料（泥釉）及类似制品,1160630,千克,0,?,5541685.0
32073000,光瓷釉及类似制品,663,千克,0,?,91457.0
32074000,搪瓷玻璃料及其他玻璃，呈粉、粒或粉片状的,1902532,千克,0,?,8823039.0
32081000,以聚酯为基本成分的油漆及清漆（包括瓷漆及大漆），分散于或溶于非水介质,541428,千克,0,?,16702749.0
32082010,以丙烯酸聚合物为基本成分的油漆及清漆（包括瓷漆及大漆），分散于或溶于非水介质,2325935,千克,0,?,29299129.0
32082020,以乙烯基聚合物为基本成分的油漆及清漆（包括瓷漆及大漆），分散于或溶于非水介质,11509,千克,0,?,694747.0
32089010,聚氨酯化合物油漆及清漆等；章注4所述溶液,280354,千克,0,?,3608518.0
32089090,未列名溶于非水介质聚合物漆；章注4的溶液,5180117,千克,0,?,97864326.0
32091000,以丙烯酸聚合物或乙烯基聚合物为基本成分的油漆及清漆(包括瓷漆及大漆)，分散于或溶于水介质,1786877,千克,0,?,6421060.0
32099010,以环氧树脂为基本成分的油漆及清漆,705567,千克,0,?,1820278.0
32099020,以氟树脂为基本成分的油漆及清漆,60462,千克,0,?,6950749.0
32099090,以未列名聚合物为基本成分的油漆及清漆,768544,千克,0,?,7002892.0
32100000,其他油漆及清漆；加工皮革用的水性颜料,608157,千克,0,?,11324623.0
32110000,配制的催干剂,174873,千克,0,?,3350469.0
32121000,压印箔,178437,千克,0,?,6752118.0
32129000,制造油漆（含瓷漆）用的颜料；零售形状及零售包装的染料或其他着色料,556142,千克,0,?,8230224.0
32131000,成套的颜料,7608,千克,0,?,166385.0
32139000,其他颜料、调色料、文娱颜料及类似品,20340,千克,0,?,710665.0
32141010,封装半导体器件用树脂胶及类似胶粘剂,788167,千克,0,?,25316029.0
32141090,其他安装玻璃用油灰、接缝用油灰、树脂胶泥、嵌缝胶及类似胶粘剂；漆工用填料,2391390,千克,0,?,28672216.0
32149000,非耐火涂面制剂，涂门面、内墙、地板、天花板等用,329918,千克,0,?,1084667.0
32151100,黑色印刷油墨,143622,千克,0,?,5065977.0
32151900,其他印刷油墨,549912,千克,0,?,18288791.0
32159010,书写墨水,139830,千克,0,?,1031007.0
32159020,水性喷墨墨水,459627,千克,0,?,7918683.0
32159090,其他绘图墨水及其他墨类,321308,千克,0,?,3576394.0
33011200,橙油,190374,千克,0,?,7044484.0
33011300,柠檬油,75741,千克,0,?,1812983.0
33011910,白柠檬油（酸橙油）,13421,千克,0,?,1492678.0
33011990,其他柑桔属果实精油,41955,千克,0,?,3058138.0
33012400,胡椒薄荷油,24027,千克,0,?,1193666.0
33012500,其他薄荷油,297359,千克,0,?,3810657.0
33012920,香茅油,1384,千克,0,?,43621.0
33012930,茴香油,1736,千克,0,?,156817.0
33012940,桂油,23087,千克,0,?,299204.0
33012950,山苍子油,179,千克,0,?,7263.0
33012960,桉叶油,1170,千克,0,?,26572.0
33012991,老鹳草油（香叶油）,1351,千克,0,?,199601.0
33012999,未列名非柑桔属果实精油,164628,千克,0,?,8812062.0
33013010,鸢尾凝脂,5,千克,0,?,10321.0
33013090,其他香膏,237,千克,0,?,44736.0
33019010,提取的油树脂,7249,千克,0,?,238559.0
33019020,柑桔属果实的精油脱萜的萜烯副产品,73663,千克,0,?,1089007.0
33019090,含浓缩精油的制品；其他萜烯副产品及精油液,132599,千克,0,?,835561.0
33021010,酒精浓度≤0.5%以香料为基本成份的饮料原液,208693,千克,0,?,8540299.0
33021090,其他食品饮料工业用混合香料及含香料混合物,717378,千克,0,?,21541795.0
33029000,其他工业用混合香料及香料为基本成份混合物,821393,千克,0,?,17370228.0
33030000,香水及花露水,308025,千克,11719770,件,142185746.0
33041000,唇用化妆品,41604,千克,7302986,件,46663968.0
33042000,眼用化妆品,35564,千克,2840506,件,14016723.0
33043000,指（趾）甲化妆品,3428,千克,71862,件,366350.0
33049100,粉，不论是否压紧,78312,千克,3842502,件,31203788.0
33049900,其他美容品或化妆品及护肤品,11088520,千克,310613227,件,1021555599.0
33051000,洗发剂（香波）,3607539,千克,0,?,32158569.0
33052000,烫发剂,41418,千克,0,?,397099.0
33053000,定型剂,67823,千克,0,?,1509602.0
33059000,其他护发品,1950480,千克,0,?,40191949.0
33061010,牙膏,1519816,千克,0,?,11671718.0
33061090,其他洁齿品,58117,千克,0,?,639307.0
33062000,清洁牙缝用纱线（牙线），单独零售包装的,37391,千克,0,?,552670.0
33069010,漱口剂,570022,千克,0,?,1443446.0
33069090,其他口腔清洁剂，包括假牙稳固剂及粉,15117,千克,0,?,1690116.0
33071000,剃须用制剂,32600,千克,0,?,321609.0
33072000,人体除臭剂及止汗剂,33006,千克,0,?,2708843.0
33073000,香浴盐及其他泡澡用制剂,205354,千克,0,?,684903.0
33074100,神香及其他室内通过燃烧散发香气的制品,111191,千克,0,?,677420.0
33074900,室内除臭制品,398100,千克,0,?,6838496.0
33079000,脱毛剂和未列名的芳香料制品及化妆盥洗品,1227422,千克,0,?,12756692.0
34011100,盥洗用条块状肥皂及有机表面活性产品,557459,千克,0,?,2637379.0
34011910,洗衣皂（条状、块状或模制形状）,596307,千克,0,?,1480340.0
34011990,未列名条块状肥皂及有机表面活性产品等,229046,千克,0,?,1353625.0
34012000,其他形状的肥皂,3874653,千克,0,?,4106590.0
34013000,洁肤用有机表面活性产品及制品，零售包装的,4597585,千克,0,?,62169235.0
34023100,直链烷基苯磺酸及其盐,448053,千克,0,?,1173313.0
34023900,其他阴离子型有机表面活性剂,5577591,千克,0,?,14763928.0
34024100,阳离子型有机表面活性剂,406548,千克,0,?,1673787.0
34024200,非离子型有机表面活性剂,5958081,千克,0,?,28117178.0
34024900,其他有机表面活性剂,445493,千克,0,?,1651959.0
34025010,零售包装的合成洗涤粉,514595,千克,0,?,870865.0
34025090,其他零售包装表面活性剂制品、洗涤剂及清洁剂,10848287,千克,0,?,28190659.0
34029000,其他表面活性剂制品、洗涤剂及清洁剂,7955713,千克,0,?,47443420.0
34031100,矿物油＜70％的纺织材料、皮革等材料处理剂,3159999,千克,0,?,9730076.0
34031900,矿物油＜70％的润滑剂,4191680,千克,0,?,32433121.0
34039100,不含矿物油的纺织材料、皮革等材料处理剂,8816841,千克,0,?,25335998.0
34039900,不含石油或从沥青矿物提取油类的润滑剂,5905697,千克,0,?,49793395.0
34042000,聚氧乙烯（聚乙二醇）蜡,1404553,千克,0,?,2604441.0
34049000,其他人造蜡及调制蜡,22119943,千克,0,?,48818514.0
34051000,鞋靴或皮革用的上光剂及类似制品,54343,千克,0,?,446368.0
34052000,保养木制品用的上光剂及类似制品,88414,千克,0,?,793509.0
34053000,车身用的上光剂及类似制品，金属用的光洁剂除外,87292,千克,0,?,700887.0
34054000,擦洗膏、去污粉及类似制品,110824,千克,0,?,526503.0
34059000,玻璃或金属用的光洁剂及类似制品,6575421,千克,0,?,60120834.0
34060000,各种蜡烛及类似品,108115,千克,0,?,2816430.0
34070010,成套、零售包装或制成片状、马蹄形、条纹及类似形状的牙科用蜡及造型膏,26533,千克,0,?,977200.0
34070020,以熟石膏为基本成分的牙科用其他制品,86403,千克,0,?,403633.0
34070090,其他塑型用膏,200439,千克,0,?,1358000.0
35011000,酪蛋白,2300956,千克,0,?,18703702.0
35019000,酪蛋白酸盐及其他酪蛋白衍生物；酪蛋白胶,2526551,千克,0,?,23563042.0
35022000,乳白蛋白，两种或两种以上的乳清蛋白浓缩物,2543453,千克,0,?,72048611.0
35029000,其他白蛋白、白蛋白盐及其他白蛋白衍生物,3004,千克,0,?,764443.0
35030010,明胶及其衍生物,278317,千克,0,?,1391119.0
35040010,蛋白胨,74524,千克,0,?,1964022.0
35040020,植物蛋白，以干基计蛋白质含量≥90%,8567,千克,0,?,54447.0
35040090,蛋白胨衍生物；未列名蛋白质及衍生物；皮粉,989722,千克,0,?,8928040.0
35051000,糊精及其他改性淀粉,28064946,千克,0,?,37014005.0
35052000,以淀粉、糊精或其他改性淀粉为基本成分的胶,387,千克,0,?,1606.0
35061000,零售包装每件净重≤1kg的胶,377307,千克,0,?,62868064.0
35069110,以聚酰胺为基本成分的粘合剂,183154,千克,0,?,1589880.0
35069120,以环氧树脂为基本成分的粘合剂,869796,千克,0,?,21194771.0
35069190,其他以橡胶或39章聚合物为基本成分的黏合剂,7639355,千克,0,?,114945127.0
35069900,未列名的调制胶及其他调制黏合剂,1242091,千克,0,?,13222103.0
35071000,粗制凝乳酶及其浓缩物,53,千克,0,?,7105.0
35079010,碱性蛋白酶,106689,千克,0,?,831870.0
35079020,碱性脂肪酶,9961,千克,0,?,129345.0
35079090,未列名的酶；未列名的酶制品,1142979,千克,0,?,33035596.0
36010000,发射药,16779,千克,0,?,1666322.0
36035000,引爆器,27023,千克,0,?,7376577.0
36036000,电雷管,160,千克,0,?,23369.0
36041000,烟花、爆竹,3497,千克,0,?,381781.0
36049000,信号弹、降雨火箭及其他烟火制品,139,千克,0,?,160137.0
36050000,火柴，但3604的烟火制品除外,14400,千克,0,?,12096.0
36061000,打火机液体燃料，容器容积≤300cm3,6,千克,0,?,375.0
36069011,已切成形可直接使用的铈铁及其他引火合金,2199,千克,0,?,149668.0
36069090,其他易燃材料制品,2,千克,0,?,6339.0
37011000,X光用摄影感光硬片及平面软片,24323,千克,65605,平方米,2474056.0
37012000,一次成像软片,68621,千克,0,?,5063878.0
37013021,激光照排片，任一边＞255mm,110,千克,387,平方米,6659.0
37013024,未曝光的CTP版，任一边＞255mm,21430,千克,22161,平方米,504277.0
37013025,柔性印刷版，任何一边超过255毫米,128494,千克,59984,平方米,2961275.0
37013029,其他照相制版用硬片及软片，任一边＞255mm,205989,千克,168131,平方米,15954088.0
37013090,未列名硬片及软片，任一边＞255mm,282718,千克,998797,平方米,5988288.0
37019920,照相制版用其他硬片及平面软片,6274,千克,426,平方米,8332332.0
37019990,未列名硬片及平面软片,10191,千克,25499,平方米,7432981.0
37021000,X光用成卷的感光卷片,163265,千克,570309,平方米,9615118.0
37023110,无齿孔彩色摄影用一次成像卷片，宽≤105mm,200,千克,194,平方米,13065.0
37023190,其他无齿孔彩色摄影用卷片，宽≤105mm,32,千克,174,平方米,1946.0
37023220,制版用涂卤化银无齿孔卷片，宽≤105mm,137,千克,173,平方米,25796.0
37023990,未列名无齿孔卷片，宽≤105mm,3,千克,4,平方米,7393.0
37024221,制印刷电路板光致抗蚀干膜，宽＞610mm，长＞200m,96567,千克,1282322,平方米,1722498.0
37024229,其他照相制版单色无孔卷片，宽＞610mm，长＞200m,303207,千克,1592213,平方米,12419014.0
37024292,未曝光红色或红外激光胶片，宽＞610mm，长＞200m,701229,千克,2846050,平方米,12154005.0
37024329,其他照相制版无齿孔卷片，宽＞610mm，长≤200m,2260,千克,14107,平方米,55021.0
37024390,未列名无齿孔卷片，宽＞610mm，长≤200m,3626,千克,8905,平方米,762225.0
37024421,激光照排片，105mm＜宽≤610mm,367,千克,79,平方米,54521.0
37024422,制印刷电路板光致抗蚀干膜105mm＜宽≤610mm,65651,千克,454148,平方米,12227510.0
37024429,其他照相制版无齿孔卷片，105mm＜宽≤610mm,4483,千克,66449,平方米,809248.0
37024490,其他无齿孔卷片，105mm＜宽≤610mm,3669,千克,8879,平方米,1834908.0
37025200,未曝光的彩色摄影用卷片，宽度不超过16毫米,11,千克,24,平方米,4421.0
37025410,非幻灯用彩卷，宽35mm，长≤2m,12382,千克,24294,平方米,2494617.0
37025520,彩色电影卷片，16mm＜宽≤35mm，长＞30m,960,千克,3826,平方米,304139.0
37025590,其他彩色卷片，16mm＜宽≤35mm，长＞30m,1131,千克,4803,平方米,422870.0
37025620,彩色电影卷片，宽＞35mm,107,千克,151,平方米,6408.0
37025690,其他彩色卷片，宽＞35mm,37,千克,63,平方米,11325.0
37029600,其他未曝光的卷片，宽度不超过35毫米，长度不超过30米,13,千克,23,平方米,2028.0
37029700,其他未曝光的卷片，宽度不超过35毫米，长度超过30米,225,千克,1242,平方米,8073.0
37032010,其他彩色摄影用感光纸及纸板,13,千克,0,?,957.0
37039010,其他非彩色摄影用感光纸及纸板,2,千克,0,?,12243.0
37040090,其他已曝光未冲洗的摄影硬片、软片、纸等,2,千克,0,?,787.0
37050029,其他已曝光已冲洗的缩微胶片,0,千克,0,?,15.0
37050090,其他已曝光已冲洗的摄影硬片及软片，但电影胶片除外,1731,千克,0,?,3886762.0
37061090,其他已曝光已冲洗的电影胶片，宽≥35mm,305,千克,52179,米,108976.0
37071000,感光乳液,107757,千克,0,?,2227270.0
37079010,冲洗照相胶卷及相片用化学制剂,77856,千克,0,?,157702.0
37079020,复印机用化学制剂,246594,千克,0,?,3518844.0
37079090,未列名摄影用化学制剂；摄影用未混合产品,4569039,千克,0,?,260238170.0
38011000,人造石墨,636633,千克,0,?,7515092.0
38012000,胶态或半胶态石墨,32579,千克,0,?,325001.0
38013000,电极用碳糊及炉衬用的类似糊,45562,千克,0,?,124388.0
38019010,表面处理的球化石墨,36600,千克,0,?,168128.0
38019090,未列名以石墨或其他碳为基本成分的糊状、块状、板状制品或其他半制品,799939,千克,0,?,6021413.0
38021010,木质活性碳,828664,千克,0,?,4611582.0
38021090,其他活性碳,5216804,千克,0,?,13277919.0
38029000,活性天然矿产品；动物炭黑，包括废动物炭黑,449865,千克,0,?,888666.0
38030000,妥尔油，不论是否精炼,930502,千克,0,?,1011209.0
38040000,木桨残余碱液,3460215,千克,0,?,2180389.0
38051000,脂松节油、木松节油和硫酸盐松节油,871538,千克,0,?,3519707.0
38059010,以α萜品醇为基本成分的松油,3431,千克,0,?,33594.0
38059090,其他萜烯油及粗制二聚戊烯和对异丙基苯甲烷,227260,千克,0,?,1099584.0
38061010,松香,6793232,千克,0,?,9932280.0
38061020,树脂酸,5,千克,0,?,802.0
38062010,松香盐及树脂酸盐,21220,千克,0,?,193491.0
38063000,酯胶,232263,千克,0,?,666280.0
38069000,其他松香和树脂酸衍生物；松香精及松香油等,192453,千克,0,?,1281779.0
38070000,木焦油；木杂酚油；粗木精；植物沥青等,4621,千克,0,?,8301.0
38086200,每包净重超过300克，但不超过7.5千克的本章子目注释2所列货品,50,千克,0,?,1116.0
38089119,其他零售包装的杀虫剂,46396,千克,0,?,384314.0
38089190,非零售包装的杀虫剂,36028,千克,0,?,1084517.0
38089210,零售包装杀菌剂,73510,千克,0,?,356509.0
38089290,非零售包装的杀菌剂,2182436,千克,0,?,19897330.0
38089311,零售包装除草剂,243936,千克,0,?,576717.0
38089319,非零售包装除草剂,172324,千克,0,?,3396532.0
38089391,零售包装抗萌剂及植物生长调节剂,15106,千克,0,?,409693.0
38089399,非零售包装抗萌剂及植物生长调节剂,4585,千克,0,?,55421.0
38089400,消毒剂,2009951,千克,0,?,11472855.0
38089990,非零售包装的本品目所列其他货品及类似产品,268717,千克,0,?,1128143.0
38091000,纺织、造纸、制革等工业用淀粉物质整理剂等,48200,千克,0,?,44987.0
38099100,纺织等工业用的其他整理剂、助剂等制剂,8500438,千克,0,?,23146239.0
38099200,造纸等工业用的其他整理剂、助剂等制剂,1531821,千克,0,?,4929869.0
38099300,制革等工业用的其他整理剂、助剂等制剂,1774016,千克,0,?,6878969.0
38101000,金属表面酸洗剂；金属等材料制焊粉或焊膏,735362,千克,0,?,23042309.0
38109000,焊接辅助剂；作焊条芯子或焊条涂料用的制品,799858,千克,0,?,7562626.0
38111900,其他抗震剂,6258,千克,0,?,91830.0
38112100,含石油或从沥青矿物提取油类的润滑油添加剂,15947023,千克,0,?,72089036.0
38112900,其他润滑油添加剂,2817518,千克,0,?,10082618.0
38119000,其他供矿物油等同样用途液体的配制添加剂,616741,千克,0,?,3701952.0
38121000,配制的橡胶促进剂,608944,千克,0,?,3691423.0
38122000,橡胶或塑料用复合增塑剂,1767117,千克,0,?,5301310.0
38123100,"2,2,4-三甲基-1,2-二氢化喹啉（TMQ）低聚体混合物",10445,千克,0,?,31595.0
38123910,其他橡胶防老剂,237112,千克,0,?,1039641.0
38123990,未列名橡胶或塑料用抗氧制剂及复合稳定剂,2118366,千克,0,?,15429105.0
38130010,灭火器的装配药,469032,千克,0,?,1446345.0
38140000,未列名的有机复合溶剂及稀释剂；除漆剂,2865978,千克,0,?,8757444.0
38151100,以镍及其化合物为活性物的载体催化剂,215228,千克,0,?,4207697.0
38151200,以贵金属及其化合物为活性物的载体催化剂,304016,千克,0,?,45930928.0
38151900,其他载体催化剂,1437103,千克,0,?,35056057.0
38159000,未列名的反应引发剂、反应促进剂、催化剂,1118521,千克,0,?,19480014.0
38160020,耐火的水泥、灰泥、混凝土等耐火混合制品,2262366,千克,0,?,2242224.0
38170000,混合烷基苯及混合烷基萘,2318050,千克,0,?,4279695.0
38180012,直径在15.24厘米及以下，但不低于7.5厘米的单晶硅切片，厚度在220微米以上,5196,千克,195431,片,8962756.0
38180013,直径在15.24厘米及以下，但不低于7.5厘米的单晶硅切片，厚度在220微米及以下,29,千克,6172,片,525473.0
38180014,直径超过15.24厘米的单晶硅切片，厚度在220微米以上,245896,千克,2344444,片,157688237.0
38180015,直径超过15.24厘米的单晶硅切片，厚度在220微米及以下,1497152,千克,137306236,片,34066695.0
38180090,其他经掺杂用于电子工业的已切片化学元素等,87317,千克,0,?,28169563.0
38190000,闸用液压油等液压传动用液体，含油量＜70％,731120,千克,0,?,4208213.0
38200000,防冻剂及解冻剂,659727,千克,0,?,3321899.0
38210000,制成的微生物或植物、人体、动物细胞培养基,228493,千克,0,?,24306093.0
38221200,寨卡病毒及由伊蚊属蚊子传播的其他疾病用附于衬背上的诊断或实验用试剂,3,千克,0,?,837.0
38221300,血型鉴定用附于衬背上的诊断或实验用试剂,25302,千克,0,?,3998005.0
38221900,其他附于衬背上的诊断或实验用试剂及不论是否附于衬背上的配制试剂,1430998,千克,0,?,312894466.0
38229000,有证标准样品,62263,千克,0,?,7267208.0
38231100,硬脂酸,25841051,千克,0,?,31277967.0
38231200,油酸,5679462,千克,0,?,6661297.0
38231300,妥尔油脂肪酸,55946,千克,0,?,110826.0
38231900,其他工业用单羧脂肪酸；精炼所得酸性油,128097191,千克,0,?,143030009.0
38237000,工业用脂肪醇,82381854,千克,0,?,199867648.0
38241000,铸模及铸芯用粘合剂,132493,千克,0,?,327583.0
38243000,自身或与金属粘合剂混合未烧结金属碳化物,19589,千克,0,?,5779923.0
38244010,高效减水剂,46979,千克,0,?,329964.0
38244090,其他水泥、灰泥及混凝土用添加剂,350360,千克,0,?,1212306.0
38245000,非耐火的灰泥及混凝土,675335,千克,0,?,756636.0
38246000,编码2905.4400以外的山梨醇,368171,千克,0,?,370598.0
38248100,含环氧乙烷（氧化乙烯）的混合物及制品,1556,千克,0,?,17977.0
38249100,"主要由(5-乙基-2-甲基-2氧代-1,3,2-二氧磷杂环己-5-基)甲基膦酸二甲酯和双[(5-乙基-2-甲基-2氧代-1,3,2-二氧磷杂环己-5-基)甲基]甲基膦酸酯（阻燃剂 FRC-1）组成的混合物及制品",4012,千克,0,?,68097.0
38249200,甲基膦酸聚乙二醇酯,2,千克,0,?,186.0
38249910,杂醇油,820825,千克,0,?,644529.0
38249920,除墨剂、蜡纸改正液及类似品,54838,千克,0,?,951514.0
38249930,增碳剂,32704000,千克,0,?,4790562.0
38249991,按重量计含滑石50%以上的混合物,70865,千克,0,?,69227.0
38249992,按重量计含氧化镁70%以上的混合物,544,千克,0,?,10145.0
38249993,表面包覆钴化物的氢氧化镍（掺杂碳）,248,千克,0,?,11461.0
38249999,未列名化学工业及其相关工业的化学产品及配制品,229068449,千克,0,?,720101414.0
38260000,生物柴油及其混合物，不含或含有按重量计低于70％的石油或从沥青矿物提取的油类,24973988,千克,29369155,升,30851320.0
38279000,其他含甲烷、乙烷或丙烷的卤化衍生物混合物,20,千克,0,?,27163.0
39011000,初级形状的聚乙烯，比重＜0.94,143645538,千克,0,?,207900447.0
39012000,初级形状的聚乙烯，比重≥0.94,237420135,千克,0,?,271107925.0
39013000,初级形状的乙烯-乙酸乙烯酯共聚物,41400967,千克,0,?,56699752.0
39014010,初级形状的乙烯-丙烯共聚物（乙丙橡胶），比重＜0.94,3933375,千克,0,?,4839212.0
39014020,初级形状的线型低密度聚乙烯，比重＜0.94,189692816,千克,0,?,215893728.0
39014090,其他初级形状的乙烯-α-烯烃共聚物，比重＜0.94,29559998,千克,0,?,50813743.0
39019010,其他初级形状的乙烯-丙烯共聚物（乙丙橡胶）,4829745,千克,0,?,3003121.0
39019090,未列名初级形状的乙烯聚合物,63665450,千克,0,?,71533660.0
39021000,初级形状的聚丙烯,124671395,千克,0,?,164625790.0
39022000,初级形状的聚异丁烯,6858695,千克,0,?,14413705.0
39023010,初级形状的乙烯-丙烯共聚物（乙丙橡胶）,53608820,千克,0,?,69093771.0
39023090,其他初级形状的丙烯共聚物,8256449,千克,0,?,16050937.0
39029000,其他初级形状的烯烃聚合物,18420316,千克,0,?,67511560.0
39031100,初级形状的可发性聚苯乙烯,833976,千克,0,?,2743344.0
39031910,改性的初级形状的聚苯乙烯,11567578,千克,0,?,14338490.0
39031990,其他初级形状的聚苯乙烯,11790521,千克,0,?,13260687.0
39032000,初级形状的苯乙烯-丙烯腈（SAN）共聚物,5424855,千克,0,?,9401724.0
39033010,改性初级形状的丙烯腈-丁二烯-苯乙烯（ABS）共聚物,12329503,千克,0,?,17186226.0
39033090,其他初级形状的丙烯腈-丁二烯-苯乙烯（ABS）共聚物,44700058,千克,0,?,71791176.0
39039000,其他初级形状的苯乙烯聚合物,15573901,千克,0,?,37422282.0
39041010,初级形状的糊树脂,7311540,千克,0,?,7803385.0
39041090,其他初级形状的聚氯乙烯，未掺其他物质,4030935,千克,0,?,3978049.0
39042100,初级形状的未塑化聚氯乙烯,300531,千克,0,?,612572.0
39042200,初级形状的已塑化聚氯乙烯,2943246,千克,0,?,8999674.0
39043000,初级形状的氯乙烯-乙酸乙烯酯共聚物,1031213,千克,0,?,2514924.0
39044000,其他初级形状的氯乙烯共聚物,247431,千克,0,?,732504.0
39045000,初级形状的偏二氯乙烯聚合物,320010,千克,0,?,1202886.0
39046100,初级形状的聚四氟乙烯,746976,千克,0,?,9165600.0
39046900,其他初级形状的氟聚合物,1346271,千克,0,?,40036991.0
39049000,其他初级形状的氯乙烯或其他卤化烯烃聚合物,674670,千克,0,?,1492700.0
39051200,聚乙酸乙烯酯水分散体,136721,千克,0,?,178931.0
39051900,其他初级形状的聚乙酸乙烯酯,85684,千克,0,?,314532.0
39052100,乙酸乙烯酯共聚物的水分散体,2480799,千克,0,?,2643105.0
39052900,其他初级形状的乙酸乙烯酯共聚物,102630,千克,0,?,696996.0
39053000,初级形状的聚乙烯醇,2698713,千克,0,?,8932514.0
39059100,其他初级形状的乙烯酯共聚物和乙烯基共聚物,1428430,千克,0,?,15576041.0
39059900,未列名初级形状乙烯酯聚合物和乙烯基聚合物,3844595,千克,0,?,21397424.0
39061000,初级形状的聚甲基丙烯酸甲酯,9454164,千克,0,?,22936655.0
39069010,初级形状的聚丙烯酰胺,213416,千克,0,?,599102.0
39069020,初级形状的丙烯酸-丙烯酸钠交联共聚物,13054760,千克,0,?,21939040.0
39069090,其他初级形状的丙烯酸聚合物,40420451,千克,0,?,117055622.0
39071010,初级形状的聚甲醛,17191899,千克,0,?,36966940.0
39071090,其他初级形状的聚缩醛,1913817,千克,0,?,5664525.0
39072100,初级形状的双（聚氧乙烯）甲基膦酸酯,400,千克,0,?,1109.0
39072910,初级形状的聚四亚甲基醚二醇,863095,千克,0,?,2224552.0
39072990,初级形状的其他聚醚,16971321,千克,0,?,95256729.0
39073000,初级形状的环氧树脂,10350448,千克,0,?,54264878.0
39074000,初级形状的聚碳酸酯,55304514,千克,0,?,146847035.0
39075000,初级形状的醇酸树脂,306071,千克,0,?,1014709.0
39076110,粘数≥78毫升/克的聚对苯二甲酸乙二酯切片,2389089,千克,0,?,5016123.0
39076190,其他初级形状的粘数≥78毫升/克的聚对苯二甲酸乙二酯,26283,千克,0,?,64526.0
39076910,粘数＜78毫升/克的聚对苯二甲酸乙二酯切片,19920199,千克,0,?,15789877.0
39076990,其他初级形状的粘数＜78毫升/克的聚对苯二甲酸乙二酯,1678922,千克,0,?,995555.0
39077000,初级形状的聚乳酸,4794661,千克,0,?,9906375.0
39079100,初级形状的不饱和聚酯,815383,千克,0,?,4377924.0
39079910,其他初级形状的聚对苯二甲酸丁二酯,8446659,千克,0,?,19391737.0
39079991,初级形状的聚对苯二甲酸-己二醇-丁二醇酯,104812,千克,0,?,211752.0
39079999,未列名初级形状的聚酯,22262599,千克,0,?,100680377.0
39081011,聚酰胺-6，6的切片,7728767,千克,0,?,22207359.0
39081012,聚酰胺-6的切片,7090206,千克,0,?,13170025.0
39081019,聚酰胺-11、-12、-6，9、-6，10或-6，12的切片,2016013,千克,0,?,15566906.0
39081090,其他初级形状聚酰胺-6、-11、-12、-6，6、-6，9、-6，10或-6，12,432300,千克,0,?,2952555.0
39089010,初级形状的芳香族聚酰胺及其共聚物,148655,千克,0,?,653608.0
39089020,初级形状的半芳香族聚酰胺及其共聚物,3547484,千克,0,?,22780886.0
39089090,未列名初级形状的聚酰胺,7970843,千克,0,?,47669009.0
39091000,初级形状的尿素树脂和硫尿树脂,550282,千克,0,?,2040232.0
39092000,初级形状的蜜胺树脂,589370,千克,0,?,2250186.0
39093100,初级形状的聚（亚甲基苯基异氰酸酯）（粗MDI、聚合MDI）,14516240,千克,0,?,27046947.0
39093900,其他初级形状的氨基树脂,339732,千克,0,?,1256418.0
39094000,初级形状的酚醛树脂,6072619,千克,0,?,25079346.0
39095000,初级形状的聚氨基甲酸酯,10902844,千克,0,?,47961696.0
39100000,初级形状的聚硅氧烷,5932935,千克,0,?,56691291.0
39111000,初级形状的石油树脂、苯并呋喃树脂等,2437087,千克,0,?,7182751.0
39119000,初级形状多硫化物、聚砜及章注3所规定产品,12077859,千克,0,?,71102202.0
39121100,初级形状的未塑化醋酸纤维素,4769927,千克,0,?,18161860.0
39121200,初级形状的已塑化醋酸纤维素,35975,千克,0,?,299948.0
39122000,初级形状的硝酸纤维素（包括棉胶）,32600,千克,0,?,63570.0
39123100,初级形状的羧甲基纤维素及其盐,496663,千克,0,?,4922347.0
39123900,初级形状的纤维素醚,872716,千克,0,?,11346277.0
39129000,未列名初级形状的纤维素及其化学衍生物,1978685,千克,0,?,14996066.0
39131000,初级形状的藻酸及其盐和酯,999,千克,0,?,37907.0
39139000,其他初级形状的天然聚合物及改性天然聚合物,666122,千克,0,?,9630129.0
39140000,以品目3901至3913的聚合物为基本成分的初级形状离子交换剂,2884896,千克,0,?,29841724.0
39161000,乙烯聚合物单丝（截面直径＞1mm）、条、杆等,63484,千克,0,?,2504832.0
39162010,氯乙烯聚合物制异型材,33935,千克,0,?,226574.0
39162090,其他氯乙烯聚合物单丝（截面直径＞1mm）、条、杆等,32080,千克,0,?,353418.0
39169010,聚酰胺制的单丝（截面直径＞1mm）、条、杆等,262645,千克,0,?,2130694.0
39169090,未列名塑料单丝（截面直径＞1mm）、条、杆等,351035,千克,0,?,10789348.0
39171000,硬化蛋白或纤维素材料制人造肠衣（香肠用）,128822,千克,0,?,2138875.0
39172100,乙烯聚合物制硬管,40014,千克,0,?,1097670.0
39172200,丙烯聚合物制硬管,563065,千克,0,?,3594389.0
39172300,氯乙烯聚合物制硬管,218393,千克,0,?,1291160.0
39172900,其他塑料制硬管,467763,千克,0,?,13663293.0
39173100,塑料制的软管，最小爆破压力为27.6兆帕斯卡,195339,千克,0,?,9809214.0
39173200,塑料制的其他未装有附件的管子,845275,千克,0,?,24703436.0
39173300,塑料制的其他装有附件的管子,47723,千克,0,?,2837825.0
39173900,未列名塑料管,947525,千克,0,?,12176177.0
39174000,塑料制的管子附件,534169,千克,0,?,28745850.0
39181010,氯乙烯聚合物制糊墙品,13648,千克,0,?,276430.0
39181090,氯乙烯聚合物制铺地制品,1396030,千克,0,?,3224780.0
39189010,其他塑料制糊墙品,1021,千克,0,?,243396.0
39189090,其他塑料制铺地制品,161403,千克,0,?,1285317.0
39191010,宽≤20cm丙烯酸聚合物成卷胶粘板、片、膜等,202488,千克,0,?,3471169.0
39191091,宽≤20cm的成卷胶囊型反光膜,11034,千克,0,?,238299.0
39191099,其他宽≤20cm成卷塑料胶粘板、片、膜、箔等,827782,千克,0,?,26132755.0
39199010,胶囊型反光膜,347,千克,0,?,70527.0
39199090,未列名塑料胶粘板、片、膜、箔等,8802540,千克,0,?,196895103.0
39201010,乙烯聚合物制电池隔膜,428848,千克,0,?,18504655.0
39201090,其他乙烯聚合物非泡沫塑料板、片、膜、箔等,6129185,千克,0,?,33031390.0
39202010,丙烯聚合物制电池隔膜,130781,千克,0,?,5094471.0
39202090,其他丙烯聚合物非泡沫塑料板、片、膜、箔等,4617252,千克,0,?,24442411.0
39203000,苯乙烯聚合物非泡沫塑料板、片、膜、箔等,780226,千克,0,?,4918860.0
39204300,增塑剂≥6％氯乙烯聚合物制非泡沫塑料板等,598672,千克,0,?,4722779.0
39204900,其他氯乙烯聚合物制非泡沫塑料的板、片等,1635520,千克,0,?,9968798.0
39205100,聚甲基丙烯酸甲酯非泡沫塑料板、片、膜等,3241829,千克,0,?,25785709.0
39205900,其他丙烯酸聚合物非泡沫塑料板、片、膜等,214871,千克,0,?,2919517.0
39206100,聚碳酸酯非泡沫塑料板、片、膜、箔及扁条,710681,千克,0,?,10911474.0
39206200,聚对苯二甲酸乙二酯非泡沫塑料板、片、膜等,17672754,千克,0,?,146740622.0
39206300,不饱和聚酯非泡沫塑料板、片、膜、箔及扁条,3595,千克,0,?,40195.0
39206900,其他聚酯非泡沫塑料的板、片、膜、箔及扁条,280758,千克,0,?,8104903.0
39207100,再生纤维素非泡沫塑料板、片、膜、箔及扁条,4057,千克,0,?,38768.0
39207300,醋酸纤维素非泡沫塑料板、片、膜、箔及扁条,2322792,千克,0,?,46700609.0
39207900,其他纤维素衍生物非泡沫塑料板、片、膜等,12953,千克,0,?,939711.0
39209100,聚乙烯醇缩丁醛非泡沫塑料板、片、膜、箔等,1452395,千克,0,?,9261109.0
39209200,聚酰胺制非泡沫塑料的板、片、膜、箔及扁条,315168,千克,0,?,3890310.0
39209300,氨基树脂非泡沫塑料板、片、膜、箔及扁条,13840,千克,0,?,371117.0
39209400,酚醛树脂非泡沫塑料板、片、膜、箔及扁条,11736,千克,0,?,268672.0
39209910,聚四氟乙烯制非泡沫板、片、膜、箔及扁条,94019,千克,0,?,7379692.0
39209990,未列名非泡沫塑料板、片、膜、箔及扁条,4757474,千克,0,?,153266587.0
39211100,苯乙烯聚合物泡沫塑料板、片、膜、箔、扁条,60072,千克,0,?,512696.0
39211210,氯乙烯聚合物泡沫人造革及合成革,508834,千克,597312,米,4898148.0
39211290,其他氯乙烯聚合物泡沫塑料板、片、膜、箔等,138782,千克,0,?,1259786.0
39211310,氨酯聚合物泡沫人造革及合成革,316238,千克,462145,米,4378492.0
39211390,其他氨酯聚合物泡沫塑料板、片、膜、箔等,500827,千克,0,?,9390854.0
39211400,再生纤维素泡沫塑料板、片、膜、箔、扁条,53053,千克,0,?,244168.0
39211910,其他泡沫塑料人造革及合成革,119693,千克,187992,米,1175160.0
39211990,未列名泡沫塑料板、片、膜、箔、扁条,921314,千克,0,?,30471056.0
39219020,嵌有玻璃纤维的聚乙烯板、片,6770,千克,0,?,513533.0
39219030,附有人造毛毡的聚异丁烯板、片、卷材,1471,千克,0,?,59284.0
39219090,未列名塑料板、片、膜、箔、扁条,3053435,千克,0,?,49546273.0
39221000,塑料浴缸、淋浴盘、洗涤槽及盥洗盆,119615,千克,0,?,1115767.0
39222000,塑料马桶座圈及盖,10000,千克,0,?,551799.0
39229000,塑料坐浴盆、便盆、抽水箱及类似卫生洁具,64097,千克,0,?,1061505.0
39231000,供运输或包装货物用的塑料盒、箱及类似品,6019748,千克,0,?,39799752.0
39232100,供运输或包装货物用的乙烯聚合物制袋及包,1312474,千克,0,?,10030960.0
39232900,供运输或包装货物用的其他塑料制袋及包,251931,千克,0,?,6982446.0
39233000,供运输或包装货物用的塑料坛、瓶及类似品,387459,千克,0,?,5536009.0
39234000,塑料卷轴、纡子、筒管及类似品,638637,千克,0,?,3405430.0
39235000,塑料塞子、盖子及类似品,711848,千克,0,?,10723288.0
39239000,供运输或包装货物用的其他塑料制品,6050144,千克,0,?,22703755.0
39241000,塑料制餐具及厨房用具,427969,千克,0,?,4344164.0
39249000,塑料制其他家庭用具及卫生或盥洗用具,1974309,千克,0,?,7099309.0
39251000,塑料制囤、柜、罐、桶等容器，容积＞300l,11630,千克,0,?,61673.0
39252000,塑料制门、窗及其框架、门槛,18362,千克,0,?,368831.0
39253000,塑料制窗板、百叶窗或类似制品及其零件,6040,千克,0,?,229698.0
39259000,未列名的建筑用塑料制品,115227,千克,0,?,1315631.0
39261000,塑料制办公室或学校用品,112413,千克,0,?,902186.0
39262011,聚氯乙烯制手套（分指手套、连指手套等）,9521,千克,397322,双,175317.0
39262019,其他塑料制手套（分指手套、连指手套等）,13270,千克,359577,双,476806.0
39262090,其他塑料制衣服及衣着附件,26503,千克,0,?,1526376.0
39263000,塑料制家具、车厢或类似品的附件,81337,千克,0,?,2518522.0
39264000,塑料制小雕塑品及其他装饰品,180752,千克,0,?,1456477.0
39269010,塑料制机器及仪器用零件,1216284,千克,0,?,109957714.0
39269090,未列名塑料制品,5313894,千克,0,?,182608415.0
40011000,天然橡胶乳，不论是否予硫化,22535704,千克,0,?,35829546.0
40012100,烟胶片,21456514,千克,0,?,50989782.0
40012200,技术分类天然橡胶（TSNR）,103590795,千克,0,?,230791462.0
40012900,其他形状的天然橡胶,108498587,千克,0,?,224059695.0
40021110,羧基丁苯橡胶胶乳,1443931,千克,0,?,4036838.0
40021190,丁苯橡胶胶乳,3505448,千克,0,?,9939185.0
40021911,未经任何加工的非溶聚丁苯橡胶,2964816,千克,0,?,5856253.0
40021912,充油非溶聚丁苯橡胶,1298805,千克,0,?,2484462.0
40021913,初级形状热塑丁苯橡胶,2423644,千克,0,?,5874455.0
40021914,初级形状充油热塑丁苯橡胶,129316,千克,0,?,402436.0
40021915,未经任何加工的溶聚丁苯橡胶,1980427,千克,0,?,4968805.0
40021916,充油溶聚丁苯橡胶,2274121,千克,0,?,6012536.0
40021919,其他初级形状丁苯橡胶及羧基丁苯橡胶,1020617,千克,0,?,3064686.0
40021990,未列名丁苯橡胶及羧基丁苯橡胶,19308156,千克,0,?,51458703.0
40022010,初级形状的丁二烯橡胶,3605880,千克,0,?,8067876.0
40022090,其他丁二烯橡胶,4637295,千克,0,?,11370038.0
40023110,初级形状的异丁烯-异戊二烯（丁基）橡胶,4860090,千克,0,?,15443356.0
40023190,其他异丁烯-异戊二烯（丁基）橡胶,2347883,千克,0,?,9205095.0
40023910,初级形状的卤代丁基橡胶,7027381,千克,0,?,24750425.0
40023990,其他卤代丁基橡胶,3036924,千克,0,?,9263133.0
40024100,氯丁二烯（氯丁）橡胶胶乳,165753,千克,0,?,621142.0
40024910,其他初级形状的氯丁二烯（氯丁）橡胶,611477,千克,0,?,3517485.0
40024990,未列名氯丁二烯（氯丁）橡胶,199799,千克,0,?,991808.0
40025100,丁腈橡胶胶乳,13134551,千克,0,?,12666199.0
40025910,其他初级形状的丁腈橡胶,2434994,千克,0,?,5756192.0
40025990,未列名丁腈橡胶,2847483,千克,0,?,7323703.0
40026010,初级形状的异戊二烯橡胶,4001110,千克,0,?,7925862.0
40026090,其他异戊二烯橡胶,1439588,千克,0,?,3499535.0
40027010,初级形状的乙丙非共轭二烯橡胶,7017933,千克,0,?,15121016.0
40027090,其他乙丙非共轭二烯橡胶,6524595,千克,0,?,17014872.0
40028000,4001所列产品与本编码所列产品的混合物,218784387,千克,0,?,474037095.0
40029100,未列名合成橡胶胶乳,120364,千克,0,?,361960.0
40029911,未列名初级形状的合成橡胶,3830167,千克,0,?,16565853.0
40029919,未列名非初级形状的合成橡胶,387815,千克,0,?,4808798.0
40029990,从油类提取的油膏,110,千克,0,?,5907.0
40030000,再生橡胶，初级形状或板、片、带,8406239,千克,0,?,7988876.0
40040000,橡胶（硬质橡胶除外）的废料、下脚料及碎料及其粉、粒,12761711,千克,0,?,2369622.0
40051000,与碳黑或硅石混合未硫化的复合橡胶，初级形状或板、片、带,9986732,千克,0,?,21359611.0
40052000,未硫化的复合橡胶溶液；40051000以外的分散体,374866,千克,0,?,4681468.0
40059100,其他未硫化的复合橡胶，板、片、带,371294,千克,0,?,2140600.0
40059900,其他未硫化的初级形状复合橡胶,427154,千克,0,?,2081939.0
40061000,轮胎翻新用胎面补料胎条,7290,千克,0,?,14580.0
40069010,其他形状（例如，杆、管或型材及异型材）的未硫化橡胶,3149,千克,0,?,61840.0
40069020,未硫化橡胶制品,21240,千克,0,?,399757.0
40070000,硫化橡胶线及绳,4849623,千克,0,?,15218321.0
40081100,硫化海绵橡胶制板、片、带,342192,千克,0,?,3978730.0
40081900,硫化海绵橡胶制杆、型材及异型材,81126,千克,0,?,1224209.0
40082100,硫化非海绵橡胶制板、片、带,1033906,千克,0,?,9486340.0
40082900,硫化非海绵橡胶制杆、型材及异型材,69729,千克,0,?,953012.0
40091100,未经加强或未与其他材料合制并且未装有附件的管子,205384,千克,0,?,3971119.0
40091200,未经加强或未与其他材料合制但装有附件的管子,48545,千克,0,?,2205276.0
40092100,用金属加强或只与金属合制未装有附件的管子,674413,千克,0,?,4119513.0
40092200,用金属加强或只与金属合制装有附件的管子,61265,千克,0,?,2962450.0
40093100,用纺材加强或只与纺材合制的无附件的管子,578322,千克,0,?,8631633.0
40093200,用纺材加强或只与纺材合制的装有附件的管子,153162,千克,0,?,5346705.0
40094100,用其他材料加强或与其他材料合制无附件管子,194193,千克,0,?,2544540.0
40094200,用其他材料加强或与其他材料合制有附件管子,64168,千克,0,?,2513506.0
40101100,仅用金属加强的硫化橡胶制输送带及带料,769474,千克,0,?,1006657.0
40101200,仅用纺织材料加强的硫化橡胶制输送带及带料,429692,千克,0,?,1909271.0
40101900,其他硫化橡胶制输送带及带料,5194,千克,0,?,430342.0
40103100,梯形截面V肋环形传动带60cm＜周长≤180cm,32887,千克,0,?,1508813.0
40103200,其他梯形截面环形传动带60cm＜周长≤180cm,67822,千克,0,?,1640808.0
40103300,梯形截面V肋环形传动带180cm＜周长≤240cm,7909,千克,0,?,281145.0
40103400,其他梯形截面环形传动带180cm＜周长≤240cm,39235,千克,0,?,282142.0
40103500,环形同步带，60cm＜周长≤150cm,17735,千克,0,?,1370302.0
40103600,环形同步带，150cm＜周长≤198cm,4318,千克,0,?,400981.0
40103900,其他硫化橡胶制传动带及带料,182956,千克,0,?,7179290.0
40111000,机动小客车用新的充气橡胶轮胎,4048883,千克,296402,条,27365187.0
40112000,客车或货运机动车辆用新的充气橡胶轮胎,1239724,千克,37772,条,6099847.0
40113000,航空器用新的充气橡胶轮胎,388176,千克,5736,条,5615256.0
40114000,摩托车用新的充气橡胶轮胎,500760,千克,140145,条,3543580.0
40115000,自行车用新的充气橡胶轮胎,275877,千克,357644,条,2366627.0
40117010,农业或林业车辆及机器用新的人字形胎面或类似胎面的充气橡胶轮胎,46745,千克,426,条,181547.0
40117090,农业或林业车辆及机器用其他新的充气橡胶轮胎,15234,千克,3594,条,81914.0
40118011,建筑业、采矿业或工业搬运车辆及机器用新的人字形胎面或类似胎面的充气橡胶轮胎，辋圈尺寸≤61cm,32676,千克,472,条,163703.0
40118012,建筑业、采矿业或工业搬运车辆及机器用新的人字形胎面或类似胎面的充气橡胶轮胎，辋圈尺寸＞61cm,2140,千克,22,条,32508.0
40118091,建筑业、采矿业或工业搬运车辆及机器用其他新的充气橡胶轮胎，辋圈尺寸≤61cm,90198,千克,1220,条,556431.0
40118092,建筑业、采矿业或工业搬运车辆及机器用其他新的充气橡胶轮胎，辋圈尺寸＞61cm,2465021,千克,2718,条,19022994.0
40119010,其他新的人字形胎面或类似胎面的充气橡胶轮胎,641,千克,127254,条,13031.0
40119090,未列名新的充气橡胶轮胎,119819,千克,178108,条,660148.0
40121300,航空器用翻新的充气橡胶轮胎,304314,千克,4623,条,3507330.0
40122090,其他旧的充气轮胎,24485,千克,296,条,171092.0
40129010,航空器用实心或半实心橡胶轮胎、橡胶胎面及橡胶轮胎衬带,0,千克,0,?,1414.0
40129020,汽车用实心或半实心橡胶轮胎、胎面及橡胶轮胎衬带,861,千克,0,?,10503.0
40129090,其他实心或半实心橡胶轮胎、橡胶胎面及橡胶轮胎衬带,301257,千克,0,?,983971.0
40131000,机动小客车、客运机动车辆或货运机动车辆用橡胶内胎,2,千克,2,条,50.0
40132000,自行车用橡胶内胎,32828,千克,177574,条,191035.0
40139010,航空器用橡胶内胎,127,千克,244,条,14440.0
40139090,未列名橡胶内胎,4631,千克,6083,条,18726.0
40141000,硫化橡胶制避孕套,156240,千克,0,?,7273309.0
40149000,硫化橡胶制其他卫生及医疗用品,10388,千克,0,?,511635.0
40151200,硫化橡胶制医疗、外科、牙科或兽医用分指手套、连指手套及露指手套,982724,千克,90997725,双,5012345.0
40151900,硫化橡胶制其他分指、连指及露指手套,2157792,千克,181842257,双,11026632.0
40159010,硫化橡胶制医疗、外科、牙科或兽医用衣着用品及附件(不包括手套) ,70,千克,0,?,25626.0
40159090,硫化橡胶制其他衣着用品及附件 ,3933,千克,0,?,154254.0
40161010,硫化海绵橡胶制机器及仪器用零件,16426,千克,0,?,1430808.0
40161090,其他硫化海绵橡胶制品,55597,千克,0,?,1671693.0
40169100,硫化橡胶制铺地用品及门垫,47028,千克,0,?,229162.0
40169200,硫化橡胶制橡皮擦,10143,千克,0,?,136330.0
40169310,硫化橡胶制机器及仪器垫片、垫圈等密封垫,502359,千克,0,?,57715793.0
40169390,硫化橡胶制非机器及仪器垫片、垫圈等密封垫,482038,千克,0,?,30456967.0
40169400,硫化橡胶制船舶或码头的碰垫,33617,千克,0,?,126393.0
40169500,硫化橡胶制其他可充气制品,119343,千克,0,?,5285784.0
40169910,其他硫化橡胶制机器及仪器用零件,604471,千克,0,?,21495204.0
40169990,未列名硫化橡胶制品,4227904,千克,0,?,38996494.0
40170010,各种形状的硬质橡胶，包括废料及碎料,6766,千克,0,?,114100.0
40170020,硬质橡胶制品,19276,千克,0,?,192589.0
41012019,其他未剖层的整张牛皮，简单干燥的不超过8千克，干盐腌的不超过10千克，鲜的、湿盐腌的或以其他方法保藏的不超过16千克,817645,千克,62486,张,1628828.0
41012020,未剖层的整张马科动物皮，简单干燥的不超过8千克，干盐腌的不超过10千克，鲜的、湿盐腌的或以其他方法保藏的不超过16千克,311512,千克,24781,张,902813.0
41015019,其他重量＞16kg的整张牛皮,91597157,千克,3023172,张,70969794.0
41015020,重量＞16kg的整张马科动物皮,125766,千克,5646,张,275175.0
41019019,其他牛皮,21596,千克,0,?,54640.0
41021000,带毛的绵羊或羔羊生皮,20382587,千克,4075081,张,19005525.0
41022190,其他浸酸的不带毛的绵羊或羔羊生皮,39514,千克,21635,张,25495.0
41032000,爬行动物皮,1077,千克,1550,张,137936.0
41033000,猪皮,622365,千克,53158,张,154321.0
41039029,其他山羊皮或小山羊皮,144553,千克,80750,张,69112.0
41039090,其他生皮,160168,千克,29405,张,485894.0
41041111,全粒面未剖层及粒面剖层蓝湿牛皮,16650778,千克,0,?,21404312.0
41041119,其他全粒面未剖层及粒面剖层牛湿革,21000,千克,0,?,10207.0
41041911,其他蓝湿牛皮,19907771,千克,0,?,12971075.0
41041919,其他牛湿革,422187,千克,0,?,182502.0
41044100,全粒面未剖层及粒面剖层牛、马科动物干革（坯革）,1778040,千克,0,?,18015439.0
41044990,其他牛、马科动物干革（坯革）,88907,千克,0,?,248467.0
41051010,蓝湿绵羊或羔羊皮,680758,千克,0,?,1007665.0
41051090,其他绵羊或羔羊湿革,15,千克,0,?,316.0
41053000,绵羊或羔羊干革（坯革）,33066,千克,0,?,366733.0
41062100,山羊或小山羊湿革（包括蓝湿皮）,984940,千克,0,?,2101952.0
41062200,山羊或小山羊干革（坯革）,35228,千克,0,?,356550.0
41063110,蓝湿猪皮,881037,千克,0,?,1826431.0
41064000,经鞣制的不带毛爬行动物皮及其坯革,9219,千克,0,?,1009034.0
41069100,其他动物湿革（包括蓝湿皮）,183841,千克,0,?,436145.0
41069200,其他动物干革（坯革）,134510,千克,0,?,176143.0
41071110,整张全粒面未剖层牛皮革,49013,千克,35542,张,1212477.0
41071210,整张粒面剖层牛皮革,790233,千克,250503,张,13265139.0
41071220,整张粒面剖层马科动物皮革,362,千克,445,张,23904.0
41071990,其他整张牛、马科动物皮革,65205,千克,39390,张,1231586.0
41079100,全粒面未剖层革（整张革除外）,322017,千克,0,?,2979901.0
41079200,粒面剖层革（整张革除外）,1286052,千克,0,?,16271354.0
41079910,机器带用牛、马科动物皮革（整张革除外）,26,千克,0,?,701.0
41079990,未列名牛、马科动物皮革,451991,千克,0,?,4165854.0
41120000,鞣制或半硝后加工的不带毛的绵羊或羔羊皮革，包括羊皮纸化处理的，不论是否剖层，但品目4114的皮革除外,211391,千克,0,?,3556602.0
41131000,经鞣制或半硝处理后加工的山羊或小山羊皮革,84115,千克,0,?,1612811.0
41132000,经鞣制或半硝处理后加工的猪皮革,38191,千克,0,?,351163.0
41133000,经鞣制或半硝处理后加工的爬行动物皮革,3335,千克,0,?,570992.0
41139000,经鞣制或半硝处理后加工的其他动物皮革,3480,千克,0,?,252398.0
41141000,油鞣皮革（包括结合鞣制的油鞣皮革）,1730,千克,0,?,56246.0
41142000,漆皮及层压漆皮；镀金属皮革,71492,千克,0,?,2043006.0
41151000,以皮革或皮革纤维为基本成分的再生皮革，成块、成张或成条，不论是否成卷,112388,千克,0,?,990641.0
42010000,各种材料制成的鞍具及挽具，适合各种动物用,31181,千克,0,?,1842260.0
42021110,以皮革或再生皮革作面的衣箱,87,千克,9,个,28184.0
42021190,以皮革或再生皮革作面的提箱、小手袋、公文箱、公文包、书包及类似容器,6169,千克,9099,个,1309400.0
42021210,以塑料或纺织材料作面的衣箱,3467,千克,1378,个,1140517.0
42021290,以塑料或纺织材料作面的提箱、小手袋、公文箱、公文包、书包及类似容器,302457,千克,244414,个,12082644.0
42021900,以其他材料作面的衣箱、提箱、小手袋、公文箱、公文包、书包及类似容器,19376,千克,3771,个,1556858.0
42022100,以皮革或再生皮革作面的手提包,254851,千克,375140,个,170538498.0
42022200,以塑料片或纺织材料作面的手提包,596711,千克,1285341,个,152787119.0
42022900,以其他材料作面的手提包,697,千克,11467,个,184369.0
42023100,以皮革或再生皮革作面通常置于口袋或手提包内的物品,10986,千克,80611,个,14665186.0
42023200,以塑料片或纺织材料作面通常置于口袋或手提包内的物品,80640,千克,1369789,个,11545691.0
42023900,以其他材料作面通常置于口袋或手提包内的物品,1889,千克,7351,个,80787.0
42029100,以皮革或再生皮革作面的其他类似容器,41267,千克,69278,个,9170175.0
42029200,以塑料片或纺织材料作面的其他类似容器,1169010,千克,180363899,个,44265918.0
42029900,以其他材料作面的其他类似容器,166584,千克,216366,个,2104356.0
42031000,皮革或再生皮革制的衣服,33597,千克,28298,件,17611208.0
42032100,皮革或再生皮革制专供运动用手套,7349,千克,32699,双,872183.0
42032910,皮革或再生皮革制的劳保手套,20080,千克,69517,双,116874.0
42032990,皮革或再生皮革制的未列名手套,2131,千克,13826,双,359428.0
42033010,皮革或再生皮革制的腰带,29570,千克,0,?,14860112.0
42033020,皮革或再生皮革制的子弹带,0,千克,0,?,157.0
42034000,皮革或再生皮革制的其他衣着附件,1230,千克,0,?,185239.0
42050010,皮革或再生皮革的座套,61829,千克,0,?,3485667.0
42050020,机器、机械器具或其他专门技术用途的皮革或再生皮革制品,516,千克,0,?,92660.0
42050090,皮革或再生皮革的其他制品,23721,千克,0,?,3465320.0
42060000,肠线（蚕胶丝除外）、肠膜、膀胱或筋腱制品,661,千克,0,?,71907.0
43016000,整张狐皮,22582,千克,21738,张,2184044.0
43018090,其他整张毛皮,2976,千克,43279,张,121658.0
43021100,未缝制的整张水貂皮,277016,千克,2331718,张,138777998.0
43021910,未缝制整张灰鼠、白鼬、貂、狐、獭及猞猁皮,11116,千克,13558,张,1445147.0
43021920,未缝制整张兔皮,159,千克,1153,张,12355.0
43021930,未缝制的整张下列羔羊皮：阿斯特拉罕羔羊、大尾羔羊、卡拉库尔羔羊、波斯羔羊及类似羔羊、印度、中国或蒙古羔羊,1403,千克,11184,张,244842.0
43021990,未列名未缝制的整张毛皮,73858,千克,304558,张,24814623.0
43022000,未缝制的头、尾、爪及其他块、片,42967,千克,0,?,153259.0
43023090,其他已缝制的整张毛皮及其块、片,3059,千克,0,?,12674.0
43031010,毛皮衣服,4771,千克,3524,件,10087536.0
43031020,毛皮衣着附件,373,千克,0,?,375914.0
43039000,其他毛皮制品,1324,千克,0,?,1581596.0
43040010,人造毛皮,2182,千克,0,?,32324.0
43040020,人造毛皮制品,687,千克,0,?,194965.0
44011200,非针叶木薪柴（圆木段、块、枝、成捆或类似形状）,336308,千克,0,?,887778.0
44012100,针叶木的木片或木粒,78605035,千克,0,?,13681973.0
44012200,非针叶木的木片或木粒,1209401935,千克,0,?,258538991.0
44022000,果壳炭或果核炭，不论是否结块,27022197,千克,0,?,22052368.0
44029000,其他木炭，不论是否结块 ,8126277,千克,0,?,2289446.0
44031100,用油漆、着色剂、杂酚油或其他防腐剂处理的针叶木原木,7879256,千克,9852,立方米,1846084.0
44032110,红松和樟子松原木，最小截面尺寸在15厘米及以上,40130149,千克,49364,立方米,6593335.0
44032120,辐射松原木，最小截面尺寸在15厘米及以上,1246235757,千克,1579745,立方米,198681661.0
44032190,其他松木（松属）原木，最小截面尺寸在15厘米及以上,5741706,千克,4808,立方米,553726.0
44032210,红松和樟子松原木，最小截面尺寸在15厘米以下,448569,千克,464,立方米,53932.0
44032220,辐射松原木，最小截面尺寸在15厘米以下,14369940,千克,18207,立方米,2018058.0
44032290,其他松木（松属）原木，最小截面尺寸在15厘米以下,441044,千克,341,立方米,39110.0
44032300,冷杉和云杉原木，最小截面尺寸在15厘米及以上,85233368,千克,104774,立方米,16218782.0
44032400,冷杉和云杉原木，最小截面尺寸在15厘米以下,731714,千克,931,立方米,156582.0
44032510,落叶松原木，最小截面尺寸在15厘米及以上,941790,千克,1181,立方米,204020.0
44032520,花旗松原木，最小截面尺寸在15厘米及以上,26936589,千克,37438,立方米,5952829.0
44032590,其他针叶木原木，最小截面尺寸在15厘米及以上,128445905,千克,151424,立方米,23418306.0
44032620,花旗松原木，最小截面尺寸在15厘米以下,651784,千克,879,立方米,110697.0
44032690,其他针叶木原木，最小截面尺寸在15厘米以下,12179261,千克,14139,立方米,1852508.0
44034200,柚木原木 ,960745,千克,917,立方米,414286.0
44034920,奥克曼木Okoume（奥克榄）原木,17792183,千克,28767,立方米,8136805.0
44034950,印加木Intsia spp.（波罗格Mengaris）原木,11267876,千克,11267,立方米,5169001.0
44034960,大干巴豆木Koompassia spp.（门格里斯或康派斯）原木,20260,千克,20,立方米,4471.0
44034980,热带红木原木,1159306,千克,976,立方米,814877.0
44034990,其他热带木原木,151040129,千克,149604,立方米,36849990.0
44039100,栎木（橡木）原木,107516596,千克,101165,立方米,47691082.0
44039300,水青冈木（山毛榉木）原木，最小截面尺寸在15厘米及以上,45326249,千克,40201,立方米,8099626.0
44039500,桦木原木，最小截面尺寸在15厘米及以上,17225888,千克,16539,立方米,2184329.0
44039600,桦木原木，最小截面尺寸在15厘米以下,56515,千克,52,立方米,5487.0
44039700,杨木原木,5066001,千克,5602,立方米,665639.0
44039800,桉木原木,61485157,千克,65412,立方米,7848057.0
44039930,红木原木，但编码4403.4980所列热带红木除外,1325284,千克,1082,立方米,2115106.0
44039960,北美硬阔叶木原木,28053909,千克,29430,立方米,23490348.0
44039980,其他温带非针叶木原木,3585645,千克,3671,立方米,1032156.0
44039990,未列名非针叶木原木,16995617,千克,17068,立方米,4552804.0
44041000,针叶木的箍木、木劈条、已削尖但未纵锯木桩、木片条及粗修整的木棒等,50174,千克,0,?,37302.0
44042000,非针叶木的箍木、木劈条、已削尖但未纵锯木桩、木片条及粗修整的木棒等,935203,千克,0,?,317307.0
44050000,木丝；木粉,76088,千克,0,?,60311.0
44069200,已浸渍非针叶木铁道及电车道枕木,465040,千克,480,立方米,13260.0
44071110,红松和樟子松木材，经纵锯、纵切、刨切或旋切，厚＞6mm,191875427,千克,361412,立方米,84737535.0
44071120,辐射松木材，经纵锯、纵切、刨切或旋切，厚＞6mm,26694464,千克,50069,立方米,11635275.0
44071190,其他松木（松属）木材，经纵锯、纵切、刨切或旋切，厚＞6mm,31652601,千克,61180,立方米,12769822.0
44071200,冷杉及云杉木材，经纵锯、纵切、刨切或旋切，厚＞6mm,246512802,千克,498959,立方米,117096810.0
44071300,云杉-松木-冷杉木材，经纵锯、纵切、刨切或旋切，厚度超过6毫米,16419636,千克,34827,立方米,5451420.0
44071400,铁杉-冷杉木材，经纵锯、纵切、刨切或旋切，厚度超过6毫米,20447137,千克,28101,立方米,7634225.0
44071910,花旗松木材，经纵锯、纵切、刨切或旋切，厚＞6mm,4882128,千克,8240,立方米,1305880.0
44071990,其他针叶木木材，经纵锯、纵切、刨切或旋切，厚＞6mm,77631043,千克,111681,立方米,26775536.0
44072100,美洲桃花心木木材，经纵锯、纵切、刨切或旋切，厚＞6mm,4,千克,0,立方米,538.0
44072200,"苏里南肉豆蔻木、细孔绿心樟及美洲轻木木材,经纵锯、纵切、刨切或旋切，厚＞6mm",4783034,千克,36024,立方米,13079362.0
44072300,柚木木材，经纵锯、纵切、刨切或旋切，厚度超过6毫米 ,9422113,千克,11622,立方米,10257985.0
44072500,"深红色红柳桉木、浅红色红柳桉木及巴栲红柳桉木木材,经纵锯、纵切、刨切或旋切，厚＞6mm",46225,千克,83,立方米,24617.0
44072600,纵锯切刨或旋切的白黄柳安木等木材，厚＞6mm,4795,千克,8,立方米,7040.0
44072700,纵锯切刨或旋切的沙比利木材，厚＞6mm,3449290,千克,3819,立方米,1926785.0
44072920,纵锯切刨或旋切非洲桃花心木木材，厚＞6mm,161522,千克,352,立方米,102595.0
44072930,波罗格木木材，经纵锯、纵切、刨切或旋切，厚＞6mm,776052,千克,656,立方米,532550.0
44072940,热带红木木材，经纵锯、纵切、刨切或旋切，厚＞6mm,294259,千克,287,立方米,476271.0
44072990,未列名热带木木材，经纵锯、纵切、刨切或旋切，厚＞6mm,314504087,千克,460036,立方米,125893628.0
44079100,栎木(橡木)木材，经纵锯、纵切、刨切或旋切，厚＞6mm,46576064,千克,58779,立方米,37713454.0
44079200,水青冈木（山毛榉木）木材，经纵锯、纵切、刨切或旋切，厚＞6mm,33626324,千克,42246,立方米,21244183.0
44079300,槭木（枫木）木材，经纵锯、纵切、刨切或旋切，厚＞6mm,4052249,千克,5373,立方米,3853975.0
44079400,樱桃木木材，经纵锯、纵切、刨切或旋切，厚＞6mm,6164097,千克,9641,立方米,6551325.0
44079500,白蜡木木材，经纵锯、纵切、刨切或旋切，厚＞6mm,34448172,千克,46771,立方米,23567058.0
44079600,桦木木材，经纵锯、纵切、刨切或旋切，厚＞6mm,37680715,千克,59074,立方米,12860105.0
44079700,杨木木材，经纵锯、纵切、刨切或旋切，厚＞6mm,511394,千克,919,立方米,137770.0
44079910,"红木木材,但编码4407.2940所列热带红木木材除外，经纵锯、纵切、刨切或旋切，厚＞6mm",906312,千克,909,立方米,1138792.0
44079920,泡桐木木材，经纵锯、纵切、刨切或旋切，厚＞6mm,3,千克,0,立方米,91.0
44079930,经纵锯切、刨或旋切的北美硬阔叶木材，厚＞6mm,27492409,千克,37494,立方米,42017220.0
44079980,纵锯切刨或旋切其他温带非针叶木材，厚＞6mm,11581147,千克,16100,立方米,4831716.0
44079990,未列名纵锯切、刨或旋切的木材，厚＞6mm,1962070,千克,2307,立方米,1092826.0
44081019,其他针叶木饰面用单板，厚≤6mm,30,千克,0,?,1490.0
44081020,针叶木制胶合板用单板，厚≤6mm,6135986,千克,0,?,2153645.0
44081090,其他针叶木木材，经纵锯、刨切或旋切，厚≤6mm,350424,千克,0,?,97782.0
44083919,其他饰面用单板，其他热带木制，厚≤6mm,2915854,千克,0,?,2907257.0
44083920,制胶合板用单板，其他热带木制，厚≤6mm,3897686,千克,0,?,1477219.0
44083990,其他经纵锯、刨切或旋切的木材，其他热带木制，厚≤6mm,661012,千克,0,?,129522.0
44089011,用胶合板等多层板制的其他木制饰面用单板，厚≤6mm,3231,千克,0,?,99109.0
44089012,温带非针叶木制饰面用单板，厚≤6mm,5748393,千克,0,?,11544693.0
44089019,其他木制饰面用单板，厚≤6mm,1540899,千克,0,?,1921074.0
44089021,温带非针叶木制胶合板用单板，厚≤6mm,9830285,千克,0,?,3507559.0
44089029,其他木制胶合板用单板，厚≤6mm,430205,千克,0,?,78233.0
44089091,温带非针叶木制经纵刨旋切的木材，厚≤6mm,611418,千克,0,?,1784661.0
44089099,未列名木制经纵锯、刨切或旋切的木材，厚≤6mm,198,千克,0,?,32149.0
44091010,任一边、端或面制成连续形状针叶木地板条,1,千克,0,?,132.0
44091090,其他任一边、端或面制成连续形状针叶木木材,153660,千克,0,?,36959.0
44092210,热带木制的地板条(块)，任何一边、端或面制成连续形状,649,千克,0,?,9573.0
44092290,热带木制的任何一边、端或面制成连续形状的其他木材,4829401,千克,0,?,3798733.0
44092910,其他任一边、端或面成连续状非针叶木地板条,390295,千克,0,?,240646.0
44092990,其他任一边、端或面成连续形状非针叶木木材,212550,千克,0,?,465263.0
44101100,木制碎料板,21731446,千克,0,?,14493963.0
44101200,木制定向刨花板（OSB）,2734101,千克,0,?,1223122.0
44101900,其他木制类似板（例如，华夫板）,611626,千克,0,?,562348.0
44109019,其他木质材料制碎料板,30,千克,0,?,561.0
44111211,未机械加工中密度板，密度＞0.8g/cm3，厚≤5mm,1113571,千克,0,?,522076.0
44111219,经机械加工中密度板，密度＞0.8g/cm3，厚≤5mm,1268857,千克,0,?,604131.0
44111221,辐射松制的中密度板，0.5g/cm3＜密度≤0.8g/cm3，厚≤5mm,1090995,千克,0,?,569609.0
44111229,其他中密度板0.5g/cm3＜密度≤0.8g/cm3，厚≤5mm,78,千克,0,?,243.0
44111299,加工中密度板，密度≤0.5g/cm3，厚≤5mm,6415,千克,0,?,4100.0
44111311,未加工中密度板，密度＞0.8g/cm3，5mm＜厚≤9mm,0,千克,0,?,50.0
44111319,加工中密度板，密度＞0.8g/cm3，5mm＜厚≤9mm,79963,千克,0,?,96037.0
44111321,"辐射松制的中密度板，0.5g/cm3＜密度≤0.8g/cm3,5mm＜厚≤9mm",308212,千克,0,?,166364.0
44111329,"其他中密度板,0.5g/cm3＜密度≤0.8g/cm3，5mm＜厚≤9mm",44096,千克,0,?,34242.0
44111399,加工中密度板，密度≤0.5g/cm3，5mm＜厚≤9mm,271,千克,0,?,3341.0
44111419,加工中密度板，密度＞0.8g/cm3，厚＞9mm,44795,千克,0,?,91338.0
44111421,辐射松制的中密度板，厚＞9mm,97216,千克,0,?,50485.0
44111429,其他中密度板0.5g/cm3＜密度≤0.8g/cm3，厚＞9mm,780764,千克,0,?,375699.0
44111499,经机械加工加工中密度板，密度≤0.5g/cm3，厚＞9mm,1608,千克,0,?,4888.0
44119290,加工木纤维板，密度＞0.8g/cm3,647400,千克,0,?,811674.0
44119390,木纤板，0.5g/cm3＜密度≤0.8g/cm3,291,千克,0,?,9891.0
44123100,仅由薄木板制的其他胶合板(竹制的除外)，每层厚≤6mm，至少有一表层是热带木,471035,千克,860,立方米,434660.0
44123300,仅由薄木板制的其他胶合板(竹制除外)，每层厚≤6mm，至少有一表层是下列非针叶木：桤木、白蜡木、水青冈木（山毛榉木）、桦木、樱桃木、栗木、榆木、桉木、山核桃、七叶树、椴木、槭木（枫木）、栎木（橡木）、悬铃木、杨木、刺槐木、鹅掌楸或核桃木,7222076,千克,10569,立方米,7562342.0
44123410,仅由薄木板制的其他胶合板(竹制除外)，每层厚≤6mm，至少有一表层是温带非针叶木（子目4412.33的非针叶木除外）,437,千克,1,立方米,3039.0
44123490,仅由薄木板制的其他胶合板(竹制除外)，每层厚≤6mm，至少有一表层是上述子目未列名非针叶木,9811,千克,19,立方米,99102.0
44123900,仅由薄木板制的其他胶合板，每层厚≤6mm，上下表层均为针叶木,45085,千克,71,立方米,72617.0
44124200,其他单板层积材（LVL），至少有一表层是非针叶木,1,千克,0,立方米,2.0
44125100,木块芯胶合板、侧板条芯胶合板及板条芯胶合板，至少有一表层是热带木,67309,千克,255,立方米,140321.0
44125200,其他木块芯胶合板、侧板条芯胶合板及板条芯胶合板，至少有一表层是非针叶木,4264,千克,9,立方米,25809.0
44125920,"其他木块芯胶合板、侧板条芯胶合板及板条芯胶合板，上下表层均为针叶木,中间至少含有一层木碎料板 ",4,千克,0,立方米,16.0
44129100,"其他胶合板、单板饰面板及类似多层板,至少有一表层是热带木",37,千克,0,立方米,1863.0
44129200,其他胶合板、单板饰面板及类似多层板，至少有一表层是其他非针叶木,241800,千克,390,立方米,1150285.0
44129990,未列名胶合板、单板饰面板及类似的多层板，上下表层均为针叶木 ,98346,千克,200,立方米,20967.0
44130000,强化木，成块、板、条或异形的,152947,千克,0,?,4005242.0
44141000,热带木制的画框、相框、镜框及类似品,0,千克,0,?,770.0
44149010,辐射松制的画框、相框、镜框及类似品 ,3,千克,0,?,112.0
44149090,其他木制的画框、相框、镜框及类似品 ,9993,千克,0,?,86651.0
44151000,木制箱、盒、桶及类似的包装容器；电缆卷筒,196319,千克,17184,件,601986.0
44152010,辐射松制托板箱形托盘及其他装载板托盘护框,984,千克,255,件,2515.0
44152090,木托板、箱形托盘及其他装载木板；托盘护框,1104606,千克,78028,件,594605.0
44160090,木制大桶、琵琶桶、盆等木制箍桶及其零件,1060087,千克,0,?,2807798.0
44170090,木制工具等；扫帚及刷子等；木鞋靴楦及楦头,2608,千克,0,?,92860.0
44181990,其他木制窗、法兰西式（落地）窗及其框架,15001,千克,0,?,77214.0
44182100,热带木制门及其框架和门槛 ,1093,千克,0,?,4314.0
44182900,非热带木制门及其框架和门槛,42630,千克,0,?,211112.0
44183000,"木制柱及梁,子目4418.81至4418.89的货品除外",15695,千克,0,?,15064.0
44187320,其他竹制多层已装拼的地板,6,千克,0,?,122.0
44187400,其他马赛克地板用已装拼的木地板,3161,千克,0,?,5630.0
44187500,其他多层已装拼的木地板,223229,千克,0,?,1627262.0
44187900,其他已装拼木地板,12963,千克,0,?,80902.0
44188100,木制集成材,85787,千克,0,?,21888.0
44188200,正交胶合木,118,千克,0,?,1854.0
44189900,未列名建筑用木工制品,757642,千克,0,?,635560.0
44191100,竹制切面包板、 砧板及类似板,25076,千克,0,?,97223.0
44191210,竹制一次性筷子,484,千克,0,?,2781.0
44191290,其他竹制筷子,100,千克,0,?,2693.0
44191900,其他竹制餐具及厨房用具,3878,千克,0,?,25926.0
44192000,热带木制餐具及厨房用具,904830,千克,0,?,334184.0
44199010,其他木制一次性筷子,482318,千克,0,?,283383.0
44199090,未列名木制餐具及厨房用具,671611,千克,0,?,749020.0
44201110,热带木制木刻 ,87,千克,0,?,7415.0
44201190,其他热带木制小雕像及装饰品 ,7518,千克,0,?,74925.0
44201911,其他木刻 ,373,千克,0,?,4757.0
44201912,竹刻 ,181,千克,0,?,289.0
44201920,其他木扇 ,2,千克,0,?,125.0
44201990,其他木制小雕像及装饰品 ,126679,千克,0,?,432301.0
44209010,镶嵌木,179,千克,0,?,6547.0
44209090,珠宝或刀具木盒及类似品；第94章以外木家具,38911,千克,0,?,780381.0
44211000,木制衣架,5759,千克,0,?,110636.0
44212000,木制棺材,50,千克,0,?,34.0
44219110,竹制圆签、圆棒、冰果棒、压舌片及类似一次性制品,218,千克,0,?,1696.0
44219190,未列名竹制品,1325,千克,0,?,60548.0
44219910,其他木制圆签、圆棒、冰果棒、压舌片及类似一次性制品,3841261,千克,0,?,2426781.0
44219990,未列名木制品,14950909,千克,0,?,23813243.0
45011000,未加工或简单加工的天然软木,152029,千克,0,?,583762.0
45019020,碎的、粒状的或粉状的软木,23826,千克,0,?,52748.0
45031000,天然软木塞子,1921,千克,0,?,140622.0
45039000,其他天然软木制品,82514,千克,0,?,245558.0
45041000,压制软木块、板、片及条；任何形状的压制软木砖、瓦；压制软木实心圆柱体，包括圆片,176740,千克,0,?,1566381.0
45049000,其他压制软木及其制品,273,千克,0,?,41405.0
46012200,藤制的席子、席料及帘子,21634,千克,4105,张,30629.0
46012911,灯心草属材料制的席子、席料及帘子,384,千克,109,张,2021.0
46012990,其他植物材料制的席子、席料及帘子,223,千克,1257,张,1174.0
46019290,竹制其他平行连结或编结的产品,6,千克,0,?,129.0
46019310,藤制的缏条及类似产品，不论是否缝合成宽条,933,千克,0,?,1198.0
46019390,藤制其他平行连结或编结的产品,27,千克,0,?,1652.0
46019491,未列名植物编结材料编成的缏条及类似产品,236361,千克,0,?,198768.0
46019499,未列名植物编结材料制其他平行连结或编结品,1463,千克,0,?,14884.0
46019910,非植物编结材料编成的缏条及类似产品,2,千克,0,?,81.0
46019990,非植物编结材料制其他平行连结或编结产品,4245,千克,0,?,76423.0
46021100,竹制篮筐及其他编结品,21975,千克,0,?,24633.0
46021200,藤制篮筐及其他编结品,322589,千克,0,?,625018.0
46021910,草制篮筐及其他编结品,52136,千克,0,?,256001.0
46021930,柳条制篮筐及其他编结品,15,千克,0,?,129855.0
46021990,其他植物材料制篮筐等编结品；丝瓜络制品,31795,千克,0,?,452186.0
46029000,非植物编结材料制篮筐及其他编结品,134805,千克,0,?,695698.0
47010000,机械木浆,988532,千克,0,?,641213.0
47020000,化学木浆、溶解级,351711283,千克,0,?,322733843.0
47031100,未漂白的针叶木烧碱木浆或硫酸盐木浆,89449481,千克,0,?,53098640.0
47031900,未漂白的非针叶木烧碱木浆或硫酸盐木浆,816853,千克,0,?,465080.0
47032100,半漂白或漂白的针叶木烧碱木浆或硫酸盐木浆,598816118,千克,0,?,392251598.0
47032900,半漂白或漂白非针叶木烧碱木浆或硫酸盐木浆,1323984394,千克,0,?,786991566.0
47041100,未漂白的针叶木亚硫酸盐木浆,189101,千克,0,?,73971.0
47041900,未漂白的非针叶木亚硫酸盐木浆,19000,千克,0,?,34260.0
47042100,半漂白或漂白的针叶木亚硫酸盐木浆,3379289,千克,0,?,2401652.0
47042900,半漂白或漂白的非针叶木亚硫酸盐木浆,97004,千克,0,?,87507.0
47050000,用机械与化学联合制浆法制得的木浆,69761608,千克,0,?,30657923.0
47061000,棉短绒纸浆,22465,千克,0,?,12906.0
47062000,从回收（废碎）纸或纸板提取的纤维浆,290427217,千克,0,?,76322358.0
47069100,其他纤维状纤维素机械浆,5141,千克,0,?,12930.0
47069200,其他纤维状纤维素化学浆,1038012,千克,0,?,2841784.0
47071000,回收（废碎）的未漂白牛皮纸或瓦楞纸及纸板,31284735,千克,0,?,5696866.0
47072000,回收（废碎）漂白化学木浆制未经本体染色纸,6150870,千克,0,?,1253793.0
47073000,回收（废碎）的主要由机械浆制成的纸或纸板,1562630,千克,0,?,332199.0
48010010,成卷的新闻纸,19798640,千克,0,?,10770472.0
48010090,成张的新闻纸,2364,千克,0,?,1537.0
48021010,宣纸,20,千克,0,?,174.0
48021090,其他手工制纸及纸板,5640,千克,0,?,18720.0
48022010,照相原纸,46682,千克,0,?,16097.0
48022090,其他光敏热敏电敏纸及纸板的原纸和原纸板,228328,千克,0,?,248476.0
48025400,其他未涂书写印刷纸，机械浆≤10%，重＜40g/m2,295191,千克,0,?,338633.0
48025500,其他未涂书写印刷纸，成卷，机械浆≤10%，40g/m2≤重≤150g/m2,6565436,千克,0,?,4918087.0
48025600,其他未涂书写印刷纸，机械浆≤10%，40g/m2≤重≤150g/m2，成张，≤435mm×297mm,418022,千克,0,?,386791.0
48025700,其他未涂书写印刷纸，机械浆≤10%，40g/m2≤重≤150g/m2,938454,千克,0,?,988219.0
48025800,其他未涂书写印刷纸，机械浆≤10％，重＞150g/m2,3706099,千克,0,?,3477842.0
48026100,其他未涂书写印刷纸，成卷，机械浆＞10%,9938442,千克,0,?,6445060.0
48026200,其他未涂书写印刷纸，成张，机械浆＞10％，≤435mm×297mm,2215718,千克,0,?,2462561.0
48026900,其他未涂书写印刷纸，机械浆＞10％，,310504,千克,0,?,654784.0
48030000,成卷成张的家庭或卫生用纸、面巾纸、餐巾纸,3422010,千克,0,?,3743710.0
48041100,未漂白牛皮挂面板纸,55768005,千克,0,?,27862649.0
48041900,其他牛皮挂面板纸,1308031,千克,0,?,954663.0
48042100,未漂白袋用牛皮纸,21267103,千克,0,?,11752135.0
48042900,其他袋用牛皮纸,1755279,千克,0,?,3389415.0
48043100,其他未涂布未漂白牛皮纸，平米重≤150g,4868760,千克,0,?,5928018.0
48043900,其他未涂布牛皮纸，平米重≤150g,2752855,千克,0,?,4374096.0
48044100,其他未涂未漂白牛皮纸，150g＜平米重＜225g,909065,千克,0,?,442015.0
48044200,未涂布本体漂白牛皮纸，150g＜平米重＜225g,90716,千克,0,?,106802.0
48044900,其他未涂布的牛皮纸，150g＜平米重＜225g,485730,千克,0,?,330402.0
48045100,其他未涂布未漂白牛皮纸，平米重≥225g,1043489,千克,0,?,3961898.0
48045200,未涂布的本体漂白牛皮纸，平米重≥225g,1182026,千克,0,?,499936.0
48045900,其他未涂布的牛皮纸，平米重≥225g,117446,千克,0,?,70447.0
48051100,半化学瓦楞原纸,8765362,千克,0,?,4467412.0
48051900,其他瓦楞原纸,156877407,千克,0,?,64461969.0
48052400,强韧箱纸板（再生挂面纸板），平米重≤150克,112555543,千克,0,?,47704706.0
48052500,强韧箱纸板（再生挂面纸板），平米重＞150克,153553648,千克,0,?,68586265.0
48053000,亚硫酸盐包装纸,7695,千克,0,?,21233.0
48054000,滤纸及纸板,598342,千克,0,?,2043842.0
48055000,毡纸及纸板,6352,千克,0,?,103445.0
48059110,电解电容器纸，每平米重≤150g,409723,千克,0,?,5120556.0
48059120,装饰原纸，每平方米重量在150克及以下,0,千克,0,?,1147.0
48059190,其他未经涂布的纸及纸板，每平米重≤150g,11930741,千克,0,?,10332310.0
48059200,其他未涂布纸及纸板，150g＜每平米重＜225g,198403,千克,0,?,187749.0
48059300,其他未涂布纸及纸板，每平米重≥225g,35688921,千克,0,?,11115656.0
48061000,植物羊皮纸,42202,千克,0,?,192715.0
48062000,防油纸,353870,千克,0,?,785072.0
48063000,描图纸,2750,千克,0,?,27219.0
48064000,半透明玻璃纸及其他高光泽透明或半透明纸,1324214,千克,0,?,3147742.0
48070000,成卷或成张的复合纸及纸板，未涂布或未浸渍,222416,千克,0,?,1493224.0
48081000,瓦楞纸及纸板，不论是否穿孔,39771,千克,0,?,254558.0
48084000,皱纹牛皮纸，不论是否压花或穿孔,405106,千克,0,?,3247268.0
48089000,其他皱纹纸及纸板、压纹纸及纸板、穿孔纸及纸板，但品目48.03的纸除外,722361,千克,0,?,2078139.0
48092000,自印复写纸，成卷或成张的,21590,千克,0,?,39680.0
48099000,复写纸及其他拷贝或转印纸，成卷或成张的,191356,千克,0,?,641044.0
48101300,高岭土及其他无机物涂布的成卷的书写、印刷纸及纸板，含机械纤维≤10%,10683911,千克,0,?,10361015.0
48101400,高岭土及其他无机物涂布的成张的书写、印刷纸及纸板，机械纤维≤10%，≤435mm×297mm,4648,千克,0,?,9913.0
48101900,其他高岭土及其他无机物涂布的书写、印刷纸及纸板，含机械纤维≤10%,1986941,千克,0,?,2806907.0
48102200,高岭土及其他无机物涂布的书写、印刷轻质纸，机械纤维＞10%,102570,千克,0,?,69604.0
48102900,其他高岭土及其他无机物涂布的书写、印刷纸，机械纤维＞10%,2204794,千克,0,?,2135254.0
48103100,高岭土及其他无机物涂布的牛皮纸，本体均匀漂白，重≤150g/m2，木纤维≥95%,1284727,千克,0,?,2203543.0
48103200,高岭土及其他无机物涂布的牛皮纸，本体均匀漂白，重＞150g/m2，木纤维≥95%,4264486,千克,0,?,4761897.0
48103900,其他涂布高岭土或其他无机物质的牛皮纸及纸板,16779916,千克,0,?,8668620.0
48109200,涂布高岭土或其他无机物质的多层纸及纸板,18431522,千克,0,?,16498988.0
48109900,未列名涂布高岭土或其他无机物质的纸及纸板,107157,千克,0,?,195696.0
48111000,成卷或成张矩形焦油纸及纸板、沥青纸及纸板,437,千克,0,?,3396.0
48114100,成卷或成张矩形的任何尺寸的自粘胶粘纸,707430,千克,0,?,5760182.0
48114900,成卷或成张矩形的其他胶粘纸及纸板,22181,千克,0,?,306654.0
48115110,彩色相纸用双面涂塑纸，每平米重＞150g,409799,千克,0,?,3337323.0
48115191,纸塑铝复合材料，每平方米重量＞150克,13838,千克,0,?,94052.0
48115199,其他用塑料（不包括粘合剂）涂布、浸渍或覆盖的漂白纸及纸板，每平方米重量超过150克,1381901,千克,0,?,2390404.0
48115910,其他用塑料涂布、浸渍或覆盖绝缘纸及纸板,39591,千克,0,?,561014.0
48115991,镀铝的用塑料（不包括粘合剂）涂布、浸渍或覆盖的纸及纸板,15901,千克,0,?,87574.0
48115999,未列名用塑料(不包括粘合剂)涂布、浸渍或覆盖的纸及纸板,3135486,千克,0,?,12154356.0
48116010,用蜡、石蜡、硬脂精、油或甘油浸涂的绝缘纸,80453,千克,0,?,618268.0
48116090,其他用蜡、石蜡、硬脂精、油或甘油浸涂的纸,624031,千克,0,?,719487.0
48119000,未列名成卷成张矩形浸涂印花纸，纸板，纤维纸,2539124,千克,0,?,8318317.0
48120000,纸浆制的滤块、滤板及滤片,45604,千克,0,?,754769.0
48132000,宽度≤5cm成卷的卷烟纸,580288,千克,0,?,3361150.0
48139000,其他卷烟纸，不论是否切成一定尺寸,772539,千克,0,?,3646451.0
48142000,用塑料涂面或盖面的壁纸及类似品，起纹、压花、着色、印制图案或经其他装饰,208343,千克,0,?,881649.0
48149000,其他壁纸及类似品；窗用透明纸,1892,千克,0,?,211463.0
48162000,自印复写纸,13452,千克,0,?,13441.0
48169010,热敏转印纸（4809的纸除外）,5704,千克,0,?,115987.0
48169090,复写纸、拷贝或转印纸；油印蜡纸或胶印版纸,20306,千克,0,?,366811.0
48171000,纸或纸板制的信封,24731,千克,0,?,123263.0
48172000,纸或纸板制封缄信片、素色明信片及通信卡片,436,千克,0,?,21932.0
48173000,纸或纸板制盒、袋及夹子，内装各种纸制文具,2383,千克,0,?,21003.0
48181000,卫生纸,140768,千克,0,?,334743.0
48182000,纸手帕及面巾纸,30959,千克,0,?,139969.0
48183000,纸台布及纸餐巾,50598,千克,0,?,119070.0
48185000,纸浆、纸、纤维素絮纸或纤维素纤维网纸制的衣服及衣着附件,22,千克,0,?,3184.0
48189000,纸浆、纸等制的其他家庭、卫生或医院用品,202042,千克,0,?,889221.0
48191000,瓦楞纸或纸板制的箱、盒、匣,418254,千克,0,?,2355722.0
48192000,非瓦楞纸或纸板制的可折叠箱、盒、匣,523950,千克,0,?,3146427.0
48193000,底宽≥40cm的纸袋,160459,千克,0,?,489224.0
48194000,其他纸袋，包括锥形袋,300712,千克,0,?,1982107.0
48195000,纸、纸板制其他包装容器，包括唱片套,67992,千克,0,?,1061603.0
48196000,纸或纸板制的卷宗盒、信件盘、存储盒等物品,1458,千克,0,?,20755.0
48201000,帐本、笔记本、收据本、日记本及类似品,132834,千克,0,?,1724570.0
48202000,练习本,3142,千克,0,?,19301.0
48203000,纸或纸板制的活动封面、文件夹及卷宗皮,8800,千克,0,?,96020.0
48204000,多联商业表格纸、页间夹有复写纸的本,4516,千克,0,?,9159.0
48205000,纸或纸板制的样品簿及粘贴簿,3829,千克,0,?,24343.0
48209000,纸或纸板制的其他文具用品；书籍封面,10190,千克,0,?,93467.0
48211000,纸或纸板制的各种标签，印有文字图画,413569,千克,0,?,7026777.0
48219000,纸或纸板制的各种标签，未印文字图画,93436,千克,0,?,1411908.0
48221000,纸制的纺织纱线用筒管、卷轴、纡子等物品,882,千克,0,?,2722.0
48229000,其他纸制筒管、卷轴、纡子等物品,255482,千克,0,?,476175.0
48232000,切成一定尺寸或形状的滤纸及纸板,134462,千克,0,?,1512177.0
48234000,已印制的自动记录器用打印纸卷、纸张及纸盘,1913,千克,0,?,67955.0
48236100,竹浆纸或纸板制的盘、碟、盆、杯及类似品,1,千克,0,?,74.0
48236910,非木植物浆纸或纸板制的盘、碟、盆、杯及类似品,2777,千克,0,?,10358.0
48236990,未列名纸或纸板制的盘、碟、盆、杯及类似品,37700,千克,0,?,140505.0
48237000,压制或模制纸浆制品,117720,千克,0,?,604902.0
48239010,以纸或纸板为底制成的铺地制品,2,千克,0,?,4350.0
48239020,神纸及类似用品,138615,千克,0,?,101137.0
48239030,纸扇,331,千克,0,?,3041.0
48239090,未列名切成形的纸、纸板等纸及纸（桨）制品,2509717,千克,0,?,11965856.0
49011000,单张的散页印刷品及类似印刷品,109817,千克,0,?,188726.0
49019100,字典或百科全书及其连续出版的分册,1380,千克,0,?,28945.0
49019900,其他书籍、小册子及类似印刷品,1176522,千克,0,?,25136766.0
49021000,每周至少出版四次的报纸、杂志及期刊,19179,千克,0,?,197059.0
49029000,其他报纸、杂志及期刊,48773,千克,0,?,4020423.0
49030000,儿童图画书、绘画或涂色书,16072,千克,0,?,122879.0
49040000,乐谱原稿或印本，不论是否装订或印有插图,2305,千克,0,?,119323.0
49052000,成册的地图、水道图及类似图表,19,千克,0,?,1300.0
49059000,其他地图、水道图及类似图表及地球仪、天体仪,2055,千克,0,?,13173.0
49060000,手绘的设计图纸原稿和手稿及其复制件,2951,千克,0,?,15812.0
49070010,在承认或将承认其面值的国流通或新发行并未经使用的邮票,271,千克,0,?,2060.0
49070030,承认国流通新发行的证券凭证,0,千克,0,?,420.0
49070090,承认国流通新发行未用的其他票证；所有凭证,2517,千克,0,?,55572077.0
49081000,釉转印贴花纸（移画印花法用图案纸）,799,千克,0,?,26480.0
49089000,其他转印贴花纸（移画印花法用图案纸）,78033,千克,0,?,8097506.0
49090010,印刷或有图画的明信片,2623,千克,0,?,54152.0
49090090,印有个人问候、祝贺、通告的卡片,7685,千克,0,?,164620.0
49100000,印刷的各种日历，包括日历芯,11583,千克,0,?,33406.0
49111010,无商业价值的商业广告品、商品目录等印刷品,138669,千克,0,?,1707224.0
49111090,其他商业广告品、商品目录及类似印刷品,57160,千克,0,?,1736541.0
49119100,印刷的图片、设计图样及照片,379112,千克,0,?,26551048.0
49119910,纸质的其他印刷品,227403,千克,0,?,13237442.0
49119990,其他印刷品,67765,千克,0,?,2742900.0
50010010,适于缫丝的桑蚕茧,102978,千克,0,?,2275113.0
50020011,桑蚕厂丝,7067,千克,0,?,310930.0
50030011,不适于缫丝的下茧、茧衣、长吐、滞头,329547,千克,0,?,3444417.0
50030012,回收纤维,5038,千克,0,?,22156.0
50030019,其他未梳废丝,1361,千克,0,?,11124.0
50030091,绵球,1325,千克,0,?,72381.0
50030099,其他废丝,60461,千克,0,?,903833.0
50040000,丝纱线（绢纺纱线除外），非供零售用,2076,千克,0,?,363419.0
50050010,?丝纱线，非供零售用,4488,千克,0,?,26748.0
50050090,其他绢纺纱线，非供零售用,903,千克,0,?,88045.0
50060000,丝纱线及绢纺纱线，供零售用；蚕胶丝,181,千克,0,?,17635.0
50071010,未漂白或漂白?丝机织物,14,米,2,千克,276.0
50071090,其他?丝机织物,8,米,1,千克,752.0
50072011,未漂白或漂白桑蚕丝机织物，含丝≥85％,1345,米,126,千克,42472.0
50072019,其他桑蚕丝机织物，丝≥85％,23675,米,2617,千克,398386.0
50072029,其他柞蚕丝机织物，丝≥85％,2966,米,390,千克,29127.0
50072031,未漂白或漂白绢丝机织物，含丝≥85％,141,米,6,千克,2034.0
50072039,其他绢丝机织物，丝≥85％,3244,米,254,千克,29192.0
50072090,未列名丝机织物，丝≥85％,8492,米,854,千克,27388.0
50079010,其他未漂白或漂白丝机织物，含丝＜85％,966,米,343,千克,35621.0
50079090,未列名丝机织物，丝＜85％,1635,米,217,千克,62200.0
51011100,未梳含脂剪羊毛,18216592,千克,0,?,210095423.0
51012100,未梳脱脂剪羊毛，未碳化,5982854,千克,0,?,10925008.0
51012900,其他未梳脱脂羊毛，未碳化,415542,千克,0,?,1411890.0
51021930,未梳骆驼毛、骆驼绒,632667,千克,0,?,878210.0
51021990,其他未梳动物细毛,28094,千克,0,?,33103.0
51022000,未梳动物粗毛,1406856,千克,0,?,1738453.0
51031010,羊毛落毛,24746,千克,0,?,66073.0
51040010,羊毛的回收纤维,188021,千克,0,?,205107.0
51052900,羊毛条及其他精梳羊毛,142511,千克,0,?,1094252.0
51053910,已梳兔毛,1212,千克,0,?,38290.0
51053921,已梳无毛山羊绒,15457,千克,0,?,1488047.0
51053929,已梳其他山羊绒,482837,千克,0,?,36685572.0
51053990,其他已梳动物细毛,297413,千克,0,?,7979911.0
51054000,已梳动物粗毛,168785,千克,0,?,321411.0
51061000,粗梳羊毛纱线，非供零售用，羊毛≥85％,15974,千克,0,?,482806.0
51062000,粗梳羊毛纱线，非供零售用，羊毛＜85％,7890,千克,0,?,347028.0
51071000,精梳羊毛纱线，非供零售用，羊毛≥85％,191007,千克,0,?,5432835.0
51072000,精梳羊毛纱线，非供零售用，羊毛＜85％,13325,千克,0,?,558239.0
51081011,粗梳山羊绒≥85％的纱线，非供零售用,12562,千克,0,?,1484321.0
51081019,粗梳其他动物细毛≥85％的纱线，非供零售用,924,千克,0,?,53421.0
51081090,粗梳动物细毛＜85%的纱线，非供零售用,5351,千克,0,?,548543.0
51082011,精梳山羊绒≥85％的纱线，非供零售用,4228,千克,0,?,557378.0
51082019,精梳其他动物细毛≥85％的纱线，非供零售用,619,千克,0,?,50828.0
51082090,精梳动物细毛＜85%的纱线，非供零售用,5722,千克,0,?,693228.0
51091011,山羊绒≥85％的纱线，供零售用,300,千克,0,?,56872.0
51091019,其他动物细毛≥85％的纱线，供零售用,499,千克,0,?,41530.0
51091090,羊毛≥85％的纱线，供零售用,2286,千克,0,?,181367.0
51099011,山羊绒＜85％的纱线，供零售用,99,千克,0,?,23179.0
51099019,其他动物细毛＜85％的纱线，供零售用,806,千克,0,?,91076.0
51099090,羊毛＜85％的纱线，供零售用,2119,千克,0,?,145069.0
51100000,动物粗毛或马毛的纱线,23,千克,0,?,1239.0
51111111,粗梳山羊绒≥85%的机织物，平米重≤300g,7505,米,3378,千克,624556.0
51111119,粗梳其他动物细毛≥85%的，平米重≤300g,1737,米,692,千克,26286.0
51111190,粗梳羊毛≥85%的机织物，平米重≤300g,53857,米,19534,千克,738422.0
51111911,粗梳山羊绒≥85%的机织物，平米重＞300g,23014,米,15185,千克,2748835.0
51111919,粗梳其他动物细毛≥85%的，平米重＞300g,14071,米,8483,千克,1176419.0
51111990,粗梳羊毛≥85%的机织物，平米重＞300g,241480,米,140000,千克,3407219.0
51112000,粗梳毛＜85％主要或仅与化纤长丝混纺机织物,50195,米,24490,千克,672581.0
51113000,粗梳毛＜85％主要或仅与化纤短纤混纺机织物,153544,米,103249,千克,2025670.0
51119000,粗梳毛＜85％与其他纤维混纺的机织物,60572,米,35522,千克,762168.0
51121100,精梳毛≥85％的机织物，平米重≤200g,495269,米,130902,千克,10527041.0
51121900,精梳毛≥85％的机织物，平米重＞200g,421394,米,204239,千克,8834771.0
51122000,精梳毛＜85％主要或仅与化纤长丝混纺机织物,72084,米,28373,千克,972243.0
51123000,精梳毛＜85％主要或仅与化纤短纤混纺机织物,72666,米,24751,千克,930764.0
51129000,精梳毛＜85％与其他纤维混纺机织物,42839,米,13778,千克,1047610.0
51130000,动物粗毛或马毛机织物,3930,米,622,千克,22057.0
52010000,未梳的棉花,80483257,千克,0,?,153768460.0
52041100,含棉≥85％的缝纫线，非供零售用,353,千克,0,?,6399.0
52041900,含棉＜85％的缝纫线，非供零售用,137,千克,0,?,495.0
52042000,棉制缝纫线，供零售用,90,千克,0,?,2963.0
52051100,未精梳单纱，棉≥85％，细度≥714.29分特,36478451,千克,0,?,79005127.0
52051200,未精梳单纱，棉≥85％，232.56分特≤细度＜714.29分特,80065431,千克,0,?,178001998.0
52051300,未精梳单纱，棉≥85％，192.31分特≤细度＜232.56分特,4120190,千克,0,?,10899864.0
52051400,未精梳单纱，棉≥85％，125分特≤细度＜192.31分特,22492887,千克,0,?,62705227.0
52051500,未精梳单纱，棉≥85％，细度＜125分特,6,千克,0,?,207.0
52052100,精梳单纱，棉≥85％，细度≥714.29分特,207029,千克,0,?,1016278.0
52052200,精梳单纱，棉≥85％，232.56分特≤细度＜714.29分特,5009949,千克,0,?,15780843.0
52052300,精梳单纱，棉≥85％，192.31分特≤细度＜232.56分特,5105260,千克,0,?,17457971.0
52052400,精梳单纱，棉≥85％，125分特≤细度＜192.31分特,9348618,千克,0,?,33277328.0
52052600,精梳单纱，棉≥85％，106.38分特≤细度＜125分特,409057,千克,0,?,2113243.0
52052700,精梳单纱，棉≥85％，83.33分特≤细度＜106.38分特,129814,千克,0,?,957835.0
52052800,精梳单纱，棉≥85％，细度＜83.33分特,295730,千克,0,?,2322938.0
52053100,未精梳多股纱线，棉≥85％，单纱≥714.29分特,524,千克,0,?,9636.0
52053200,未精梳多股线，棉≥85％，232.56分特≤单纱＜714.29分特,489106,千克,0,?,1441565.0
52053300,未精梳多股线，棉≥85％，192.31分特≤单纱＜232.56分特,9386,千克,0,?,34658.0
52053400,未精梳多股线，棉≥85％，125分特≤单纱＜192.31分特,322170,千克,0,?,1020219.0
52053500,未精梳多股线，棉≥85％，单纱细度＜125分特,1020,千克,0,?,5115.0
52054100,精梳多股纱线，棉≥85％，单纱细度≥714.29分特,4700,千克,0,?,35229.0
52054200,精梳多股纱线，棉≥85％，232.56分特≤单纱＜714.29分特,281045,千克,0,?,1461317.0
52054300,精梳多股纱线，棉≥85％，192.31分特≤单纱＜232.56分特,15204,千克,0,?,174782.0
52054400,精梳多股纱线，棉≥85％，125分特≤单纱＜192.31分特,248064,千克,0,?,1461674.0
52054600,精梳多股纱线，棉≥85％，106.38分特≤单纱＜125分特,58965,千克,0,?,298218.0
52054700,精梳多股纱线，棉≥85％，83.33分特≤单纱＜106.38分,111340,千克,0,?,830026.0
52054800,精梳多股纱线，棉≥85％，单纱＜83.33分特,41093,千克,0,?,344852.0
52061100,未精梳单纱，棉＜85％，细度≥714.29分特,690056,千克,0,?,1004594.0
52061200,未精梳单纱，棉＜85％，232.56分特≤细度＜714.29分特,7939877,千克,0,?,11858763.0
52061300,未精梳单纱，棉＜85％，192.31分特≤细度＜232.56分特,1410353,千克,0,?,3657281.0
52061400,未精梳单纱，棉＜85％，125分特≤细度＜192.31分特,1111364,千克,0,?,2852494.0
52061500,未精梳单纱，棉＜85％，细度＜125分特,1591,千克,0,?,30768.0
52062100,精梳单纱，棉＜85％，细度≥714.29分特,971,千克,0,?,52142.0
52062200,精梳单纱，棉＜85％，232.56分特≤细度＜714.29分特,530078,千克,0,?,1803190.0
52062300,精梳单纱，棉＜85％，192.31分特≤细度＜232.56分特,1430712,千克,0,?,4772844.0
52062400,精梳单纱，棉＜85％，125分特≤细度＜192.56分特,1730586,千克,0,?,6355179.0
52062500,精梳单纱，棉＜85％，细度＜125分特,6439,千克,0,?,42955.0
52063100,未精梳多股纱线，棉＜85％，单纱≥714.29分特,35,千克,0,?,1887.0
52063200,未精梳多股纱线，棉＜85％，232.56分特≤单纱＜714.29分特,1952,千克,0,?,10473.0
52063300,未精梳多股纱线，棉＜85％，192.31分特≤单纱＜232.56分特,4385,千克,0,?,4830.0
52063400,未精梳多股纱线，棉＜85％，125分特≤单纱＜192.31分特,46,千克,0,?,6210.0
52063500,未精梳多股纱线，棉＜85％，单纱＜125分特,2,千克,0,?,161.0
52064100,精梳多股纱线，棉＜85％，单纱≥714.29分特,47974,千克,0,?,195445.0
52064200,精梳多股纱线，棉＜85％，232.56分特≤单纱＜714.29分特,11187,千克,0,?,61444.0
52064300,精梳多股纱线，棉＜85％，192.31分特≤单纱＜232.56分特,2888,千克,0,?,55368.0
52064400,精梳多股纱线，棉＜85％，125分特≤单纱＜192.31分特,25198,千克,0,?,208397.0
52064500,精梳多股纱线，棉＜85％，单纱细度＜125分特,594,千克,0,?,31699.0
52071000,棉≥85％的棉纱线，供零售用,1517,千克,0,?,64471.0
52079000,棉＜85％的棉纱线，供零售用,346,千克,0,?,23858.0
52081100,棉≥85％未漂平纹布，平米重≤100g,32720973,米,1198035,千克,3865507.0
52081200,棉≥85％未漂平纹布，100g＜平米重≤200g,1478078,米,314589,千克,1338135.0
52081300,棉≥85％未漂三或四线斜纹布，平米重≤200g,17986,米,6303,千克,28160.0
52081900,其他棉≥85％未漂布，平米重≤200g,92150,米,36431,千克,151799.0
52082100,棉≥85％漂白平纹布，平米重≤100g,67851,米,6777,千克,150797.0
52082200,棉≥85％漂白平纹布，100g＜平米重≤200g,42170,米,8179,千克,175741.0
52082300,棉≥85％漂白三或四线斜纹布，平米重≤200g,8052,米,1404,千克,129436.0
52082900,其他棉≥85％漂白布，平米重≤200g,35512,米,6545,千克,300810.0
52083100,棉≥85％染色平纹布，平米重≤100g,39784,米,4163,千克,217292.0
52083200,棉≥85％染色平纹布，100g＜平米重≤200g,344202,米,66268,千克,1149742.0
52083300,棉≥85％染色三或四线斜纹布，平米重≤200g,735125,米,249060,千克,449768.0
52083900,其他棉≥85％染色布，平米重≤200g,230552,米,69428,千克,398611.0
52084100,棉≥85％色织平纹布，平米重≤100g,33135,米,8223,千克,88797.0
52084200,棉≥85％色织平纹布，100g＜平米重≤200g,105393,米,21702,千克,500015.0
52084300,棉≥85％色织三或四线斜纹布，平米重≤200g,35723,米,6864,千克,323794.0
52084900,棉≥85％其他色织布，平米重≤200g,28391,米,6561,千克,318010.0
52085100,棉≥85％印花平纹布，平米重≤100g,35191,米,3546,千克,290325.0
52085200,棉≥85％印花平纹布，100g＜平米重≤200g,49477,米,9060,千克,203996.0
52085910,棉≥85％印花三或四线斜纹布，平米重≤200g,697,米,148,千克,4341.0
52085990,棉≥85％其他印花布，平米重≤200g,7318,米,1475,千克,29697.0
52091100,棉≥85％未漂平纹布，平米重＞200g,36436,米,13213,千克,110483.0
52091200,棉≥85％未漂三或四线斜纹布，平米重＞200g,402099,米,191512,千克,731875.0
52091900,其他棉≥85％未漂布，平米重＞200g,34045,米,15110,千克,63671.0
52092100,棉≥85％漂白平纹布，平米重＞200g,11815,米,4150,千克,170800.0
52092200,棉≥85％漂白三或四线斜纹布，平米重＞200g,53751,米,30650,千克,207087.0
52092900,其他棉≥85％漂白布，平米重＞200g,65206,米,38588,千克,240418.0
52093100,棉≥85％染色平纹布，平米重＞200g,128685,米,51061,千克,579073.0
52093200,棉≥85％染色三或四线斜纹布，平米重＞200g,145690,米,70252,千克,765483.0
52093900,其他棉≥85％染色布，平米重＞200g,254962,米,84552,千克,628860.0
52094100,棉≥85％色织平纹布，平米重＞200g,13677,米,6045,千克,112241.0
52094200,棉≥85%色织粗斜纹布（劳动布），平米重＞20,1276341,米,762824,千克,5194648.0
52094300,棉≥85％色织其他三或四线斜纹布，平米重＞200g,39650,米,20050,千克,261206.0
52094900,其他棉≥85％色织布，平米重＞200g,88779,米,54200,千克,689538.0
52095100,棉≥85％印花平纹布，平米重＞200g,24049,米,7622,千克,63435.0
52095200,棉≥85％印花三或四线斜纹布，平米重＞200g,15103,米,4910,千克,43208.0
52095900,其他棉≥85％印花布，平米重＞200g,1011,米,441,千克,1464.0
52101100,棉＜85％与化纤纺未漂平纹布，平米重≤200g,4928,米,1877,千克,26970.0
52101910,棉＜85％与化纤纺未漂斜纹布，平米重≤200g,44980,米,14906,千克,127338.0
52101990,棉＜85％与化纤纺未漂其他布，平米重≤200g,68,米,31,千克,484.0
52102100,棉＜85％与化纤纺漂白平纹布，平米重≤200g,1009,米,154,千克,13356.0
52102910,棉＜85％与化纤纺漂白斜纹布，平米重≤200g,87,米,19,千克,1594.0
52103100,棉＜85％与化纤纺染色平纹布，平米重≤200g,180744,米,30172,千克,606987.0
52103200,棉＜85％与化纤纺染色斜纹布，平米重≤200g,12463,米,2907,千克,99738.0
52103900,棉＜85％与化纤纺染色其他布，平米重≤200g,95147,米,22618,千克,449761.0
52104100,棉＜85％与化纤纺色织平纹布，平米重≤200g,49299,米,9298,千克,112523.0
52104910,棉＜85％与化纤纺色织斜纹布，平米重≤200g,1002,米,192,千克,10666.0
52104990,棉＜85％与化纤纺色织其他布，平米重≤200g,8127,米,1441,千克,70481.0
52105100,棉＜85％与化纤纺印花平纹布，平米重≤200g,5019,米,829,千克,32511.0
52105990,棉＜85％与化纤纺印花其他布，平米重≤200g,1823,米,303,千克,14076.0
52111100,棉＜85％与化纤纺未漂平纹布，平米重＞200g,35383,米,15773,千克,99849.0
52111200,棉＜85％与化纤纺未漂斜纹布，平米重＞200g,27230,米,12588,千克,63009.0
52111900,棉＜85％与化纤纺未漂其他布，平米重＞200g,52541,米,28324,千克,226647.0
52112000,棉＜85％与化纤混纺机织物，平米重＞200g,782825,米,432056,千克,2444724.0
52113100,棉＜85％与化纤纺染色平纹布，平米重＞200g,40544,米,15717,千克,239246.0
52113200,棉＜85％与化纤纺染色斜纹布，平米重＞200g,10016,米,3754,千克,80907.0
52113900,棉＜85％与化纤纺染色其他布，平米重＞200g,23412,米,11074,千克,69949.0
52114100,棉＜85％与化纤纺色织平纹布，平米重＞200g,12877,米,6720,千克,568672.0
52114200,棉＜85％与化纤纺色织劳动布，平米重＞200g,923099,米,388762,千克,3777023.0
52114300,棉＜85％与化纤纺色织其他斜纹布，平米重＞200g,4153,米,2506,千克,116450.0
52114900,棉＜85％与化纤纺色织其他布，平米重＞200g,1232,米,562,千克,26196.0
52115100,棉＜85％与化纤纺印花平纹布，平米重＞200g,952,米,333,千克,7072.0
52115200,棉＜85％与化纤纺印花斜纹布，平米重＞200g,300,米,114,千克,6540.0
52115900,棉＜85％与化纤纺印花其他布，平米重＞200g,1005,米,687,千克,55374.0
52121100,其他未漂棉布，平米重≤200g,166,米,72,千克,664.0
52121300,其他染色棉布，平米重≤200g,7502,米,955,千克,73987.0
52121400,其他色织棉布，平米重≤200g,1626,米,351,千克,39233.0
52121500,其他印花棉布，平米重≤200g,1129,米,160,千克,4054.0
52122100,其他未漂棉布，平米重＞200g,607,米,248,千克,7933.0
52122300,其他染色棉布，平米重＞200g,2819,米,1458,千克,91725.0
52122400,其他色织棉布，平米重＞200g,11219,米,3881,千克,165066.0
52122500,其他印花棉布，平米重＞200g,952,米,925,千克,21576.0
53011000,生的或经沤制的麻,22000,千克,0,?,14537.0
53012100,破开的或打成的亚麻,13925827,千克,0,?,90188604.0
53012900,栉梳或经其他加工但未纺制的亚麻,180260,千克,0,?,1299263.0
53013000,亚麻短纤及废麻,6986673,千克,0,?,21863823.0
53021000,生的或经沤制的大麻,103660,千克,0,?,401432.0
53029000,其他经加工但未纺制的大麻；大麻短纤及废麻,47720,千克,0,?,60217.0
53039000,其他加工但未纺黄麻等韧皮纤维及短纤和废麻,702389,千克,0,?,795799.0
53050012,经加工但未纺制的苎麻,44000,千克,0,?,113706.0
53050020,生的或经加工但未纺蕉麻，短纤、落麻及废料,50480,千克,0,?,105368.0
53050091,西沙尔麻等纺织龙舌兰类纤维及其短纤和废麻,3127540,千克,0,?,4579097.0
53050092,生的或经加工但未纺椰壳纤维，短纤落麻废料,44668250,千克,0,?,6857255.0
53050099,未列名纺织用植物纤维及其短纤、落麻及废料,2940,千克,0,?,6358.0
53061000,亚麻单纱,63890,千克,0,?,429663.0
53062000,亚麻多股纱线或缆线,8324,千克,0,?,136084.0
53071000,黄麻或5303其他纺织用韧皮纤维的单纱,4064950,千克,0,?,5045975.0
53072000,黄麻或5303其他纺织用韧皮纤维多股纱或缆线,723141,千克,0,?,1050243.0
53081000,椰壳纤维纱线,7100,千克,0,?,13146.0
53082000,大麻纱线,5,千克,0,?,245.0
53089011,苎麻≥85%未漂白或漂白纱线,8,千克,0,?,15.0
53089014,苎麻＜85%的色纱线,927,千克,0,?,11953.0
53089091,纸纱线,7438,千克,0,?,199355.0
53089099,未列名植物纺织纤维纱线,403,千克,0,?,11357.0
53091110,含亚麻≥85％未漂白的布,11934,米,2974,千克,176441.0
53091120,含亚麻≥85％漂白的布,2441,米,456,千克,133243.0
53091900,其他含亚麻≥85％的布,26417,米,7869,千克,498584.0
53092110,含亚麻＜85％未漂白的布,437,米,211,千克,6504.0
53092120,含亚麻＜85％漂白的布,4,米,1,千克,43.0
53092900,其他含亚麻＜85％的布,33189,米,9338,千克,716748.0
53101000,黄麻或5303其他纺织韧皮纤维未漂布,158222,米,57804,千克,107707.0
53109000,黄麻或5303其他纺织韧皮纤维的其他布,2093,米,1629,千克,23416.0
53110013,苎麻≥85%其他机织物,389,米,37,千克,6979.0
53110015,苎麻＜85%其他机织物,330,米,79,千克,1472.0
53110020,纸纱线机织物,968,米,370,千克,6613.0
53110030,大麻机织物,25703,米,11538,千克,278245.0
53110090,未列名纺织用植物纤维机织物,40762,米,5142,千克,51589.0
54011010,合成纤维长丝缝纫线，非供零售用,58466,千克,0,?,1245670.0
54011020,合成纤维长丝缝纫线，供零售用,1026,千克,0,?,34370.0
54012010,人造纤维长丝缝纫线，非供零售用,280,千克,0,?,11028.0
54012020,人造纤维长丝缝纫线，供零售用,6,千克,0,?,425.0
54021110,聚间苯二甲酰间苯二胺纺制的高强力纱,205,千克,0,?,16463.0
54021120,聚对苯二甲酰对苯二胺纺制的高强力纱,308430,千克,0,?,5256658.0
54021190,其他芳香族聚酰胺纺制的高强力纱,2728,千克,0,?,300118.0
54021910,聚酰胺6（尼龙6）纺制的高强力纱,104187,千克,0,?,411485.0
54021920,"聚酰胺6,6（尼龙6,6）纺制的高强力纱",1333631,千克,0,?,6020021.0
54021990,未列名尼龙或其他聚酰胺纺制的高强力纱,2931,千克,0,?,13413.0
54022000,聚酯高强力纱,1007359,千克,0,?,2783698.0
54023111,尼龙-6弹力丝，每根单纱细度≤50特,170651,千克,0,?,878348.0
54023112,尼龙-6，6弹力丝，每根单纱细度≤50特,243902,千克,0,?,1807942.0
54023119,其他尼龙等聚酰胺弹力丝，单纱细度≤50特,62162,千克,0,?,473548.0
54023190,尼龙等聚酰胺其他变形纱线，单纱细度≤50特,10512,千克,0,?,88953.0
54023211,尼龙-6弹力丝，每根单纱细度超过50特,23439,千克,0,?,180361.0
54023212,尼龙-6，6弹力丝，每根单纱细度超过50特,298,千克,0,?,7858.0
54023219,其他尼龙或聚酰胺弹力丝，单纱细度＞50特,1317,千克,0,?,25031.0
54023290,尼龙等聚酰胺其他变形纱线，单纱细度＞50特,43449,千克,0,?,530912.0
54023310,聚酯弹力丝,832757,千克,0,?,2197130.0
54023390,其他聚酯变形纱线,317998,千克,0,?,918689.0
54023400,聚丙烯长丝变形纱线,7273,千克,0,?,104774.0
54023900,其他合成纤维长丝变形纱线,265,千克,0,?,28475.0
54024410,氨纶弹性纱线，未加捻或捻度每米不超过50转,2188435,千克,0,?,12490488.0
54024490,其他弹性纱线，未加捻或捻度每米不超过50转,6361,千克,0,?,179344.0
54024510,尼龙-6纱线，未加捻或捻度≤50转/米,513227,千克,0,?,2493070.0
54024520,尼龙-6，6纱线，未加捻或捻度≤50转/米,138111,千克,0,?,1973282.0
54024530,芳香族聚酰胺纱线，未加捻或捻度≤50转/米,2025,千克,0,?,87897.0
54024590,其他尼龙类纱线，未加捻或捻度≤50转/米,201,千克,0,?,3457.0
54024600,部分定向聚酯纱线，未加捻或捻度≤50转/米,573525,千克,0,?,448769.0
54024700,其他聚酯纱线，捻度≤50转/米,368086,千克,0,?,1958920.0
54024800,聚丙烯长丝单纱(弹性纱线除外)，未加捻或捻度每米不超过50转,61034,千克,0,?,185878.0
54024910,"断裂强度不小于22厘牛/分特，且初始模量不小于750厘牛/分特的聚乙烯单纱,未加捻或捻度每米不超过50转",0,千克,0,?,2507.0
54024990,其他合成纤维长丝单纱(弹性纱线除外)，未加捻或捻度每米不超过50转,451534,千克,0,?,3327791.0
54025110,聚酰胺-6(尼龙-6)纱线，捻度每米超过50转,28564,千克,0,?,124082.0
54025190,其他尼龙或其他聚酰胺纱线，捻度＞50转/米,961,千克,0,?,8554.0
54025200,聚酯纱线，捻度＞50转/米,102658,千克,0,?,304055.0
54025920,"断裂强度不小于22厘牛/分特，且初始模量不小于750厘牛/分特的聚乙烯单纱,捻度每米超过50转",232,千克,0,?,3062607.0
54025990,其他合成纤维长丝单纱，捻度每米超过50转,274,千克,0,?,6868.0
54026110,聚酰胺-6（尼龙-6）多股纱线或缆线,47611,千克,0,?,317119.0
54026120,聚酰胺-6，6（尼龙-6，6）多股纱线或缆线,22881,千克,0,?,283118.0
54026130,芳香族聚酰胺多股纱线或缆线,14427,千克,0,?,136185.0
54026190,其他尼龙或聚酰胺多股纱线或缆线,1538,千克,0,?,38403.0
54026200,聚酯多股纱线或缆线,203180,千克,0,?,1271504.0
54026300,聚丙烯多股纱线或缆线,1218,千克,0,?,24121.0
54026920,氨纶长丝多股纱线或缆线,1209,千克,0,?,6961.0
54026990,未列名合成纤维长丝多股纱线或缆线,32404,千克,0,?,265064.0
54031000,粘胶纤维高强力纱,4217,千克,0,?,26886.0
54033190,粘胶纤维单纱，未加捻或捻度每米不超过120转,10059,千克,0,?,124698.0
54033290,其他粘胶纤维单纱，捻度每米超过120转,87,千克,0,?,6828.0
54033310,二醋酸纤维丝束,941928,千克,0,?,5307579.0
54033390,其他醋酸纤维单纱,20446,千克,0,?,135110.0
54033900,其他人造纤维长丝单纱,247693,千克,0,?,3672496.0
54034100,粘胶纤维多股纱线或缆线,4731,千克,0,?,43574.0
54034200,醋酸纤维多股纱线或缆线,35049,千克,0,?,248381.0
54034900,未列名人造纤维长丝多股纱线或缆线,1514,千克,0,?,21414.0
54041100,合纤弹性单丝，截面尺寸≤1mm，细度≥67分特,157820,千克,0,?,901341.0
54041200,聚丙烯单丝，截面尺寸≤1mm，细度≥67分特,17807,千克,0,?,71877.0
54041900,其他合纤单丝，截面尺寸≤1mm，细度≥67分特,501546,千克,0,?,9375777.0
54049000,表观宽度≤5mm的合成纺织材料扁条及类似品,121735,千克,0,?,829447.0
54050000,截面≤1mm，细度≥67分特人纤单丝及宽≤5mm扁条,20146,千克,0,?,280886.0
54060010,合成纤维长丝纱线，供零售用,446,千克,0,?,16896.0
54060020,人造纤维长丝纱线，供零售用,2041,千克,0,?,49205.0
54071010,尼龙或其他聚酰胺高强力纱制的机织物,242207,米,79518,千克,1166701.0
54071020,聚酯高强力纱制的机织物,175086,米,73767,千克,617792.0
54072000,合成纤维长丝扁条及类似品的布,796426,米,97330,千克,318498.0
54073000,纱线交叉点用粘合剂或热粘合法粘合成的织物,31449,米,1702,千克,33662.0
54074100,尼龙等聚酰胺长丝≥85％未漂或漂白的布,1673830,米,430050,千克,2192741.0
54074200,尼龙等聚酰胺长丝≥85％的染色布,2454785,米,333671,千克,8772107.0
54074300,尼龙等聚酰胺长丝≥85％的色织布,74499,米,17482,千克,234752.0
54074400,尼龙等聚酰胺长丝≥85％的印花布,27102,米,5703,千克,404156.0
54075100,聚酯变形长丝≥85％未漂或漂白的布,4897912,米,573974,千克,1692226.0
54075200,聚酯变形长丝≥85％染色布,3182151,米,700026,千克,5876433.0
54075300,聚酯变形长丝≥85％色织布,429063,米,160362,千克,1753968.0
54075400,聚酯变形长丝≥85％印花布,782318,米,218084,千克,1670587.0
54076100,含聚酯非变形长丝≥85％的机织物,3127181,米,579243,千克,7698593.0
54076900,其他含聚酯长丝≥85％的机织物,468336,米,132970,千克,1267692.0
54077100,含其他合纤长丝≥85％未漂或漂白的机织物,13411,米,3979,千克,39144.0
54077200,含其他合成纤维长丝≥85％染色的机织物,554011,米,106743,千克,1850894.0
54077300,含其他合成纤维长丝≥85％色织的机织物,284673,米,92886,千克,1011953.0
54077400,含其他合成纤维长丝≥85％印花的机织物,6652,米,700,千克,17646.0
54078100,含合纤长丝＜85％，与棉混纺未漂或漂白布,309639,米,109763,千克,353653.0
54078200,合成纤维长丝＜85％，与棉混纺染色布,256112,米,63745,千克,940176.0
54078300,合成纤维长丝＜85％，与棉混纺色织布,29221,米,11074,千克,716991.0
54078400,合成纤维长丝＜85％，与棉混纺印花布,13,米,9,千克,339.0
54079100,其他合成纤维长丝未漂白或漂白布,9014,米,2030,千克,25954.0
54079200,其他合成纤维长丝染色布,220070,米,58800,千克,1332747.0
54079300,其他合成纤维长丝色织布,78467,米,23852,千克,1373315.0
54079400,其他合成纤维长丝印花布,2146,米,617,千克,8612.0
54081000,粘胶纤维高强力纱的布,15050,米,1138,千克,4193.0
54082110,含粘胶长丝≥85%未漂白或漂白机织物,21308,米,1494,千克,19978.0
54082120,含醋酸长丝≥85%未漂白或漂白机织物,37624,米,3932,千克,18212.0
54082210,含胶粘长丝≥85%染色机织物,11429,米,3370,千克,97102.0
54082220,含醋酸长丝≥85%染色机织物,71764,米,12863,千克,303581.0
54082290,含其他人造长丝、扁条等≥85%染色机织物,142072,米,20033,千克,627373.0
54082310,含粘胶纤维长丝≥85%色织机织物,25100,米,4981,千克,112507.0
54082390,含其他人造长丝、扁条等≥85%色织机织物,2155,米,216,千克,10852.0
54082410,含粘胶纤维长丝≥85%印花机织物,3970,米,554,千克,18160.0
54082490,含其他人造长丝、扁条等≥85%印花机织物,9067,米,1800,千克,42913.0
54083100,其他人造纤维长丝未漂或漂白布,11347,米,1506,千克,18969.0
54083200,其他人造纤维长丝染色布,237919,米,67368,千克,1746132.0
54083300,其他人造纤维长丝色织布,52560,米,19213,千克,529986.0
54083400,其他人造纤维长丝印花布,4792,米,533,千克,29554.0
55011900,尼龙或其他聚酰胺长丝丝束,10437,千克,0,?,89514.0
55012000,聚酯长丝丝束,32650,千克,0,?,267236.0
55013000,聚丙烯腈或变性聚丙烯腈长丝丝束,573498,千克,0,?,1486932.0
55014000,聚丙烯长丝丝束,1198,千克,0,?,2741.0
55019000,其他合成纤维长丝丝束,134083,千克,0,?,140492.0
55029000,其他人造纤维长丝丝束,5316,千克,0,?,198091.0
55031110,"聚间苯二甲酰间苯二胺短纤,未梳或未经其他纺前加工",117201,千克,0,?,1329408.0
55031120,"聚对苯二甲酰对苯二胺短纤,未梳或未经其他纺前加工",71192,千克,0,?,394540.0
55031900,尼龙等聚酰胺短纤，未梳或未经其他纺前加工,465735,千克,0,?,3589481.0
55032000,聚酯短纤，未梳或未经其他纺前加工,4629202,千克,0,?,4549610.0
55033000,聚丙烯腈及其变性短纤，未梳及未经纺前加工,2139402,千克,0,?,6748802.0
55034000,聚丙烯短纤，未梳或未经其他纺前加工,44162,千克,0,?,100089.0
55039010,聚苯硫醚制短纤，未梳或未经其他纺前加工,184530,千克,0,?,1504134.0
55039090,其他合成纤维短纤，未梳或未经其他纺前加工,1300088,千克,0,?,3802723.0
55041010,竹制粘胶纤维短纤，未梳或未经其他纺前加工,36100,千克,0,?,197233.0
55041021,阻燃的木制粘胶纤维短纤，未梳或未经其他纺前加工,110427,千克,0,?,1101530.0
55041029,其他木制粘胶纤维短纤，未梳或未经其他纺前加工,7391539,千克,0,?,20464717.0
55041090,其他粘胶纤维短纤，未梳或未经其他纺前加工,4242902,千克,0,?,8989695.0
55049000,其他人造纤维短纤，未梳或未经其他纺前加工,8698302,千克,0,?,22540127.0
55061090,"尼龙或其他聚酰胺短纤,已梳或经其他纺前加工",12493,千克,0,?,135103.0
55062000,聚酯短纤，已梳或经其他纺前加工,20789,千克,0,?,332454.0
55063000,聚丙烯腈或变性聚丙烯腈短纤，已梳或经其他纺前加工,63120,千克,0,?,61468.0
55069090,其他合成纤维短纤，已梳或经其他纺前加工,5,千克,0,?,972.0
55070000,人造纤维短纤，已梳或经其他纺前加工,67990,千克,0,?,43672.0
55081000,合成纤维短纤缝纫线,27517,千克,0,?,212012.0
55082000,人造纤维短纤缝纫线,52,千克,0,?,2493.0
55091100,尼龙或其他聚酰胺短纤≥85%的单纱,968,千克,0,?,20483.0
55091200,尼龙等聚酰胺短纤≥85%的多股纱线或缆线,2606,千克,0,?,53770.0
55092100,聚酯短纤≥85%的单纱,96183,千克,0,?,214929.0
55092200,聚酯短纤≥85%的多股纱线或缆线,29594,千克,0,?,95486.0
55093100,聚丙烯腈或变性聚丙烯腈短纤≥85%的单纱,48144,千克,0,?,165751.0
55093200,聚丙烯腈及其变性短纤≥85%的多股纱或缆,23756,千克,0,?,279709.0
55094100,其他合成纤维短纤≥85%的单纱,123,千克,0,?,24196.0
55094200,其他合成纤维短纤≥85%的多股纱线或缆线,4928,千克,0,?,40423.0
55095100,聚酯短纤＜85%主要或仅与人造短纤混纺纱线,55968,千克,0,?,148754.0
55095200,聚酯短纤＜85%主要或仅与毛混纺纱线,314,千克,0,?,8790.0
55095300,聚酯短纤＜85%主要或仅与棉混纺的纱线,1099522,千克,0,?,2497106.0
55095900,聚酯短纤＜85%与其他纤维混纺的纱线,9561,千克,0,?,25221.0
55096100,聚丙烯腈及其变性短纤＜85%与毛混纺纱,58553,千克,0,?,699214.0
55096200,聚丙烯腈及其变性短纤＜85%与棉混纺纱,9582,千克,0,?,111649.0
55096900,聚丙烯腈及变性短纤＜85%与其他纤维混纺纱,511597,千克,0,?,4064554.0
55099100,其他合成短纤＜85%主要或仅与毛混纺纱线,36335,千克,0,?,124466.0
55099200,其他合成短纤＜85%主要或仅与棉混纺的纱线,96802,千克,0,?,389182.0
55099900,其他合成短纤＜85%与其他纤维混纺的纱线,38643,千克,0,?,476502.0
55101100,人造纤维短纤≥85%的单纱,44690,千克,0,?,147738.0
55101200,人造纤维短纤≥85%的多股纱线或缆线,60590,千克,0,?,243059.0
55102000,人造纤维短纤＜85%主要或仅与毛混纺纱线,5309,千克,0,?,57027.0
55103000,人造纤维短纤＜85%主要或仅与棉混纺的纱线,275182,千克,0,?,984541.0
55109000,人造纤维短纤＜85%与其他纤维混纺的纱线,48248,千克,0,?,415126.0
55111000,合成纤维短纤≥85%的纱线，供零售用,1045,千克,0,?,12424.0
55112000,合成纤维短纤＜85%的纱线，供零售用,16,千克,0,?,1655.0
55113000,人造纤维短纤纱线，供零售用,27,千克,0,?,927.0
55121100,聚酯短纤≥85%未漂或漂白的布,141391,米,39506,千克,459709.0
55121900,其他含聚酯短纤≥85%的布,1741328,米,369302,千克,5164913.0
55122100,聚丙烯腈及其变性短纤≥85%的未漂或漂白布,5298,米,1176,千克,26940.0
55122900,其他聚丙烯腈及其变性短纤≥85%的布,633808,米,212966,千克,4871284.0
55129100,其他合成纤维短纤≥85%的未漂或漂白布,14193,米,2584,千克,142456.0
55129900,未列名合成纤维短纤≥85%的布,53613,米,15708,千克,1019904.0
55131110,聚酯短纤＜85%棉混未漂平纹布，平米重≤170g,42428,米,3391,千克,65755.0
55131120,聚酯短纤＜85%棉混漂白平纹布，平米重≤170g,155172,米,31349,千克,162739.0
55131220,聚酯短纤＜85%棉混漂白斜纹布，平米重≤170g,134,米,16,千克,268.0
55131310,其他聚酯短纤＜85%棉混未漂布，平米重≤170g,172850,米,42951,千克,155830.0
55131900,其他合短纤＜85%棉混未漂或漂布，平米≤170g,1472,米,213,千克,12744.0
55132100,聚酯短纤＜85%棉混染色平纹布，平米重≤170g,211798,米,31318,千克,194885.0
55132310,聚酯短纤＜85%棉混染色斜纹布，平米重≤170g,71187,米,14386,千克,197344.0
55132390,其他聚酯短纤＜85%棉混染色布，平米重≤170g,5008,米,782,千克,12674.0
55132900,其他合成短纤＜85%棉混染色布，平米重≤170g,12941,米,5570,千克,37569.0
55133100,聚酯短纤＜85%棉混色织平纹布，平米重≤170g,7202,米,1579,千克,31138.0
55133910,聚酯短纤＜85%棉混色织斜纹布，平米重≤170g,76,米,18,千克,358.0
55133920,其他聚酯短纤＜85%棉混色织布，平米重≤170g,2511,米,410,千克,5518.0
55133990,其他合成短纤＜85%棉混色织布，平米重≤170g,31,米,6,千克,555.0
55134100,聚酯短纤＜85%棉混印花平纹布，平米重≤170g,1100,米,140,千克,6325.0
55141110,聚酯短纤＜85%棉混未漂平纹布，平米重＞170g,123308,米,46186,千克,133884.0
55141120,聚酯短纤＜85%棉混漂白平纹布，平米重＞170g,11707,米,2541,千克,44192.0
55141210,聚酯短纤＜85%棉混未漂斜纹布，平米重＞170g,231056,米,95185,千克,275837.0
55141220,聚酯短纤＜85%棉混漂白斜纹布，平米重＞170g,17173,米,5184,千克,42706.0
55141911,其他聚酯短纤＜85%棉混未漂布，平米重＞170g,920,米,346,千克,919.0
55141990,其他合成短纤＜85%棉混未漂或漂布，平米重＞170g,103,米,48,千克,8555.0
55142100,聚酯短纤＜85%棉混染色平纹布，平米重＞170g,110317,米,37544,千克,203675.0
55142200,聚酯短纤＜85%棉混纺染色斜纹布，平米重＞170g,184418,米,63922,千克,386987.0
55142300,其他聚酯短纤＜85%棉混染色布，平米重＞170g,14207,米,4800,千克,51717.0
55142900,其他合成短纤＜85%棉混染色布，平米重＞170g,2611,米,1005,千克,64720.0
55143010,聚酯短纤＜85%棉混色织平纹布，平米重＞170g,6250,米,2464,千克,74092.0
55143020,聚酯短纤＜85%棉混色织斜纹布，平米重＞170g,4664,米,1638,千克,17266.0
55143030,其他聚酯短纤＜85%棉混色织布，平米重＞170g,1262,米,624,千克,30040.0
55143090,其他合成短纤＜85%棉混色织布，平米重＞170g,6101,米,3300,千克,364118.0
55144100,聚酯短纤＜85%棉混印花平纹布，平米重＞170g,117,米,107,千克,6406.0
55144200,聚酯短纤＜85%棉混印花斜纹布，平米重＞170g,450,米,151,千克,1326.0
55144300,其他聚酯短纤＜85%棉混印花布，平米重＞170g,50154,米,13859,千克,160493.0
55151100,聚酯短纤＜85%主要或仅与粘纤短纤混纺布,206103,米,58623,千克,619128.0
55151200,聚酯短纤＜85%主要或仅与化纤长丝混纺布,88304,米,24723,千克,294206.0
55151300,聚酯短纤＜85%主要或仅与毛混纺布,141767,米,50764,千克,1623442.0
55151900,聚酯短纤＜85%与其他纤维混纺布,30807,米,12612,千克,405053.0
55152100,聚丙烯腈及变性短纤＜85%与化纤长丝混纺布,1245,米,559,千克,16018.0
55152200,聚丙烯腈及其变性短纤＜85%与毛混纺布,4292,米,2306,千克,99175.0
55152900,聚丙烯腈及变性短纤＜85%与其他纤维混纺布,11469,米,5590,千克,244460.0
55159100,其他合成短纤＜85%与化纤长丝混纺布,2603,米,453,千克,28185.0
55159900,其他合成纤维短纤＜85%与其他纤维混纺布,15027,米,6104,千克,440078.0
55161100,人造纤维短纤≥85%未漂白或漂白布,2770,米,1217,千克,9734.0
55161200,人造纤维短纤≥85%染色布,50021,米,10317,千克,291055.0
55161300,人造纤维短纤≥85%色织布,12209,米,2735,千克,109591.0
55161400,人造纤维短纤≥85%印花布,15080,米,2153,千克,92274.0
55162200,人造短纤＜85%与化纤长丝混纺染色布,40428,米,10370,千克,248347.0
55162300,人造短纤＜85%与化纤长丝混纺色织布,23575,米,6966,千克,239611.0
55162400,人造短纤＜85%与化纤长丝混纺印花布,10,米,1,千克,54.0
55163100,人造短纤＜85%与毛混纺未漂或漂白布,6600,米,2218,千克,25743.0
55163200,人造纤维短纤＜85%主要或仅与毛混纺染色布,732,米,316,千克,14859.0
55163300,人造纤维短纤＜85%主要或仅与毛混纺色织布,1366,米,470,千克,18780.0
55164100,人造短纤＜85%与棉混纺未漂或漂白布,7795,米,3131,千克,88597.0
55164200,人造纤维短纤＜85%主要或仅与棉混纺染色布,12736,米,2292,千克,78246.0
55164300,人造纤维短纤＜85%主要或仅与棉混纺色织布,8621,米,3642,千克,77346.0
55164400,人造纤维短纤＜85%主要或仅与棉混纺印花布,5715,米,1369,千克,52081.0
55169100,人造短纤＜85%与其他纤维混纺未漂或漂白布,4388,米,1258,千克,10100.0
55169200,人造纤维短纤＜85%与其他纤维混纺染色布,35669,米,9688,千克,177635.0
55169300,人造纤维短纤＜85%与其他纤维混纺色织布,3709,米,1114,千克,69748.0
55169400,人造纤维短纤＜85%与其他纤维混纺印花布,1578,米,236,千克,5007.0
56012100,棉制絮胎及其制品,151199,千克,0,?,991992.0
56012210,化纤制卷烟滤嘴,16330,千克,0,?,199527.0
56012290,化纤制其他絮胎及其制品,84478,千克,0,?,1122097.0
56012900,其他纤维制絮胎及其制品,6726,千克,0,?,186651.0
56013000,纤维屑、纤维粉末及球结，长度≤5mm,557445,千克,0,?,3369755.0
56021000,针刺机制毡呢及纤维缝编织物,124332,千克,0,?,1413211.0
56022100,羊毛或动物细毛制其他毡呢，未浸涂、包覆等,7180,千克,0,?,203412.0
56022900,其他纺织材料制毡呢，未浸涂、包覆或层压,268,千克,0,?,28343.0
56029000,未列名毡呢,83300,千克,0,?,851125.0
56031110,浸涂、覆盖的化纤长丝无纺织物，平米重≤25g,53380,千克,0,?,567863.0
56031190,其他化纤长丝制无纺织物，平方米重≤25g,75781,千克,0,?,538155.0
56031210,浸涂的化纤长丝无纺织物，25g＜平米重≤70g,250515,千克,0,?,1499607.0
56031290,其他化纤长丝制无纺织物25g＜平方米重≤70g,1190170,千克,0,?,8889440.0
56031310,浸涂化纤长丝无纺织物，70g＜平方米重≤150g,383411,千克,0,?,6947395.0
56031390,其他化纤长丝无纺织物，70g＜平方米重≤150g,884296,千克,0,?,5776360.0
56031410,浸涂、覆盖化纤长丝无纺织物，平米重＞150g,215887,千克,0,?,3338146.0
56031490,其他化纤长丝制无纺织物，平方米重＞150g,351444,千克,0,?,1892557.0
56039110,浸涂、覆盖其他材料制无纺织物，平米重≤25g,55616,千克,0,?,128067.0
56039190,其他材料制未浸涂无纺织物，平方米重≤25g,100020,千克,0,?,800907.0
56039210,浸涂的其他材料无纺织物，25g＜平米重≤70g,310433,千克,0,?,2786075.0
56039290,未浸涂其他材料无纺织物，25g＜平米重≤70g,829392,千克,0,?,5750733.0
56039310,浸涂的其他材料制无纺布，70g＜平米重≤150g,678136,千克,0,?,4861664.0
56039390,未浸涂其他材料制无纺布，70g＜平米重≤150g,952339,千克,0,?,6651193.0
56039410,浸涂覆压其他材料制无纺织物，平米重＞150g,492582,千克,0,?,7926906.0
56039490,未浸涂覆压其他材料制无纺织物，平米重＞150g,348047,千克,0,?,6929097.0
56041000,用纺织材料包覆的橡胶线及绳,13436,千克,0,?,244159.0
56049000,其他橡或塑涂包覆纺织纱线及5404或5405扁条等,27568,千克,0,?,510468.0
56050000,含金属纱线,8670,千克,0,?,799684.0
56060000,粗松螺旋花线；绳绒线；纵行起圈纱线,40796,千克,0,?,586230.0
56072900,龙舌兰类纤维纺制的其他线、绳、索、缆,342,千克,0,?,3426.0
56074100,聚乙烯或聚丙烯纺制的包扎用绳,3050,千克,0,?,19686.0
56074900,聚乙烯或聚丙烯纺制的其他线、绳、索、缆,142132,千克,0,?,1857601.0
56075000,其他合成纤维纺制的线、绳、索、缆,320268,千克,0,?,10665154.0
56079010,蕉麻等硬质（叶）纤维纺制的线、绳、索、缆,13502,千克,0,?,69791.0
56079090,未列名纤维纺制的线、绳、索、缆,21578,千克,0,?,328447.0
56081100,化纤材料制成的渔网,64392,千克,0,?,261522.0
56081900,化纤材料制成的网料及其他网,50895,千克,0,?,430423.0
56089000,其他纤维制成的网料、鱼网及其他网,28312,千克,0,?,59068.0
56090000,纱线、5404或5405扁条或线绳索缆制其他物品,44487,千克,0,?,983731.0
57011000,毛制结织栽绒地毯等结织栽绒铺地制品,34820,千克,9578,平方米,632163.0
57019010,化纤结织栽绒地毯等结织栽绒铺地制品,8936,千克,3210,平方米,202143.0
57019020,丝制结织栽绒地毯等结织栽绒铺地制品,644,千克,138,平方米,54194.0
57019090,未列名纺材结织栽绒地毯等结织栽绒铺地品,608,千克,77,平方米,10762.0
57021000,开来姆、苏麦克、卡拉马尼及类似的手织地毯,4870,千克,1753,平方米,106904.0
57022000,椰壳纤维制的铺地制品，未簇绒或未植绒,18376,千克,100938,平方米,10251.0
57023100,毛制起绒结构的铺地制品，未制成的,2158,千克,1108,平方米,114131.0
57023200,化纤制起绒结构的铺地制品，未制成的,1003,千克,624,平方米,25456.0
57024100,毛制起绒结构的铺地制品，制成的,18173,千克,6491,平方米,215696.0
57024200,化纤制起绒结构的铺地制品，制成的,588118,千克,258234,平方米,2323737.0
57024900,其他纺织材料制起绒结构的铺地制品，制成的,1977,千克,1963,平方米,15544.0
57025020,化纤制非起绒结构的铺地制品，未制成的,828,千克,1961,平方米,3949.0
57029100,毛制非起绒结构的铺地制品，制成的,26528,千克,9574,平方米,272311.0
57029200,化纤制非起绒结构的铺地制品，制成的,86891,千克,64956,平方米,459832.0
57029900,其他纺织材料制非起绒结构铺地制品，制成的,188268,千克,80094,平方米,646006.0
57031000,毛制簇绒地毯及其他簇绒铺地制品,15680,千克,3490,平方米,554954.0
57032900,尼龙或其他聚酰胺簇绒地毯及未列名簇绒铺地制品,158569,千克,67399,平方米,812767.0
57033100,其他化学纤维制簇绒人造草皮,14019,千克,6665,平方米,58363.0
57033900,其他化学纤维簇绒地毯及未列名簇绒铺地制品,132106,千克,116771,平方米,544314.0
57039000,其他纺织材料簇绒地毯及未列名簇绒铺地制品,73510,千克,13672,平方米,161558.0
57041000,毡呢地毯等铺地制品，≤0.3m2，未簇或植绒,6883,千克,9293,平方米,22086.0
57042000,毡呢地毯等铺地制品，0.3m2＜最大表面面积≤1m2，未簇或植绒,9768,千克,11666,平方米,31723.0
57049000,毡呢地毯等铺地制品，最大表面面积＞1平方米，未簇或植绒,10328,千克,4775,平方米,42878.0
57050010,羊毛或动物细毛制未列名地毯及铺地制品,1884,千克,886,平方米,29019.0
57050020,化纤制未列名地毯及铺地制品,39738,千克,39849,平方米,342638.0
57050090,其他纺织材料制未列名地毯及铺地制品,41814,千克,7792,平方米,92970.0
58011000,羊毛或动物细毛制起绒布及绳绒织物,5929,米,6815,千克,176130.0
58012100,棉制不割绒的纬起绒织物,11383,米,6005,千克,25769.0
58012200,棉制割绒的灯芯绒,27089,米,11245,千克,252226.0
58012300,棉制其他纬起绒织物,8010,米,3106,千克,425767.0
58012600,棉制绳绒织物,529,米,114,千克,4261.0
58012710,棉制不割绒的经起绒织物（棱纹绸）,1546,米,552,千克,39870.0
58012720,棉制割绒的经起绒织物,7328,米,4170,千克,193862.0
58013100,化纤制不割绒的纬起绒织物,4353,米,2273,千克,28752.0
58013200,化纤制割绒的灯芯绒,3639,米,1419,千克,44715.0
58013300,化纤制其他纬起绒织物,49332,米,19634,千克,222254.0
58013600,化纤制绳绒织物,30907,米,19085,千克,193197.0
58013710,化纤制不割绒的经起绒织物（绫纹绸）,1868,米,924,千克,32803.0
58013720,化纤制割绒的经起绒织物,203930,米,21392,千克,582521.0
58019090,未列名纺织材料制起绒及绳绒织物,1400,米,577,千克,20768.0
58021010,棉制未漂白毛巾织物及类似毛圈机织物,1,米,0,千克,128.0
58021090,其他棉制毛巾织物及类似毛圈机织物,12,米,5,千克,156.0
58022030,化纤制毛巾织物及类似毛圈机织物,20599,米,18531,千克,324114.0
58023030,棉或麻制簇绒织物,127,米,61,千克,1565.0
58023040,化纤制簇绒织物,18682,米,9930,千克,324722.0
58030030,化纤制纱罗,22114,米,8546,千克,153597.0
58041010,丝及绢丝制网眼薄纱及其他网眼织物,10,千克,0,?,32582.0
58041020,棉制网眼薄纱及其他网眼织物,907,千克,0,?,5898.0
58041030,化纤制网眼薄纱及其他网眼织物,89976,千克,0,?,2527584.0
58041090,其他纺织材料制网眼薄纱及其他网眼织物,43,千克,0,?,8505.0
58042100,化纤制机制花边,21618,千克,0,?,1069898.0
58042910,丝及绢丝制机制花边,4,千克,0,?,1893.0
58042920,棉制机制花边,646,千克,0,?,80805.0
58042990,未列名纺织材料制机制花边,3,千克,0,?,874.0
58043000,手工制花边,6,千克,0,?,302.0
58050010,手工针绣嵌花装饰毯,103,平方米,159,千克,4946.0
58050090,“哥白林”，“弗朗德”，“奥步生”，“波威”及类似式样的手织装饰毯,729,平方米,2335,千克,39047.0
58061010,棉或麻制狭幅起绒机织物及绳绒织物,38,千克,0,?,768.0
58061090,其他纺织材料制狭幅起绒机织物及绳绒织物,16858,千克,0,?,674986.0
58062000,含弹性纱线或橡胶线≥5%的狭幅机织物,149275,千克,0,?,1757674.0
58063100,棉制未列名狭幅机织物,4870,千克,0,?,426159.0
58063200,化纤制未列名狭幅机织物,521288,千克,0,?,4940100.0
58063910,丝及绢丝制未列名狭幅机织物,0,千克,0,?,47.0
58063920,羊毛或动物细毛制未列名狭幅机织物,17,千克,0,?,1562.0
58063990,其他纺织材料制未列名狭幅机织物,602,千克,0,?,20824.0
58064090,其他纺织材料制粘合成的有经纱而无纬纱织物,1249,千克,0,?,25794.0
58071000,机织的纺织材料制非绣制标签、徽章及类似品,36071,千克,0,?,2967502.0
58079000,非机织的纺织材料制非绣制标签、徽章等,956,千克,0,?,205776.0
58081000,成匹的编带,18904,千克,0,?,373797.0
58089000,其他非绣制的成匹装饰带；流苏、绒球等,1105,千克,0,?,152192.0
58090010,衣着等用途金属线及含金属纱线与棉混制的布,3,米,14,千克,3590.0
58090020,衣着等用途金属线及含金属线与化纤混制布,26450,米,1932,千克,47010.0
58090090,衣着等用金属线及含金属线与其他纤维混制布,403,米,900,千克,474007.0
58101000,不见底布的刺绣品,1570,千克,0,?,158307.0
58109100,其他棉制刺绣品,520,千克,0,?,138703.0
58109200,其他化纤制刺绣品,12924,千克,0,?,861501.0
58109900,其他纺织材料制刺绣品,103,千克,0,?,40180.0
58110020,毛制纺织材料与胎料组合制被褥状纺织品,606,千克,0,?,4820.0
58110030,棉制纺织材料与胎料组合制被褥状纺织品,276,千克,0,?,1532.0
58110040,化纤制纺织材料与胎料组合制被褥状纺织品,50686,千克,0,?,981747.0
58110090,其他纺织材料与胎料组合制被褥状纺织品,78,千克,0,?,3866.0
59011010,涂胶或淀粉的棉或麻织物，作书籍封面等用途,3515,千克,0,?,24292.0
59011020,涂胶或淀粉的化纤纺织物，作书籍封面等用途,3833,千克,0,?,35962.0
59011090,用胶或淀粉涂的其他纤维制纺织物，书面等用,41,千克,0,?,82.0
59019010,制成的油画布,72,千克,0,?,1295.0
59019091,棉或麻制描图布、作帽里硬衬布等硬挺纺织物,2045,千克,0,?,20049.0
59019092,化纤制描图布、作帽里的硬衬布等硬挺纺织物,21111,千克,0,?,331947.0
59019099,其他纤维描图布、作帽里硬衬布等硬挺纺织物,755,千克,0,?,11075.0
59021010,聚酰胺-6（尼龙-6）高强力纱制帘子布,1115263,千克,0,?,3439134.0
59021020,聚酰胺-6，6（尼龙-6，6）高强力纱制帘子布,1242458,千克,0,?,6318068.0
59021090,其他尼龙或其他聚酰胺高强力纱制帘子布,129717,千克,0,?,2177184.0
59022000,聚酯高强力纱制帘子布,293148,千克,0,?,872007.0
59029000,粘胶纤维高强力纱制帘子布,337063,千克,0,?,3380692.0
59031010,聚氯乙烯浸涂、包覆或层压的绝缘布或带,4430,千克,0,?,51604.0
59031020,聚氯乙烯浸渍、涂布、包覆或层压的人造革,273637,千克,247322,米,3398602.0
59031090,其他聚氯乙烯浸涂、包覆或层压的纺织物,322441,千克,0,?,2880143.0
59032010,聚氨基甲酸酯浸涂、包覆或层压的绝缘布或带,7426,千克,0,?,237625.0
59032020,聚氨基甲酸酯浸涂、包覆或层压的人造革,146614,千克,321279,米,3248645.0
59032090,其他聚氨基甲酸酯浸涂、包覆或层压的纺织物,704615,千克,0,?,13793150.0
59039010,其他塑料浸涂、包覆或层压的绝缘布或带,13006,千克,0,?,208024.0
59039020,其他塑料浸涂、包覆或层压的人造革,2087,千克,10273,米,60244.0
59039090,其他塑料浸涂、包覆或层压的纺织物,1204601,千克,0,?,18700761.0
59041000,列诺伦（亚麻油地毡）,37099,千克,12757,平方米,111852.0
59050000,糊墙织物,8056,千克,30538,平方米,404196.0
59061010,用橡胶处理的纺织物胶粘绝缘带，宽度≤20cm,44005,千克,0,?,376354.0
59061090,用橡胶处理的其他纺织物胶粘带，宽度≤20cm,23923,千克,0,?,391166.0
59069100,用橡胶处理的针织或钩编织物,13460,千克,0,?,172259.0
59069910,其他用橡胶处理的非针织或钩编的绝缘布或带,27360,千克,0,?,574582.0
59069990,未列名用橡胶处理的非针织或钩编织物,289291,千克,0,?,3040543.0
59070010,用其他材料浸渍、涂布或包覆的绝缘布或带,2043,千克,0,?,125166.0
59070020,用其他材料浸渍、涂布或包覆的已绘制画布,389,千克,0,?,15786.0
59070090,用其他材料浸渍、涂布或包覆的作其他纺织物,44858,千克,0,?,978706.0
59080000,纺织材料制灯芯、炉芯等；煤气灯纱筒及纱罩,1694,千克,0,?,85210.0
59090000,纺织材料制的水龙软管及类似的管子,10765,千克,0,?,269206.0
59100000,纺织材料制的传动带或输送带,47690,千克,0,?,1824266.0
59111010,橡胶浸渍的包覆纺缍（织轴）的狭幅起绒织物,6292,千克,0,?,213502.0
59111090,橡胶、皮革等涂覆或层压的针布用纺织物等,38068,千克,0,?,2925026.0
59112000,筛布，不论是否制成的,21449,千克,0,?,3535463.0
59113100,造纸机等用环状或有联接物织物，平米＜650g,9013,千克,0,?,898713.0
59113200,造纸机等用环状或有联接物织物，平米≥650g,69481,千克,0,?,3285621.0
59114000,榨油机器或类似机器的滤布，包括人发制滤布,68403,千克,0,?,2415359.0
59119000,未列名作专门技术用途的纺织产品及制品,247311,千克,0,?,18199639.0
60011000,针织或钩编的“长毛绒”织物,56718,米,32875,千克,323794.0
60012100,棉制针织或钩编的毛圈绒头织物,159535,米,92043,千克,212158.0
60012200,化纤制针织或钩编的毛圈绒头织物,92970,米,38503,千克,603414.0
60012900,其他纺织材料制针织或钩编的毛圈绒头织物,1220,米,634,千克,56288.0
60019100,棉制针织或钩编的其他起绒织物,243897,米,109834,千克,174882.0
60019200,化纤制针织或钩编的其他起绒织物,674902,米,236873,千克,2518137.0
60019900,其他纺织材料制针织或钩编的其他起绒织物,38513,米,6287,千克,105014.0
60024030,合纤针织钩编物，宽≤30cm，弹性线≥5%，无胶线,180194,米,2748,千克,123045.0
60024040,人纤针织钩编物宽≤30cm，弹性线≥5%，无胶线,82,米,1,千克,18.0
60024090,其他针织钩编织物，宽≤30cm，弹性线≥5%，无胶线,183,米,138,千克,2883.0
60029030,合纤针织钩编织物，宽≤30cm，弹性或胶线≥5%,1391045,米,27453,千克,226778.0
60029090,其他针织物钩编织物，宽≤30cm，弹性或胶线≥5%,823,米,9,千克,329.0
60032000,棉针织钩编织物，宽≤30cm，6001或6002除外,6005,米,31,千克,3510.0
60033000,合纤针织钩编物，宽≤30cm，6001或6002除外,1101808,米,5969,千克,171606.0
60034000,人纤针织钩编物，宽≤30cm，6001或6002除外,11088,米,22,千克,2021.0
60039000,其他针织钩编物，宽≤30cm，6001或6002除外,40,米,15,千克,22.0
60041010,棉针织或钩编物，宽＞30cm，弹性线≥5%，无胶线,233149,米,71491,千克,571557.0
60041030,合纤针织钩编物，宽＞30cm，弹性线≥5%，无胶线,2382060,米,712907,千克,10058552.0
60041040,人纤针织钩编物，宽＞30cm，弹性线≥5%，无胶线,555458,米,122668,千克,619248.0
60041090,其他针织钩编物，宽＞30cm，弹性线≥5%，无胶线,10571,米,1208,千克,35374.0
60049010,其他棉针织钩编物，宽＞30cm，弹性或胶线≥5%,60,米,12,千克,192.0
60049030,合纤针织钩编物，宽＞30cm，弹性或胶线≥5%,16780,米,4847,千克,93054.0
60049040,人纤针织钩编物，宽＞30cm，弹性或胶线≥5%,0,米,0,千克,21.0
60049090,其他针织钩编物，宽＞30cm，弹性或胶线≥5%,3153,米,1051,千克,6735.0
60052100,棉制未漂白或漂白经编织物,91,米,29,千克,373.0
60052200,棉制染色经编织物,2021,米,645,千克,19370.0
60052300,棉制色织经编织物,7,米,4,千克,1374.0
60053600,其他合成纤维制未漂白或漂白经编织物,4288740,米,218823,千克,1184547.0
60053700,其他合成纤维制染色经编织物,1715920,米,339391,千克,4312949.0
60053800,其他合成纤维制色织经编织物,48428,米,9020,千克,270289.0
60053900,其他合成纤维制印花经编织物,29073,米,6998,千克,148928.0
60054100,人造纤维制未漂白或漂白经编织物,7037,米,496,千克,9405.0
60054200,人造纤维制染色经编织物,6756,米,2851,千克,38597.0
60054300,人造纤维制色织经编织物,39102,米,582,千克,24016.0
60059010,羊毛或动物细毛制经编织物,108,米,21,千克,1955.0
60061000,羊毛或动物细毛制其他针织或钩编织物,77411,米,24801,千克,1314300.0
60062100,棉制未漂白或漂白其他针织或钩编织物,278591,米,97594,千克,475129.0
60062200,棉制染色其他针织或钩编织物,1331743,米,471051,千克,2255216.0
60062300,棉制色织其他针织或钩编织物,139308,米,72535,千克,230982.0
60062400,棉制印花其他针织或钩编织物,9733,米,2977,千克,14969.0
60063100,合成纤维制未漂白或漂白其他针织或钩编织物,793608,米,189446,千克,982797.0
60063200,合成纤维制染色其他针织或钩编织物,4329884,米,982010,千克,10610218.0
60063300,合成纤维制色织其他针织或钩编织物,435070,米,106645,千克,1650732.0
60063400,合成纤维制印花其他针织或钩编织物,125408,米,37153,千克,394645.0
60064100,人造纤维制未漂白或漂白其他针织或钩编织物,128,米,110,千克,2985.0
60064200,人造纤维制染色其他针织或钩编织物,54343,米,14659,千克,190538.0
60064300,人造纤维制色织其他针织或钩编织物,2203,米,684,千克,21745.0
60064400,人造纤维制印花其他针织或钩编织物,553,米,136,千克,1106.0
60069000,未列名纺织材料制其他针织物或钩编织物,16940,米,1433,千克,205206.0
61012000,棉针织或钩编男大衣，带帽防寒短上衣，风衣等,74541,件,51511,千克,2184756.0
61013000,化纤针织或钩编男大衣，带帽防寒短上衣，风衣,169378,件,91411,千克,5669803.0
61019010,毛针织或钩编男大衣，带帽防寒短上衣，风衣等,3479,件,2797,千克,1876294.0
61019090,其他纺材针织钩编男大衣带帽防寒短上衣风衣,146,件,118,千克,16339.0
61021000,毛针织或钩编女大衣，带帽防寒短上衣，风衣等,12799,件,9764,千克,5388002.0
61022000,棉针织或钩编女大衣，带帽防寒短上衣，风衣等,140842,件,78319,千克,5180834.0
61023000,化纤针织或钩编女大衣，带帽防寒短上衣，风衣,170615,件,91534,千克,8017830.0
61029000,其他材料针织或钩编女大衣带帽防寒短上衣风衣,106,件,64,千克,158220.0
61031020,合成纤维制针织或钩编的男式西服套装,147,套,40,千克,26400.0
61032200,棉制针织或钩编的男式便服套装,319,套,404,千克,41180.0
61032300,合成纤维制针织或钩编的男式便服套装,3907,套,3560,千克,202759.0
61032990,其他纺织材料制针织或钩编的男式便服套装,1,套,1,千克,50.0
61033100,毛制针织或钩编的男式上衣,2215,件,1463,千克,1173512.0
61033200,棉制针织或钩编的男式上衣,5198,件,3330,千克,395894.0
61033300,合成纤维制针织或钩编的男式上衣,6175,件,4211,千克,260080.0
61033900,其他纺织材料制针织或钩编的男式上衣,236,件,109,千克,29777.0
61034100,毛制针织或钩编的男裤,5040,条,2210,千克,1552663.0
61034200,棉制针织或钩编的男裤,254323,条,113817,千克,5568911.0
61034300,合成纤维制针织或钩编的男裤,357008,条,147932,千克,9124374.0
61034900,其他纺织材料制针织或钩编的男裤,4180,条,1676,千克,214654.0
61042200,棉制针织或钩编的女式便服套装,1988,套,638,千克,67687.0
61042300,合成纤维制针织或钩编的女式便服套装,14215,套,7060,千克,61007.0
61042990,其他纺织材料制针织或钩编的女式便服套装,465,套,271,千克,3533.0
61043100,毛制针织或钩编的女式上衣,7470,件,3875,千克,5272534.0
61043200,棉制针织或钩编的女式上衣,19571,件,7467,千克,492709.0
61043300,合成纤维制针织或钩编的女式上衣,9864,件,4562,千克,602889.0
61043900,其他纺织材料制针织或钩编的女式上衣,5676,件,2408,千克,2453347.0
61044100,毛制针织或钩编的女式连衣裙,4993,件,2270,千克,1258601.0
61044200,棉制针织或钩编的女式连衣裙,81934,件,20571,千克,1801321.0
61044300,合成纤维制针织或钩编的女式连衣裙,98412,件,33221,千克,2722420.0
61044400,人造纤维制针织或钩编的女式连衣裙,16393,件,7897,千克,1244256.0
61044900,其他纺织材料制针织或钩编的女式连衣裙,3006,件,623,千克,1173954.0
61045100,毛制针织或钩编的女式裙子及裙裤,3724,件,1186,千克,925318.0
61045200,棉制针织或钩编的女式裙子及裙裤,20783,件,6383,千克,507331.0
61045300,合成纤维制针织或钩编的女式裙子及裙裤,93282,件,26817,千克,1709119.0
61045900,其他纺织材料制针织或钩编女式裙子及裙裤,2424,件,1020,千克,605110.0
61046100,毛制针织或钩编的女裤,4523,条,1518,千克,1612142.0
61046200,棉制针织或钩编的女裤,572278,条,200936,千克,8010819.0
61046300,合成纤维制针织或钩编的女裤,726244,条,252727,千克,18585541.0
61046900,其他纺织材料制针织或钩编的女裤,36460,条,14791,千克,1412746.0
61051000,棉制针织或钩编的男衬衫,235586,件,67046,千克,9440020.0
61052000,化纤制针织或钩编的男衬衫,121243,件,35589,千克,2936266.0
61059000,其他纺织材料制针织或钩编的男衬衫,2805,件,1115,千克,602071.0
61061000,棉制针织或钩编的女衬衫,106154,件,25225,千克,2445982.0
61062000,化纤制针织或钩编的女衬衫,44154,件,9612,千克,1148082.0
61069000,其他纺织材料制针织或钩编的女衬衫,3548,件,916,千克,1016801.0
61071100,棉制针织或钩编的男内裤,580364,件,43177,千克,3448790.0
61071200,化纤制针织或钩编的男内裤,210456,件,19855,千克,1074968.0
61071910,丝及绢丝制针织或钩编的男内裤,18,件,2,千克,4017.0
61071990,未列名纺织材料制针织或钩编的男内裤,1205,件,117,千克,16118.0
61072100,棉制针织或钩编的男长睡衣及睡衣裤,137432,件,19123,千克,359720.0
61072200,化纤制针织或钩编的男长睡衣及睡衣裤,24731,件,6085,千克,91378.0
61079100,棉制针织或钩编的男浴衣、晨衣及类似品,74012,件,8308,千克,146610.0
61079910,化纤制针织或钩编的男式浴衣、晨衣及类似品,74713,件,10295,千克,386633.0
61079990,其他材料制针织或钩编男浴衣、晨衣及类似品,379,件,56,千克,5177.0
61081100,化纤制针织或钩编的女衬裙,66,件,7,千克,621.0
61081910,棉制针织或钩编的女衬裙,4,件,0,千克,28.0
61082100,棉制针织或钩编的女三角裤及短衬裤,505077,件,21019,千克,818759.0
61082200,化纤制针织或钩编的女三角裤及短衬裤,584749,件,15630,千克,1070962.0
61082910,丝及绢丝制针织或钩编女三角裤及短衬裤,1,件,0,千克,91.0
61082990,未列名纺材制针织或钩编女三角裤及短衬裤,36,件,3,千克,95.0
61083100,棉制针织或钩编的女睡衣及睡衣裤,64030,件,8896,千克,210185.0
61083200,化纤制针织或钩编的女睡衣及睡衣裤,44315,件,11911,千克,355197.0
61083990,未列名纺材制针织或钩编的女睡衣及睡衣裤,9,件,1,千克,36.0
61089100,棉制针织或钩编的女浴衣、晨衣及类似品,9900,件,1226,千克,48332.0
61089200,化纤制针织或钩编女浴衣、晨衣及类似品,20516,件,5207,千克,203614.0
61089900,其他纺材制针织或钩编女浴衣、晨衣及类似品,1815,件,464,千克,41732.0
61091000,棉制针织或钩编的Ｔ恤衫、汗衫、背心,3077317,件,585152,千克,47465658.0
61099010,丝及绢丝制针织或钩编Ｔ恤衫、汗衫、背心,1166,件,192,千克,347671.0
61099090,未列名纺材制针织或钩编Ｔ恤衫、汗衫、背心,1175429,件,217577,千克,20323100.0
61101100,羊毛制针织钩编套头衫开襟衫外穿背心及类似品,319231,件,105091,千克,33053338.0
61101200,喀什米尔山羊细毛制针织钩编套头衫、开襟衫等,69230,件,20755,千克,16599714.0
61101910,其他山羊细毛制针织钩编套头衫、开襟衫等,21215,件,4647,千克,2793833.0
61101990,其他细毛制针织钩编套头衫、开襟衫、外穿背心等,7008,件,3332,千克,1774048.0
61102000,棉制针织钩编的套头衫、开襟衫、外穿背心等,2543305,件,988191,千克,59701809.0
61103000,化纤制针织钩编套头衫、开襟衫、外穿背心等,2744573,件,819209,千克,50343547.0
61109010,丝及绢丝针织钩编套头衫、开襟衫、外穿背心等,2913,件,1055,千克,1763247.0
61109090,其他纺材针织钩编套头衫、开襟衫、外穿背心等,6797,件,1609,千克,268333.0
61112000,棉制针织或钩编的婴儿服装及衣着附件,110611,千克,0,?,3340192.0
61113000,合成纤维制针织或钩编婴儿服装及衣着附件,16183,千克,0,?,550418.0
61119010,毛制针织或钩编的婴儿服装及衣着附件,1512,千克,0,?,279722.0
61119090,其他材料制针织或钩编婴儿服装及衣着附件,1143,千克,0,?,129837.0
61121100,棉制针织或钩编的运动服,21129,套,14597,千克,522534.0
61121200,合成纤维制针织或钩编的运动服,7983,套,5690,千克,195009.0
61121900,其他纺织材料制针织或钩编的运动服,722,套,565,千克,48585.0
61122090,其他纺织材料制针织或钩编的滑雪服,12,套,18,千克,4497.0
61123100,合成纤维制针织或钩编的男式游泳服,6634,件,926,千克,111790.0
61123900,其他纺织材料制针织或钩编的男式游泳服,1,件,0,千克,78.0
61124100,合成纤维制针织或钩编的女式游泳服,210557,件,10153,千克,571449.0
61124900,其他纺织材料制针织或钩编的女式游泳服,6,件,0,千克,367.0
61130000,5903、5906或5907的针织物或钩编织物制服装,23630,件,16529,千克,719225.0
61142000,棉制针织或钩编的其他服装,96267,件,12913,千克,574975.0
61143000,化纤制针织或钩编的其他服装,131844,件,25363,千克,1266734.0
61149010,毛制针织或钩编的其他服装,436,件,111,千克,71981.0
61149090,其他纺织材料制针织或钩编的其他服装,297,件,226,千克,31869.0
61151000,渐紧压袜类,50121,双,7328,千克,544308.0
61152100,合纤针或钩织连裤及紧身裤袜，单丝细＜67分特,44753,双,3468,千克,211971.0
61152200,合纤针或钩织连裤及紧身裤袜，单丝细≥67分特,53978,双,4343,千克,140446.0
61152910,棉制针织或钩编的连裤袜及紧身裤袜,114667,双,15756,千克,555475.0
61152990,未列名纺织材料针织或钩编连裤袜及紧身裤袜,19541,双,2548,千克,108005.0
61153000,其他女式长统袜及中统袜，单丝细度＜67分特,25087,双,1009,千克,66873.0
61159400,毛制其他袜,26534,双,1878,千克,356240.0
61159500,棉制其他袜,2454051,双,115695,千克,3601354.0
61159600,合成纤维制其他袜,604184,双,27823,千克,1437445.0
61159900,其他纺织材料制其他袜,344866,双,12451,千克,376973.0
61161000,用塑料或橡胶浸渍、涂布、包覆或层压的针织或钩编的分指手套、连指手套及露指手套,2541319,双,141515,千克,1568041.0
61169100,其他羊毛或动物细毛制针织或钩编的手套,8882,双,673,千克,178394.0
61169200,其他棉制针织或钩编的手套,24005,双,1517,千克,21101.0
61169300,其他合成纤维制针织或钩编的手套,1832184,双,67701,千克,2135997.0
61169900,未列名纺织材料制针织或钩编的手套,7760,双,568,千克,26797.0
61171011,山羊绒制针织或钩编披巾、头巾、围巾等,5712,条,1501,千克,1872298.0
61171019,其他动物细毛制针织或钩编披巾、头巾等,926,条,216,千克,229779.0
61171020,羊毛制针织或钩编披巾、头巾、围巾等,62580,条,9355,千克,5037875.0
61171090,针织或钩编披巾、头巾、围巾、披纱、面纱等,97442,条,9866,千克,649893.0
61178010,针织或钩编的领带及领结,83,千克,631,条,17789.0
61178090,针织或钩编的其他衣着附件,11152,千克,0,?,776868.0
61179000,针织或钩编的服装或衣着附件的零件,13736,千克,0,?,789894.0
62012000,羊毛或动物细毛制男式大衣、短大衣、斗篷、短斗篷、带风帽的防寒短上衣、防风衣、防风短上衣及类似品,11713,件,13675,千克,8343230.0
62013010,棉制男式羽绒服,18635,件,24989,千克,4359475.0
62013090,棉制男式其他大衣、短大衣、斗篷、短斗篷、带风帽的防寒短上衣、防风衣、防风短上衣及类似品,109143,件,97159,千克,10907814.0
62014010,化学纤维制男式羽绒服,518655,件,374697,千克,69224913.0
62014090,化学纤维制男式其他大衣、短大衣、斗篷、短斗篷、带风帽的防寒短上衣、防风衣、防风短上衣及类似品,724921,件,443424,千克,53421602.0
62019000,其他纺织材料制男式大衣、短大衣、斗篷、短斗篷、带风帽的防寒短上衣、防风衣、防风短上衣及类似品,711,件,307,千克,249580.0
62022000,羊毛或动物细毛制女式大衣、短大衣、斗篷、短斗篷、带风帽的防寒短上衣、防风衣、防风短上衣及类似品,43304,件,53766,千克,28898919.0
62023010,棉制女式羽绒服,9065,件,16136,千克,4908128.0
62023090,棉制女式其他大衣、短大衣、斗篷、短斗篷、带风帽的防寒短上衣、防风衣、防风短上衣及类似品,58313,件,45377,千克,10883637.0
62024010,化学纤维制女式羽绒服,663515,件,403967,千克,85785087.0
62024090,化学纤维制女式其他大衣、短大衣、斗篷、短斗篷、带风帽的防寒短上衣、防风衣、防风短上衣及类似品,404829,件,251012,千克,30710422.0
62029000,其他纺织材料制女式大衣、短大衣、斗篷、短斗篷、带风帽的防寒短上衣、防风衣、防风短上衣及类似品,1399,件,652,千克,661649.0
62031100,毛制男式西服套装,2655,套,3157,千克,1491146.0
62031200,合成纤维制男式西服套装,3,套,2,千克,557.0
62031910,丝及绢丝制男式西服套装,33,套,41,千克,36781.0
62031990,未列名纺织材料制男式西服套装,222,套,273,千克,138297.0
62032200,棉制男式便服套装,8669,套,6251,千克,201394.0
62032300,合成纤维制男式便服套装,22668,套,15345,千克,51373.0
62032990,未列名纺织材料制男式便服套装,1028,套,216,千克,7055.0
62033100,毛制男式上衣,10421,件,8314,千克,4648851.0
62033200,棉制男式上衣,66763,件,45120,千克,3450939.0
62033300,合成纤维制男式上衣,20249,件,11554,千克,1429889.0
62033910,丝及绢丝制男式上衣,266,件,186,千克,288211.0
62033990,未列名纺织材料制男式上衣,6348,件,2701,千克,1036010.0
62034100,毛制男裤,18513,条,9253,千克,3546581.0
62034210,棉制阿拉伯裤,2496,条,1841,千克,32607.0
62034290,棉制其他男裤,726653,条,416651,千克,20428473.0
62034390,合成纤维制其他男裤,717932,条,258434,千克,17498139.0
62034990,其他纺织材料制其他男裤,17855,条,7311,千克,1051334.0
62041100,毛制女式西服套装,1,套,1,千克,433.0
62041200,棉制女式西服套装,51,套,21,千克,8843.0
62041300,合成纤维制女式西服套装,219,套,262,千克,4733.0
62041990,未列名纺织材料制女式西服套装,5,套,5,千克,1040.0
62042200,棉制女式便服套装,9397,套,2424,千克,112014.0
62042300,合成纤维制女式便服套装,14600,套,5963,千克,112702.0
62042990,未列名纺织材料制女式便服套装,7,套,1,千克,1029.0
62043100,毛制女式上衣,14526,件,10665,千克,7545192.0
62043200,棉制女式上衣,67200,件,34450,千克,5510891.0
62043300,合成纤维制女式上衣,128010,件,69927,千克,4604848.0
62043910,丝及绢丝制女式上衣,569,件,283,千克,783640.0
62043990,未列名纺织材料制女式上衣,23406,件,16660,千克,4107368.0
62044100,毛制女式连衣裙,3440,件,1898,千克,2509284.0
62044200,棉制女式连衣裙,116121,件,37025,千克,6717141.0
62044300,合成纤维制女式连衣裙,176717,件,79202,千克,2931352.0
62044400,人造纤维制女式连衣裙,29512,件,10637,千克,2150813.0
62044910,丝及绢丝制女式连衣裙,6330,件,1935,千克,3483578.0
62044990,未列名纺织材料制女式连衣裙,4513,件,1656,千克,339327.0
62045100,细毛制女式裙子及裙裤,9035,件,3539,千克,3376148.0
62045200,棉制女式裙子及裙裤,71506,件,25025,千克,3596297.0
62045300,合成纤维制女式裙子及裙裤,147030,件,40419,千克,4509813.0
62045910,丝及绢丝制女式裙子及裙裤,1289,件,421,千克,887016.0
62045990,未列名纺织材料制女式裙子及裙裤,28511,件,8339,千克,1444612.0
62046100,细毛制女裤,20592,条,9306,千克,4423275.0
62046200,棉制女裤,1108261,条,531779,千克,21816109.0
62046300,合成纤维制女裤,697909,条,253989,千克,21391393.0
62046900,其他纺织材料制女裤,68580,条,26703,千克,2814150.0
62052000,棉制男衬衫,344788,件,115586,千克,12596197.0
62053000,化纤制男衬衫,86142,件,30149,千克,2137404.0
62059010,丝及绢丝制男衬衫,1749,件,494,千克,998266.0
62059020,毛制男衬衫,1500,件,622,千克,565661.0
62059090,未列名纺织材料制男衬衫,22179,件,6294,千克,846357.0
62061000,丝及绢丝制女衬衫,5154,件,1144,千克,2403129.0
62062000,毛制女衬衫,1366,件,549,千克,526955.0
62063000,棉制女衬衫,238079,件,56425,千克,7778111.0
62064000,化纤制女衬衫,121360,件,26095,千克,3309684.0
62069000,其他纺织材料制女衬衫,17820,件,4573,千克,836878.0
62071100,棉制男内裤,25772,件,2380,千克,132673.0
62071910,丝及绢丝制男内裤,2,件,0,千克,318.0
62071920,化纤制男内裤,618,件,54,千克,10541.0
62071990,未列名纺织材料制男内裤,8,件,2,千克,365.0
62072100,棉制男睡衣及睡衣裤,16656,件,4507,千克,158672.0
62072200,化纤制男睡衣及睡衣裤,36,件,7,千克,699.0
62072910,丝及绢丝制男睡衣及睡衣裤,29,件,10,千克,6733.0
62079100,棉制其他男内衣、浴衣、晨衣及类似品,2586,件,876,千克,42546.0
62079920,化纤制其他男内衣、浴衣、晨衣及类似品,1330,件,378,千克,35541.0
62079990,未列名纺织材料制其他男内衣、浴衣、晨衣等,1,件,0,千克,20.0
62081100,化纤制女衬裙,16,件,1,千克,1463.0
62081910,丝及绢丝制女衬裙,14,件,1,千克,1438.0
62081920,棉制女衬裙,1,件,0,千克,2.0
62082100,棉制女睡衣及睡衣裤,94887,件,22712,千克,703318.0
62082200,化纤制女睡衣及睡衣裤,66965,件,7371,千克,578054.0
62082910,丝及绢丝制女睡衣及睡衣裤,1695,件,253,千克,77282.0
62082990,未列名纺织材料制女睡衣及睡衣裤,1,件,0,千克,19.0
62089100,棉制其他女内衣、短衬裤、浴衣、晨衣等,12945,件,5631,千克,257286.0
62089200,化纤制其他女内衣、短衬裤、浴衣、晨衣等,47183,件,6174,千克,388759.0
62089910,丝及绢丝其他女内衣、短衬裤、浴衣、晨衣等,2095,件,229,千克,78382.0
62089990,未列名材料其他女内衣、短衬裤、浴、晨衣等,1573,件,390,千克,8468.0
62092000,棉制婴儿服装及衣着附件,18687,千克,0,?,853880.0
62093000,合成纤维制婴儿服装及衣着附件,2210,千克,0,?,235823.0
62099010,毛制婴儿服装及衣着附件,103,千克,0,?,24128.0
62099090,其他纺织材料制婴儿服装及衣着附件,559,千克,0,?,29189.0
62101020,棉或麻毡呢或无纺织物制服装,24,件,6,千克,1026.0
62101030,化纤毡呢或无纺织物制服装,3277529,件,528670,千克,3183203.0
62101090,其他纺织材料毡呢或无纺织物制服装,4,件,6,千克,246.0
62102000,用品目59.03、59.06或59.07的织物制品目62.01所列类型的服装,200362,件,147534,千克,22890492.0
62103000,用品目59.03、59.06或59.07的织物制品目62.02所列类型的服装,236514,件,145547,千克,23470018.0
62104000,用品目59.03、59.06或59.07的织物制其他男式服装,83880,件,60517,千克,5870299.0
62105000,用品目59.03、59.06或59.07的织物制其他女式服装,41709,件,21223,千克,2607156.0
62111100,男式游泳服,5140,件,731,千克,212661.0
62111200,女式游泳服,1412,件,243,千克,72265.0
62112090,其他纺织材料制滑雪套服,992,套,1584,千克,37778.0
62113210,棉制阿拉伯袍,8,件,8,千克,267.0
62113220,棉制其他男式运动服,294,套,181,千克,11911.0
62113290,棉制其他男式服装,56701,件,48087,千克,6098912.0
62113310,化学纤维制阿拉伯袍,4,件,3,千克,80.0
62113320,化学纤维制其他男式运动服,2200,套,1893,千克,144819.0
62113390,化学纤维制其他男式服装,164264,件,84383,千克,8280724.0
62113910,丝及绢丝制其他男式服装,100,件,84,千克,66479.0
62113920,毛制其他男式服装,1278,件,1012,千克,1058511.0
62113990,未列名纺织材料制其他男式服装,4013,件,2823,千克,191442.0
62114210,棉制其他女式运动服,3273,套,2401,千克,31752.0
62114290,棉制其他女式服装,127562,件,51671,千克,4936005.0
62114310,化纤制其他女式运动服,2107,套,1104,千克,18335.0
62114390,化纤制其他女式服装,200278,件,78996,千克,7403878.0
62114910,丝及绢丝制其他女式服装,2120,件,864,千克,602451.0
62114990,未列名纺织材料制其他女式服装,10957,件,3745,千克,2736622.0
62121010,化纤制胸罩,3007212,件,118079,千克,8393369.0
62121090,其他纺织材料制胸罩,531718,件,31801,千克,2411899.0
62122010,化纤制腹带,10968,件,2664,千克,99292.0
62122090,其他纺织材料制腹带,98,件,11,千克,3996.0
62123010,化纤制紧身胸衣,4179,件,730,千克,83515.0
62123090,其他纺织材料制紧身胸衣,192,件,33,千克,11007.0
62129010,化纤制吊裤带、吊袜带、束袜带和类似品,9370,件,540,千克,42653.0
62129090,其他纺织材料制吊裤带、吊袜带、束袜带等,9665,件,1175,千克,75313.0
62132010,棉制刺绣手帕,136,条,1,千克,602.0
62132090,其他棉制手帕,9425,条,252,千克,29463.0
62139090,其他纺织材料制其他手帕,2257,条,94,千克,97295.0
62141000,丝及绢丝制披巾、头巾、围巾、披纱、面纱等,30483,条,2492,千克,5268729.0
62142010,羊毛披巾，头巾，围巾，披纱，面纱等,112580,条,24255,千克,14406650.0
62142020,山羊绒披巾，头巾，围巾，披纱，面纱等,51914,条,10777,千克,17431848.0
62142090,其他动物细毛披巾，头巾，围巾，披纱，面纱等,8011,条,1470,千克,1468023.0
62143000,合成纤维制披巾、围巾、披纱、面纱及类似品,76000,条,7995,千克,531624.0
62144000,人造纤维披巾、头巾、围巾、披纱、面纱等,5913,条,655,千克,217098.0
62149000,其他纺织材料制披巾，头巾，围巾，披纱，面纱等,14474,条,2576,千克,220557.0
62151000,丝及绢丝制领带及领结,9922,条,632,千克,810625.0
62152000,化纤制领带及领结,6475,条,173,千克,22462.0
62159000,其他纺织材料制领带及领结,2075,条,112,千克,27828.0
62160000,分指手套、连指手套及露指手套,82486,双,9009,千克,787867.0
62171010,袜子及袜套,1189,千克,14806,双,23129.0
62171020,和服腰带,940,千克,7626,条,11064.0
62171090,未列名制成的衣着附件,7137,千克,0,?,2547245.0
62179000,服装或衣着附件的零件,8421,千克,0,?,602210.0
63011000,电暖毯,9,条,29,千克,3195.0
63012000,羊毛或动物细毛制毯子及旅行毯,4986,条,4289,千克,1628526.0
63013000,棉制毯子及旅行毯,35820,条,20539,千克,217438.0
63014000,合成纤维制毯子及旅行毯,40447,条,34486,千克,280126.0
63019000,其他纤维制毯子及旅行毯,2045,条,1332,千克,62985.0
63021010,棉制针织或钩编的床上用织物制品,21775,条,8499,千克,102234.0
63021090,其他纺织材料制针织或钩编的床上用织物制品,32210,条,32453,千克,303958.0
63022110,棉制印花床单,13038,条,5349,千克,62255.0
63022190,棉制未列名印花床上用织物制品,70507,条,81288,千克,886987.0
63022210,化纤制印花床单,889,条,664,千克,2329.0
63022290,化纤制未列名印花床上用织物制品,19492,条,20115,千克,186725.0
63022910,丝及绢丝制印花床上用织物制品,287,条,37,千克,2304.0
63022920,麻制印花床上用织物制品,22,条,16,千克,1117.0
63023110,棉制刺绣的床上用织物制品,574,条,246,千克,4859.0
63023191,其他棉制床单,6220,条,3960,千克,99349.0
63023199,棉制未列名非针织或钩编的床上用织物制品,62621,条,32570,千克,671078.0
63023210,化纤制刺绣的床上用织物制品,15,条,4,千克,139.0
63023290,化纤制未列名非针织或钩编床上用织物制品,175788,条,11087,千克,97574.0
63023910,丝及绢丝制非针织或钩编的床上用织物制品,2591,条,246,千克,26419.0
63023921,麻制刺绣的床上用织物制品,310,条,42,千克,24767.0
63023929,麻制其他非针织或钩编的床上用织物制品,4980,条,7603,千克,304994.0
63023999,未列名纺材制非针织或钩编床上用织物制品,22441,条,287,千克,5099.0
63024010,手工针织或钩编的餐桌用织物制品,800,件,225,千克,2907.0
63024090,非手工针织或钩编的餐桌用织物制品,2575,件,146,千克,4645.0
63025110,棉制刺绣的餐桌用织物制品,56654,件,1541,千克,30835.0
63025190,棉制其他非针织或钩编的餐桌用织物制品,259731,件,36084,千克,279181.0
63025310,化纤制刺绣的餐桌用织物制品,1,件,1,千克,3.0
63025390,化纤制其他非针织或钩编餐桌用织物制品,50420,件,27866,千克,79421.0
63025919,亚麻制其他非针织或钩编的餐桌用织物制品,6169,件,303,千克,25719.0
63025990,其他纺织材料制非针织或钩编餐桌用织物制品,3756,件,480,千克,11305.0
63026010,棉制浴巾,248530,条,99026,千克,969435.0
63026090,其他棉制盥洗及厨房毛巾织物等毛圈织物制品,1709008,条,113008,千克,1106994.0
63029100,其他棉制盥洗及厨房用织物制品,582118,条,31228,千克,241240.0
63029300,化纤制盥洗及厨房用织物制品,499154,条,13008,千克,186386.0
63029910,亚麻制盥洗及厨房用织物制品,599,条,105,千克,13112.0
63029990,其他纺织材料制盥洗及厨房用织物制品,433119,条,2407,千克,7169.0
63031210,合成纤维制针织的窗帘、帐幔、帘帷及床帷,1034,千克,0,?,71532.0
63031220,合成纤维制钩编的窗帘、帐幔、帘帷及床帷,17986,千克,0,?,132450.0
63031931,棉制针织的窗帘、帐幔、帘帷及床帷,33,千克,0,?,11133.0
63031932,棉制钩编的窗帘、帐幔、帘帷及床帷,16,千克,0,?,649.0
63031991,其他纺织材料制针织窗帘、帐幔、帘帷及床帷,19,千克,0,?,1239.0
63039100,棉制非针织或钩编的窗帘、帐幔、帘帷或床帷,14773,千克,0,?,97991.0
63039200,合纤非针织或钩编的窗帘、帐幔、帘帷及床帷,56721,千克,0,?,1225817.0
63039900,其他纺材非针织或钩编窗帘、帐幔、帘及床帷,19,千克,0,?,430.0
63041129,非手工针织的床罩,2844,件,1988,千克,28267.0
63041929,棉或麻制其他非针织或钩编的床罩,2678,件,3284,千克,59061.0
63041939,化纤制其他非针织或钩编的床罩,54062,件,5820,千克,34977.0
63049121,手工针织的其他装饰用织物制品,112,千克,0,?,8351.0
63049129,非手工针织的其他装饰用织物制品,32247,千克,0,?,212769.0
63049131,手工钩编的其他装饰用织物制品,68,千克,0,?,2720.0
63049139,非手工钩编的其他装饰用织物制品,15,千克,0,?,105.0
63049210,棉制刺绣的其他装饰用织物制品,297,千克,0,?,5078.0
63049290,棉制非针织或钩编的未列名装饰用织物制品,22974,千克,0,?,313785.0
63049310,合成纤维制刺绣的其他装饰用织物制品,269,千克,0,?,20194.0
63049390,合纤制非针织或钩编的未列名装饰织物制品,45711,千克,0,?,1977156.0
63049910,丝及绢丝制非针织或钩编的其他装饰织物制品,2,千克,0,?,586.0
63049921,麻制刺绣的其他装饰用织物制品,0,千克,0,?,514.0
63049929,麻制非针织或钩编的其他装饰用织物制品,347,千克,0,?,84700.0
63049990,其他纺材制非针织或钩编未列名装饰织物制品,5856,千克,0,?,166099.0
63051000,黄麻等5303的韧皮纺织纤维制货物包装用袋,99400,条,103510,千克,144174.0
63052000,棉制货物包装用袋,698475,条,15875,千克,474136.0
63053200,化学纤维材料制散装货物周转软袋,32088,条,69890,千克,350627.0
63053300,其他聚乙烯、聚丙烯扁条等材料制货物包装袋,518522,条,75559,千克,257037.0
63053900,其他化学纤维材料制货物包装用袋,650709,条,6562,千克,418780.0
63059000,其他纺织材料制货物包装用袋,185016,条,6706,千克,56906.0
63061200,合成纤维制油苫布、天篷及遮阳篷,12007,件,102759,千克,394733.0
63061920,棉制油苫布、天篷及遮阳篷,6,件,60,千克,290.0
63061990,其他纺织材料制油苫布、天篷及遮阳篷,936,件,10403,千克,21965.0
63062200,合成纤维制帐篷（包括临时顶篷及类似品）,2464,件,18636,千克,171720.0
63062910,棉制帐篷,2,件,197,千克,1359.0
63062990,其他纺织材料制帐篷,12,件,2186,千克,45387.0
63063010,合成纤维制风帆,2209,件,496,千克,33382.0
63063090,其他纺织材料制风帆,1,件,7,千克,155.0
63064010,棉制充气褥垫,40,件,8,千克,351.0
63064020,化纤制充气褥垫,8275,件,7200,千克,318083.0
63069010,棉制其他野营用品,4,件,2,千克,138.0
63069020,麻制其他野营用品,20,件,195,千克,6419.0
63069030,化纤制其他野营用品,20687,件,48884,千克,247668.0
63069090,其他纺织材料制未列名野营用品,742,件,193,千克,10300.0
63071000,擦地布、擦碗布、抹布及类似擦拭用布,65900,千克,0,?,1604592.0
63072000,救生衣及安全带,21076,千克,24759,件,1801868.0
63079010,口罩,18086,千克,1455775,个,551389.0
63079090,第一分章的未列名制成品，包括服装裁剪样,453108,千克,20530762,个,11847752.0
63080000,机织物及纱线构成制小地毯等的零售包装套件,416,千克,0,?,25574.0
64011010,橡胶制鞋面的装有金属防护鞋头的防水鞋靴,4847,千克,1983,双,44872.0
64011090,塑料制鞋面的装有金属防护鞋头的防水鞋靴,172,千克,92,双,4808.0
64019210,橡胶制鞋面的防水靴(过踝但未到膝）,3767,千克,2663,双,283518.0
64019290,塑料制鞋面的防水靴(过踝但未到膝）,1629,千克,1180,双,39864.0
64019900,其他橡或塑外底及鞋面的防水鞋靴,7221,千克,6886,双,49941.0
64021200,滑雪靴、越野滑雪靴及滑雪板靴,85406,千克,24407,双,3422954.0
64021900,橡胶或塑料制外底及鞋面的其他运动鞋靴,103444,千克,146778,双,5795989.0
64022000,用栓塞法装配橡胶或塑料制外底及鞋面的鞋靴,16719,千克,37531,双,590701.0
64029100,其他橡胶或塑料制外底及鞋面的过踝鞋靴,137196,千克,124933,双,7497541.0
64029910,橡胶制鞋面的其他鞋靴,11542,千克,22590,双,969594.0
64029921,以机织物或其他纺织材料作衬底的塑料制鞋面的其他鞋靴,178218,千克,227959,双,5553021.0
64029929,未列名塑料制鞋面的鞋靴,1767970,千克,2593153,双,64631661.0
64031200,橡、塑、革外底，皮革面滑雪鞋靴和板靴,2666,千克,904,双,165569.0
64031900,橡、塑或革外底，皮革制鞋面的其他运动鞋靴,29559,千克,31792,双,1503512.0
64032000,皮革外底，脚背交叉绕大脚趾皮革带鞋面的鞋,144,千克,160,双,27699.0
64034000,其他橡，塑，革外底的皮革鞋面有金属护头鞋靴,4892,千克,3514,双,87352.0
64035111,过踝但低于小腿的皮革外底及鞋面制的鞋靴，内底＜24cm,4712,千克,3867,双,1495329.0
64035119,过踝但低于小腿的皮革外底及鞋面制的鞋靴，内底≥24cm,4872,千克,3707,双,958133.0
64035191,皮革制外底及鞋面的其他过踝鞋靴，内底＜24cm,4995,千克,3011,双,2135189.0
64035199,"其他皮革制外底及鞋面的过踝鞋靴,内底≥24cm",3333,千克,1979,双,841706.0
64035900,其他皮革制外底及鞋面的鞋靴,35241,千克,48342,双,14918460.0
64039111,"过脚踝但低于小腿的橡胶、塑料或再生皮革制外底,皮革制鞋面的鞋靴，内底＜24cm",99705,千克,100615,双,6793859.0
64039119,"过脚踝但低于小腿的橡胶、塑料或再生皮革制外底,皮革制鞋面的鞋靴，内底≥24cm",498200,千克,429042,双,21687193.0
64039191,"橡胶、塑料或再生皮革制外底,皮革制鞋面的其他过踝鞋靴，内底＜24cm",10380,千克,6920,双,1794716.0
64039199,"橡胶、塑料或再生皮革制外底,皮革制鞋面的其他过踝鞋靴，内底≥24cm",19263,千克,14153,双,2313522.0
64039900,其他橡、塑或再生皮革外底，皮革鞋面的鞋靴,3146231,千克,3748326,双,168634219.0
64041100,橡或塑外底，纺织材料鞋面运动鞋靴等,259309,千克,343169,双,13396768.0
64041910,橡胶或塑料制外底，纺织材料制鞋面的拖鞋,66685,千克,740872,双,2001499.0
64041990,橡胶或塑料制外底，纺织材料制鞋面的其他鞋靴,2528556,千克,3633036,双,121538024.0
64042010,皮革或再生皮革制外底，纺织材料制鞋面的拖鞋,1295,千克,1675,双,652682.0
64042090,皮革或再生皮革制外底，纺织材料制鞋面的其他鞋靴,6724,千克,14427,双,3406733.0
64051010,橡胶、塑料等制外底，其他皮革制鞋面的鞋靴,2735,千克,3673,双,195425.0
64051090,其他材料制外底，其他皮革制鞋面的鞋靴,4736,千克,8921,双,651012.0
64052000,其他纺织材料制鞋面的鞋靴,12667,千克,54806,双,1505712.0
64059010,其他橡胶、塑料或再生皮革制外底的其他鞋靴,43584,千克,48500,双,3168774.0
64059090,未列名鞋靴,1256,千克,3284,双,40469.0
64061000,鞋面及其零件，但硬衬除外,318178,千克,3029829,个,4676018.0
64062010,橡胶制的鞋外底及鞋跟,89233,千克,962803,个,862879.0
64062020,塑料制的鞋外底及鞋跟,47818,千克,708736,个,2147625.0
64069091,其他材料制活动式鞋内底、跟垫及类似品,29511,千克,1301653,个,923444.0
64069092,其他材料制护腿、裹腿和类似品及其零件,24800,千克,77964,个,614554.0
64069099,其他材料制未列名鞋靴零件,304863,千克,19827820,个,10411032.0
65010000,毡呢帽坯、帽身、帽兜和圆帽片及制帽毡呢筒,10,千克,0,?,4845.0
65040000,编结帽或用任何材料的条带拼制而成的帽类,19696,个,286,千克,293872.0
65050010,发网,2111689,个,1454,千克,38104.0
65050020,钩编的帽类,10568,个,1825,千克,67683.0
65050091,用品目65.01的帽身、帽兜或圆帽片制成的毡呢帽类，不论有无衬里或装饰物,5240,个,1107,千克,413471.0
65050099,针织的帽类及用成匹的花边、毡呢或其他纺织物制成的帽类,1390199,个,148400,千克,21241312.0
65061000,安全帽,71941,个,64097,千克,5280430.0
65069100,橡胶或塑料制帽类,22311,个,1028,千克,46155.0
65069910,皮革制帽类,559,个,102,千克,110730.0
65069920,毛皮制帽类,164,个,34,千克,92150.0
65069990,未列名材料制帽类,53388,个,4717,千克,677224.0
65070000,帽圈、帽衬、帽套、帽帮、帽骨架、帽舌及帽颏带,4951,千克,0,?,347823.0
66011000,庭园用伞及类似伞,16319,千克,1284,把,97918.0
66019100,折叠伞,18398,千克,69745,把,298960.0
66019900,其他雨伞及阳伞,11269,千克,26207,把,184602.0
66020000,手杖、带座手杖、鞭子、马鞭及类似品,1880,千克,4433,把,138167.0
66032000,伞骨、包括装在伞柄上的伞骨,755,千克,0,?,28107.0
66039000,伞、手杖、鞭子及类似品的其他零件及装饰品,2498,千克,0,?,19551.0
67010000,带羽毛或羽绒的鸟皮等，羽毛、羽绒及其制品,4282,千克,0,?,79899.0
67021000,塑料制人造花、叶、果实及其零件和制品,27141,千克,0,?,77498.0
67029020,丝及绢丝制人造花、叶、果实及其零件和制品,0,千克,0,?,42308.0
67029030,化纤制人造花、叶、果实及其零件和制品,13766,千克,0,?,87997.0
67029090,未列名材料制人造花、叶等及其零件和制品,32752,千克,0,?,260694.0
67030000,经加工的人发；作假发及类似品用的羊毛等,902415,千克,0,?,105475730.0
67041100,合成纺织材料制整头假发,16148,千克,0,?,522705.0
67041900,合成纺织材料制假发，胡须，眉毛及睫毛等,255454,千克,0,?,3063019.0
67042000,人发制假发，胡须，眉毛，睫毛及其他人发制品,208965,千克,0,?,29602899.0
67049000,其他材料制假、假胡须、假眉毛、假睫毛等,133,千克,0,?,4746.0
68010000,天然石料制的长方砌石、路缘石、扁平石,30,千克,0,?,235.0
68021010,"大理石制砖、瓦、方块及类似品,其最大面以可置入边长小于7厘米的方格为限；人工染色的大理石粒、石片及石粉",40,千克,0,?,984.0
68022110,大理石碑石或建筑用石及其制品,1085573,千克,0,?,335623.0
68022120,石灰华碑石或建筑用石及其制品,3,千克,0,?,303.0
68022190,蜡石碑石或建筑用石及其制品,4120,千克,0,?,15727.0
68022300,花岗岩碑石或建筑用石及其制品,426386,千克,0,?,166720.0
68022990,其他碑石或建筑用石及其制品,21646,千克,0,?,5507.0
68029110,大理石、石灰华及蜡石石刻,899,千克,0,?,15356.0
68029190,未列名已加工大理石、石灰华及蜡石制品,377262,千克,0,?,291503.0
68029290,未列名已加工石灰石制品,387179,千克,0,?,136571.0
68029311,花岗岩墓碑石,9,千克,0,?,235.0
68029319,其他花岗岩石刻,12,千克,0,?,1020.0
68029390,未列名已加工花岗岩制品,9484610,千克,0,?,1434792.0
68029910,未列名石刻,681,千克,0,?,1915.0
68029990,未列名已加工石制品,82208,千克,0,?,258627.0
68030010,已加工的板岩及其制品,3408,千克,0,?,54511.0
68030090,粘聚板岩的制品,16892,千克,0,?,21294.0
68041000,碾磨或磨浆用石磨、石碾及其零件,4419,千克,0,?,56741.0
68042110,粘聚合成或天然金刚石制砂轮,75031,千克,0,?,17429248.0
68042190,粘聚合成或天然金刚石制石磨、石碾及类似品,50445,千克,0,?,20693861.0
68042210,其他粘聚磨料或陶瓷制砂轮及其零件,450741,千克,0,?,10116173.0
68042290,其他粘聚磨料或陶瓷制石磨、石碾等及其零件,118196,千克,0,?,2757709.0
68042310,天然石料制砂轮及其零件,2984,千克,0,?,202153.0
68042390,天然石料制石磨、石碾及其零件等,377,千克,0,?,61296.0
68043010,手用琢磨油石,9102,千克,0,?,423811.0
68043090,其他手用磨石及抛光石,11682,千克,0,?,285678.0
68051000,砂布,604414,千克,0,?,5032714.0
68052000,砂纸,235199,千克,0,?,3054675.0
68053000,以其他材料为底的天然或人造研磨料,158927,千克,0,?,6592782.0
68061010,硅酸铝纤维及其制品，块状、成片或成卷,135619,千克,0,?,2362455.0
68061090,矿渣棉、岩石棉及其他类似的矿质棉（包括其相互混合物），块状、成片或成卷,365400,千克,0,?,1726733.0
68062000,膨胀矿物材料（包括其相互间混合物）,40119,千克,0,?,175432.0
68069000,其他隔热、隔、吸音矿物材料的混合物及制品,376762,千克,0,?,3044981.0
68071000,成卷的沥青或类似原料的制品,9836,千克,0,?,51872.0
68079000,其他沥青或类似原料的制品,53434,千克,0,?,337592.0
68080000,镶板、瓦、砖等，用水泥等粘合植物纤维制成,148504,千克,0,?,119832.0
68091100,仅用纸、纸板贴面或加强未经装饰的石膏制品,1880606,千克,0,?,593502.0
68091900,其他未装饰的石膏及以石膏为基本成分的制品,6103,千克,0,?,8751.0
68099000,其他石膏制品及以石膏为主的混合材料制品,2780,千克,0,?,79697.0
68101100,水泥、混凝土或人造石制建筑用砖及石砌块,20465,千克,0,?,9407.0
68101910,人造石制瓦、扁平石及类似品,539287,千克,0,?,805838.0
68101990,水泥、混凝土制瓦、扁平石及类似品,696855,千克,0,?,357362.0
68109110,钢筋混凝土和预应力混凝土管、杆、板、桩,14544,千克,0,?,1600.0
68109190,其他水泥等制建筑和土木工程用预制结构件,14453,千克,0,?,16384.0
68109910,铁道用水泥枕,20285,千克,0,?,11087.0
68109990,未列名水泥、混凝土或人造石制品,440262,千克,0,?,1408385.0
68114020,含石棉的其他片、板、砖、瓦及类似品,362,千克,0,?,7876.0
68114090,其他含石棉制品,14815,千克,0,?,57052.0
68118200,纤维素水泥或类似材料制其他片、板、砖、瓦及类似制品，不含石棉的,640620,千克,0,?,665577.0
68118990,纤维素水泥或类似材料制未列名制品，不含石棉的,1196,千克,0,?,55932.0
68128000,已加工青石棉纤维及青石棉为主混合物及制品,33,千克,0,?,503.0
68129100,石棉制服装、衣着附件、帽类及鞋靴,59,千克,0,?,6900.0
68129910,石棉制纸、麻丝板及毡子(青石棉制的除外),0,千克,0,?,316.0
68129920,成片或成卷的压缩石棉纤维接合材料(青石棉制的除外),5,千克,0,?,882.0
68129990,其他已加工的石棉纤维；以其他石棉为基本成分或以石棉和碳酸镁为基本成分的混合物；其他石棉制品,1124,千克,0,?,157197.0
68132010,以石棉为基本成分的闸衬、闸垫,43,千克,0,?,3754.0
68132090,以石棉为基本成分其他未装配磨擦材料及制品,276,千克,0,?,19230.0
68138100,以其他矿物质或纤维素为基本成分的闸衬闸垫,25019,千克,0,?,646438.0
68138900,其他矿物质或纤维素为主未装配磨擦材料及制,136885,千克,0,?,4429484.0
68141000,粘聚或复制云母制板、片、带,50350,千克,0,?,1062234.0
68149000,其他已加工的云母及其制品,18195,千克,0,?,455198.0
68151100,碳纤维,592987,千克,0,?,11668041.0
68151200,碳纤维织物,127568,千克,0,?,7151911.0
68151310,碳纤维预浸料,154643,千克,0,?,12328457.0
68151390,未列名非电气用的碳纤维制品,436163,千克,0,?,15730498.0
68151900,其他非电气用的石墨或其他碳精制品,76142,千克,0,?,23195292.0
68159100,含有菱镁矿、白云石或铬铁矿的制品,2953,千克,0,?,84581.0
68159940,玄武岩纤维及其制品,0,千克,0,?,444.0
68159990,未列名石制品及其他矿物制品,841209,千克,0,?,6192206.0
69010000,硅质化石粉等硅土砖、块、瓦及其他陶瓷制品,12710,千克,0,?,27134.0
69021000,镁、钙或铬单项或合计＞50%的耐火砖、瓦等,300,千克,0,?,2888.0
69022000,氧化铝或氧化硅等＞50%的耐火砖、瓦等,581333,千克,0,?,2181358.0
69029000,其他耐火砖、块、瓦及类似耐火陶瓷建材制品,819580,千克,0,?,2948374.0
69031000,含有按重量计超过51%的单体碳的耐火陶瓷制品,2059,千克,0,?,32357.0
69032000,氧化铝或与氧化硅混，化合物＞50%的耐火陶瓷品,654620,千克,0,?,6271292.0
69039000,其他耐火陶瓷制品,65617,千克,0,?,12699968.0
69041000,陶瓷建筑用砖,4709,千克,0,千块,820458.0
69049000,陶瓷制铺地砖、支撑或填充用砖及类似品,118402,千克,0,?,397033.0
69051000,陶瓷制屋顶瓦,147674,千克,0,?,43508.0
69060000,陶瓷套管、导管、槽管及管子配件,5198,千克,0,?,942096.0
69072110,"贴面砖、铺面砖，包括炉面砖及墙面,可置入边长＜7厘米矩形，按重量计吸水率≤0.5%，马赛克及饰面陶瓷除外",19,千克,2,平方米,349.0
69072190,其他贴面砖、铺面砖，包括炉面砖及墙面砖，按重量计吸水率≤0.5%，马赛克及饰面陶瓷除外,1970576,千克,112040,平方米,3995461.0
69072210,贴面砖、铺面砖，包括炉面砖及墙面砖，不论是否矩形，可置入边长＜7厘米矩形，0.5%＜按重量计吸水率≤10%，马赛克及饰面陶瓷除外,43,千克,1,平方米,39602.0
69072290,其他贴面砖、铺面砖，包括炉面砖及墙面砖，0.5%＜按重量计吸水率≤10%，马赛克及饰面陶瓷除外,140596,千克,7751,平方米,251902.0
69072390,其他贴面砖、铺面砖，包括炉面砖及墙面砖，按重量计吸水率＞10%，马赛克及饰面陶瓷除外,99749,千克,6383,平方米,132498.0
69073090,其他镶嵌砖（马赛克）及其类似品，饰面陶瓷除外,87,千克,6,平方米,8465.0
69074090,其他饰面陶瓷,202088,千克,13120,平方米,518564.0
69091100,实验室、化学或其他技术用瓷器,498643,千克,0,?,10770228.0
69091200,莫氏硬度≥9的实验室、化学或其他技术用品,82155,千克,0,?,23735092.0
69091900,其他实验室、化学或其他技术用陶器,350114,千克,0,?,21936988.0
69099000,农用陶瓷槽缸等容器；运输及盛装货物陶瓷器,15,千克,0,?,135.0
69101000,瓷制固定卫生设备,743400,千克,48883,件,3379730.0
69109000,陶制固定卫生设备,145479,千克,4980,件,948594.0
69111011,骨瓷餐具,24614,千克,0,?,1099736.0
69111019,其他瓷制餐具,1527397,千克,0,?,5328366.0
69111021,瓷制厨房刀具,3835,千克,0,?,364504.0
69111029,瓷制其他厨房器具,21349,千克,0,?,406832.0
69119000,其他家用或盥洗用瓷器,1680,千克,0,?,60840.0
69120010,陶餐具,139866,千克,0,?,1446215.0
69120090,陶制厨房器具及其他家用或盥洗用陶器,47476,千克,0,?,470914.0
69131000,瓷制塑像及其他装饰品,110920,千克,0,?,829577.0
69139000,陶制塑像及其他装饰品,64058,千克,0,?,489346.0
69141000,未列名瓷制品,124917,千克,0,?,11203411.0
69149000,未列名陶制品,253256,千克,0,?,7794861.0
70010010,无色光学玻璃块料,123198,千克,0,?,7548864.0
70010090,碎玻璃及废玻璃，来源于阴极射线管或品目85.49的其他活化玻璃除外；其他玻璃块料,77824,千克,0,?,5260096.0
70021000,未加工的玻璃球,23,千克,0,?,1607.0
70022010,光导纤维预制棒,34706,千克,0,?,10636186.0
70022090,其他未加工的玻璃棒,12364,千克,0,?,1420619.0
70023110,熔融石英等熔融硅石制未加工光纤用波导级管,47978,千克,0,?,6169630.0
70023190,熔融石英等熔融硅石制其他未加工玻璃管,44476,千克,0,?,2358074.0
70023200,其他未加工的耐热玻璃管,1150781,千克,0,?,4292725.0
70023900,未列名未加工的玻璃管,673306,千克,0,?,1978316.0
70031200,铸或轧制整块着色等加工的非夹丝玻璃板、片,391257,千克,42247,平方米,8134416.0
70031900,其他铸制或轧制的非夹丝的玻璃板、片,939670,千克,250265,平方米,18377890.0
70032000,铸制或轧制的夹丝玻璃板、片,70,千克,28,平方米,313.0
70033000,铸制或轧制的玻璃型材及异型材,215,千克,9,平方米,160844.0
70042000,拉制或吹制的整块着色等加工的玻璃板、片,2077,千克,365,平方米,481781.0
70049000,其他拉制或吹制的玻璃板、片,13956031,千克,11801302,平方米,78543638.0
70051000,具有吸收或反射层的非夹丝浮法玻璃板、片等,267223,千克,15416,平方米,486559.0
70052100,整块着色、不透明、镶色等非夹丝玻璃板、片,850095,千克,97657,平方米,895700.0
70052900,其他非夹丝浮法玻璃板、片等,12464011,千克,6308511,平方米,30383817.0
70053000,夹丝浮法玻璃板、片及磨面或抛光玻璃板、片,77987,千克,4540,平方米,195302.0
70060000,经弯曲、磨边、镂刻等加工的7003至7005地玻璃,9699643,千克,0,?,107030492.0
70071110,航空器、航天器及船舶用钢化安全玻璃,6429,千克,0,?,316539.0
70071190,车辆用钢化安全玻璃,111285,千克,0,?,519586.0
70071900,其他钢化安全玻璃,142325,千克,21737,平方米,4347079.0
70072110,航空器、航天器及船舶用层压安全玻璃,1449,千克,0,?,1496673.0
70072190,车辆用层压安全玻璃,43140,千克,0,?,847564.0
70072900,其他层压安全玻璃,2245,千克,202,平方米,86262.0
70080010,中空或真空隔温、隔音玻璃,4276,千克,0,?,48501.0
70080090,其他多层隔温、隔音玻璃组件,5,千克,0,?,445.0
70091000,车辆后视镜,190805,千克,0,?,19103262.0
70099100,未镶框玻璃镜,119418,千克,0,?,525569.0
70099200,已镶框玻璃镜,128957,千克,0,?,946609.0
70101000,玻璃制安瓿,3306,千克,0,?,83417.0
70102000,玻璃塞、盖及类似的封口,12144,千克,0,?,112814.0
70109010,玻璃制坛、瓶、缸、罐等容器，容量＞1L,104149,千克,0,?,414295.0
70109020,玻璃制坛、瓶、缸等容器，0.33L＜容量≤1L,396644,千克,0,?,580763.0
70109030,玻璃制坛、瓶、缸等容器，0.15L＜容量≤0.33L,40336,千克,0,?,148930.0
70109090,玻璃制坛、瓶、缸等容器，容量≤0.15L,377143,千克,0,?,3390899.0
70111000,制电灯用未封口玻璃外壳及其玻璃零件,4149,千克,0,?,83954.0
70119010,制电子管用未封口玻璃外壳及其玻璃零件,6,千克,0,?,2862.0
70119090,未列名未封口玻璃外壳及其玻璃零件,471,千克,0,?,116478.0
70131000,玻璃陶瓷器皿,714,千克,0,?,9339.0
70132200,铅晶质玻璃高脚杯,392,千克,0,?,72688.0
70132800,其他玻璃高脚杯,60240,千克,0,?,1317921.0
70133300,其他铅晶质玻璃杯,1452,千克,0,?,233454.0
70133700,其他玻璃杯,205415,千克,0,?,1481204.0
70134100,铅晶质玻璃制餐桌或厨房用器皿,300,千克,0,?,63794.0
70134200,其他餐桌或厨房用耐热玻璃器皿,76863,千克,0,?,531024.0
70134900,其他餐桌或厨房用玻璃器皿,171464,千克,0,?,666498.0
70139100,铅晶质玻璃盥洗室、办公室、室内装饰等器皿,1990,千克,0,?,356957.0
70139900,其他玻璃盥洗室、办公室、室内装饰等器皿,106119,千克,0,?,1087178.0
70140010,光学仪器用未经光学加工的光学元件毛坯,44438,千克,0,?,7090161.0
70140090,未经光学加工的信号玻璃器等玻璃制光学元件,29716,千克,0,?,864340.0
70151010,视力矫正眼镜用变色镜片坯件,7,千克,0,?,193.0
70151090,其他视力矫正眼镜用玻璃,39,千克,0,?,846.0
70159010,钟表玻璃,1502,千克,0,?,872464.0
70159090,未列名未经光学加工呈弧面、弯、凹等形玻璃,7273,千克,0,?,176286.0
70161000,供镶嵌装饰等用的玻璃马赛克等小件玻璃品,7188,千克,0,?,78742.0
70169010,花饰铅条窗玻璃及类似品,105,千克,0,?,1388.0
70169090,未列名建筑铺面用及多孔或泡沫玻璃块、砖等,5239,千克,0,?,31893.0
70171000,熔融石英等熔融硅石制实验室、医用玻璃器皿,5710,千克,0,?,1352632.0
70172000,其他实验室、卫生及配药耐热玻璃器皿,32445,千克,0,?,2970577.0
70179000,其他实验室、卫生及配药用玻璃器皿,60483,千克,0,?,2709426.0
70181000,玻璃珠、仿珍珠、仿宝石等小件玻璃品,55620,千克,0,?,4141445.0
70182000,直径≤1mm的玻璃珠,1003552,千克,0,?,5386992.0
70189000,玻璃眼；灯工方法制作的玻璃塑像等装饰品,5639,千克,0,?,96293.0
70191100,长度不超过50毫米的玻璃纤维短切原丝,3089797,千克,0,?,5804649.0
70191200,玻璃纤维无捻粗纱,862884,千克,0,?,1150796.0
70191300,其他玻璃纤维纱线，定长纤维纱条,875461,千克,0,?,2346491.0
70191400,玻璃纤维制机械结合毡,21379,千克,0,?,252874.0
70191500,玻璃纤维制化学结合毡,5127,千克,0,?,35831.0
70191900,长度超过50毫米的玻璃纤维短切原丝,736153,千克,0,?,1787553.0
70196100,玻璃纤维紧密粗纱机织物,25585,千克,0,?,217263.0
70196200,其他玻璃纤维紧密粗纱织物,11079,千克,0,?,157047.0
70196310,宽度不超过30厘米的玻璃纤维纱线制紧密平纹机织物，未经涂布或层压,7699,千克,0,?,92317.0
70196320,宽度超过30厘米的玻璃纤维长丝平纹织物，每平方米重量不超过110克，单根纱线细度不超过22特克斯，未经涂布或层压,252947,千克,0,?,39919121.0
70196390,其他玻璃纤维纱线制紧密平纹机织物，未经涂布或层压,399422,千克,0,?,1760341.0
70196410,宽度不超过30厘米的玻璃纤维纱线制紧密平纹机织物，经涂布或层压,5401,千克,0,?,421830.0
70196490,宽度超过30厘米的玻璃纤维纱线制紧密平纹机织物，经涂布或层压,27487,千克,0,?,932379.0
70196510,宽度不超过30厘米的玻璃纤维粗纱网孔机织物,255,千克,0,?,21780.0
70196590,宽度不超过30厘米的其他玻璃纤维网孔机织物,564,千克,0,?,19108.0
70196610,宽度超过30厘米的玻璃纤维粗纱网孔机织物,5217,千克,0,?,87045.0
70196690,宽度超过30厘米的其他玻璃纤维网孔机织物,533,千克,0,?,7160.0
70196910,机械结合的玻璃纤维制垫,283,千克,0,?,92236.0
70196920,机械结合的玻璃纤维制纤维网、板及类似无纺产品,15116,千克,0,?,401287.0
70196930,宽度不超过30厘米的其他机械结合玻璃纤维制机织物,2575,千克,0,?,107297.0
70196990,未列名机械结合的玻璃纤维制织物,65200,千克,0,?,984191.0
70197100,化学粘合的玻璃纤维覆面毡（薄毡）,193106,千克,0,?,934298.0
70197210,化学粘合的玻璃纤维制紧密垫,15568,千克,0,?,228933.0
70197290,其他化学粘合的玻璃纤维制紧密织物,40601,千克,0,?,712751.0
70197310,化学粘合的玻璃纤维制网孔垫,28261,千克,0,?,57708.0
70197390,其他化学粘合的玻璃纤维制网孔织物,7828,千克,0,?,95962.0
70198010,玻璃棉制垫,36330,千克,0,?,569996.0
70198020,玻璃棉制纤维网、板及类似无纺产品,13727,千克,0,?,184458.0
70198090,玻璃棉及其他玻璃棉制品,49480,千克,0,?,1228833.0
70199021,玻璃纤维布浸胶制品，每平方米重量小于450克,776201,千克,0,?,70202347.0
70199029,玻璃纤维布浸胶制品，每平方米重量不小于450克,201068,千克,0,?,1838782.0
70199091,其他玻璃纤维制垫,38139,千克,0,?,1718483.0
70199092,其他玻璃纤维制纤维网、板及类似无纺织产品,82840,千克,0,?,1613255.0
70199099,未列名玻璃纤维制品,209527,千克,0,?,5800985.0
70200011,工业用导电玻璃,28534,千克,0,?,3702705.0
70200013,工业用熔融石英或其他熔融硅石制玻璃制品,133262,千克,0,?,39925322.0
70200019,其他工业用玻璃制品,228947,千克,0,?,8011796.0
70200091,保温瓶或其他保温容器用的玻璃胆,102927,千克,266026,个,514496.0
70200099,其他非工业用玻璃制品,40989,千克,0,?,2496871.0
71011099,未列名天然珍珠,390,克,0,?,30.0
71012190,其他未加工养殖珍珠,0,千克,0,?,1773.0
71012210,未分级已加工养殖珍珠,791,千克,0,?,2517057.0
71012290,其他已加工养殖珍珠,3765,千克,0,?,212189.0
71022100,未加工或经简单锯开、劈开或粗磨的工业钻石,36456,克拉,0,?,196539.0
71022900,其他工业用钻石,7000,克拉,0,?,7659.0
71023100,未加工或简单锯开、劈开或粗磨的非工业钻石,1319,克拉,0,?,721125.0
71023900,其他非工业用钻石,359488,克拉,0,?,190551374.0
71031000,未加工或仅简单锯开或粗成形的宝石或半宝石,10453542,千克,0,?,28708625.0
71039100,经其他加工的红宝石、蓝宝石、祖母绿,229297,克拉,0,?,9976344.0
71039910,经其他加工的翡翠,87467583,克拉,0,?,947339.0
71039920,经其他加工的水晶,894933956,克拉,0,?,792921.0
71039930,经其他加工的碧玺,8935,克拉,0,?,67290.0
71039940,经其他加工的软玉,8879,克拉,0,?,53711.0
71039990,经其他加工的未列名宝石或半宝石,107817613,克拉,0,?,2874433.0
71041000,压电石英,17518882,克,0,?,1696533.0
71042100,合成或再造钻石，未加工或仅经简单锯开或粗制成形,9595,克,0,?,377680.0
71042900,合成或再造其他宝石或半宝石，未加工或仅经简单锯开或粗制成形,6696048,克,0,?,598870.0
71049110,工业用经其他加工的合成或再造钻石,30571,克,0,?,111347.0
71049190,非工业用经其他加工的合成或再造钻石,75173,克,0,?,34720119.0
71049911,工业用经其他加工的合成或再造蓝宝石,900016,克,0,?,1193498.0
71049919,工业用经其他加工的合成或再造的其他宝石或半宝石,65,克,0,?,16076.0
71049990,非工业用经其他加工的合成或再造其他宝石或半宝石,925011,克,0,?,331841.0
71051010,天然钻石粉末,68415,克拉,0,?,31486.0
71051020,人工合成的钻石粉末,12536100,克拉,0,?,949257.0
71059000,其他天然或合成宝石或半宝石的粉末,200026000,克,0,?,206532.0
71061011,平均粒径＜3微米的非片状银粉,15943416,克,0,?,31218220.0
71061019,其他非片状银粉,124323992,克,0,?,19831694.0
71061021,平均粒径＜10微米的片状银粉,2966808,克,0,?,7292090.0
71061029,其他片状银粉,4752895,克,0,?,11270552.0
71069110,纯度≥99.99%未锻造银,66237344,克,0,?,185183044.0
71069190,其他未锻造银,23533260,克,0,?,23192534.0
71069210,纯度≥99.99%半制成的银,462246,克,0,?,1144356.0
71069290,其他半制成的银,21704830,克,0,?,6706664.0
71070000,以贱金属为底的包银材料,6094,千克,0,?,3109638.0
71081200,其他未锻造金，非货币用,128021442,克,0,?,17417117652.0
71081300,其他半制的金，非货币用,13703206,克,0,?,1888088570.0
71090000,以贱金属或银为底的包金材料,516687,克,0,?,173582.0
71101100,未锻造铂，铂粉,8109516,克,0,?,462500358.0
71101910,铂板、片,473734,克,0,?,31338959.0
71101990,其他半制的铂,57626,克,0,?,4048908.0
71102100,未锻造钯，钯粉,3351785,克,0,?,164879057.0
71102910,钯板、片,177604,克,0,?,7623404.0
71102990,其他半制的钯,213519,克,0,?,3524563.0
71103100,未锻造铑，铑粉,522433,克,0,?,148998251.0
71103910,铑板、片,193,克,0,?,111621.0
71104100,未锻造的铱、锇及钌，铱、锇及钌的粉,1113723,克,0,?,112693499.0
71104990,其他半制的铱、锇及钌,220,克,0,?,61480.0
71110000,以贱金属、银或金为底的包铂材料,2316470,克,0,?,1042029.0
71129220,"含有铂或铂化合物的废料及碎料,主要用于回收贵金属",480470,克,0,?,2467890.0
71131110,镶嵌钻石的银首饰及其零件,4561,克,0,?,264210.0
71131190,其他银首饰及其零件,1244765,克,0,?,8222231.0
71131911,镶嵌钻石的黄金制首饰及其零件,189230,克,0,?,72180928.0
71131919,其他黄金制首饰及其零件,751595,克,0,?,105539068.0
71131921,镶嵌钻石的铂制首饰及其零件,72689,克,0,?,76639752.0
71131929,其他铂制首饰及其零件,94952,克,0,?,17401264.0
71132090,其他以贱金属为底的包贵金属制首饰及其零件,45737,克,0,?,122558.0
71141100,银制器皿及其零件,87692,克,0,?,115412.0
71141900,其他贵金属制器皿及其零件,3477,克,0,?,539121.0
71142000,以贱金属为底的包贵金属制器皿及其零件,30000,克,0,?,5457.0
71159010,其他贵金属或包贵金属的工业或实验室用制品,52866529,克,0,?,64719870.0
71159090,其他贵金属或包贵金属的非工业或实验室制品,359855,克,0,?,974851.0
71161000,天然或养殖珍珠制品,142,千克,0,?,512235.0
71162000,宝石或半宝石（天然、合成或再造）制品,120012,千克,0,?,20897530.0
71171100,贱金属制袖扣、饰扣,16643,千克,0,?,173960.0
71171900,贱金属制其他仿首饰,81656,千克,0,?,18537994.0
71179000,未列名仿首饰,111097,千克,0,?,3654708.0
71181000,非法定货币的硬币（金币除外）,661,千克,0,?,52103.0
72011000,初级形状非合金生铁，按重量计含磷量≤0.5%,7106000,千克,0,?,1748076.0
72015000,合金生铁、镜铁锭、块或其他初级形状,40792557,千克,0,?,54542074.0
72021100,锰铁，按重量计含碳量＞2%,30000,千克,0,?,50894.0
72021900,锰铁，按重量计含碳量≤2%,73000,千克,0,?,111191.0
72022100,硅铁，按重量计含硅量＞55%,7357691,千克,0,?,8024300.0
72022900,硅铁，按重量计含硅量≤55%,79134,千克,0,?,156627.0
72023000,硅锰铁,416000,千克,0,?,377074.0
72024100,铬铁，按重量计含碳量＞4%,157609714,千克,0,?,204042498.0
72024900,铬铁，按重量计含碳量≤4%,68803,千克,0,?,190723.0
72025000,硅铬铁,1026001,千克,0,?,1026027.0
72026000,镍铁,961370331,千克,0,?,1665873744.0
72027000,钼铁,408000,千克,0,?,18234546.0
72028010,钨铁,75,千克,0,?,25175.0
72029100,钛铁及硅钛铁,1174135,千克,0,?,3264094.0
72029210,钒铁，按重量计含钒量≥75%,600,千克,0,?,35262.0
72029300,铌铁,4950000,千克,0,?,146198491.0
72029912,钕铁硼磁粉,34010,千克,0,?,1180883.0
72029919,其他钕铁硼合金,13626,千克,0,?,473554.0
72029991,按重量计稀土元素总含量在10％以上的其他铁合金,31000,千克,0,?,686446.0
72029999,未列名铁合金,3764763,千克,0,?,24969916.0
72031000,直接从铁矿还原的块、团、团粒等形状铁产品,96953930,千克,0,?,13016885.0
72039000,其他海绵铁产品；按重量计纯度≥99.94%的铁,5000,千克,0,?,37742.0
72041000,铸铁废料及碎料,772709,千克,0,?,233876.0
72042100,不锈钢废料及碎料,14148907,千克,0,?,18903130.0
72042900,其他合金钢废料及碎料,8370903,千克,0,?,8628000.0
72044100,金属切削加工过程中产生的钢铁废料及碎料,43750,千克,0,?,14147.0
72044900,未列名钢铁废料及碎料,844570,千克,0,?,248219.0
72051000,生铁、镜铁及钢铁的颗粒,992564,千克,0,?,5939299.0
72052100,合金钢粉末,3547652,千克,0,?,14298371.0
72052910,铁粉，平均粒径小于10微米,40196,千克,0,?,529025.0
72052990,未列名生铁、镜铁及钢铁的粉末,2849421,千克,0,?,4587025.0
72061000,铁锭及普通钢锭,203940,千克,0,?,42828.0
72069000,其他初级形状的普通钢铁,80,千克,0,?,2001.0
72071100,矩形截面半制普通钢铁，宽＜两倍厚，C＜0.25%,55146561,千克,0,?,23620494.0
72071200,其他矩形截面的半制普通钢铁，C＜0.25％,9956370,千克,0,?,3868050.0
72071900,其他普通钢铁的半制成品，C＜0.25％,20952,千克,0,?,27412.0
72072000,普通钢铁的半制成品，C≥0.25％,51883,千克,0,?,596809.0
72082500,其他热轧、酸洗普通钢铁卷材，厚≥4.75mm,1055340,千克,0,?,909175.0
72082610,屈度＞355牛顿/m?钢铁卷材，3mm≤厚＜4.75mm,1739235,千克,0,?,1109763.0
72082690,其他热轧、酸洗钢铁卷材，3mm≤厚＜4.75mm,783085,千克,0,?,732460.0
72082710,其他热轧、酸洗普通钢铁卷材，厚＜1.5mm,57800,千克,0,?,36367.0
72082790,其他热轧、酸洗钢铁卷材，1.5mm≤厚＜3mm,6094695,千克,0,?,4710707.0
72083700,其他仅热轧普通钢铁卷材，4.75mm≤厚≤10mm,353030,千克,0,?,213276.0
72083810,屈度＞355牛顿/m?热轧卷材，3mm≤厚＜4.75mm,1577150,千克,0,?,987978.0
72083890,其他热轧普通钢铁卷材，3mm≤厚＜4.75mm,5779000,千克,0,?,3420473.0
72083990,其他热轧铁或非合金钢卷材，1.5mm≤厚＜3mm,2385869,千克,0,?,1508793.0
72084000,热轧，已轧压花纹普通钢铁非卷材，宽≥600mm,31358,千克,0,?,22865.0
72085110,其他热轧铁或非合金钢非卷材，厚＞50mm,2828804,千克,0,?,2180731.0
72085121,屈服强度不小于500牛顿/平方毫米的其他热轧及未包、镀、涂层，厚度在20毫米以上，但不超过50毫米的铁或非合金钢非卷材,93506,千克,0,?,77650.0
72085129,未列名热轧及未包、镀、涂层，厚度在20毫米以上，但不超过50毫米的铁或非合金钢非卷材,14917942,千克,0,?,10328158.0
72085191,屈服强度不小于500牛顿/平方毫米的其他热轧及未包、镀、涂层，厚度超过10毫米，但不超过20毫米的铁或非合金钢非卷材,1312,千克,0,?,5736.0
72085199,未列名热轧及未包、镀、涂层，厚度超过10毫米，但不超过20毫米的铁或非合金钢非卷材,37677776,千克,0,?,25547140.0
72085200,仅热轧普通钢铁非卷材，4.75mm≤厚≤10mm,6153502,千克,0,?,4280729.0
72085310,屈度＞355N/m?钢铁非卷材，3mm≤厚＜4.75mm,31503,千克,0,?,43247.0
72085390,其他热轧普通钢铁非卷材，3mm≤厚＜4.75mm,29896,千克,0,?,33740.0
72085490,其他热轧铁非合金钢非卷材，1.5mm≤厚＜3mm,9112,千克,0,?,8960.0
72089000,热轧并经除包镀涂外加工，宽≥600mm的钢铁板材,38257,千克,0,?,23340.0
72091610,屈度＞275牛顿/m?钢铁卷材，1mm＜厚＜3mm,2488238,千克,0,?,1679576.0
72091691,断后伸长率不小于40%的其他冷轧，未经包、镀、涂层，厚度超过1毫米，但小于3毫米的铁或非合金钢卷材,1176384,千克,0,?,1034695.0
72091699,未列名冷轧，未经包、镀、涂层，厚度超过1毫米，但小于3毫米的铁或非合金钢卷材,99391,千克,0,?,103219.0
72091710,屈度＞275牛顿/m?卷材，0.5mm≤厚≤1mm,15115731,千克,0,?,8423965.0
72091791,断后伸长率不小于38%的其他冷轧，未经包、镀、涂层，厚度在0.5毫米及以上，但不超过1毫米的铁或非合金钢卷材,3450392,千克,0,?,2333295.0
72091799,未列名冷轧，未经包、镀、涂层，厚度在0.5毫米及以上，但不超过1毫米的铁或非合金钢卷材,151855,千克,0,?,134918.0
72091810,仅冷轧铁或非合金钢卷材，厚＜0.3mm,91150,千克,0,?,89094.0
72091890,仅冷轧铁或非合金钢卷材，0.3mm≤厚＜0.5mm,283900,千克,0,?,195295.0
72092500,仅冷轧其他普通钢铁非卷材，厚≥3mm,3835,千克,0,?,2657.0
72092600,仅冷轧其他普通钢铁非卷材，1mm＜厚＜3mm,15195,千克,0,?,37465.0
72092700,仅冷轧，0.5mm≤厚≤1mm其他普通钢铁非卷材,52645,千克,0,?,54897.0
72099000,冷轧但未包镀涂，进一步加工宽≥600mm钢铁板,3576,千克,0,?,3052.0
72101200,镀或涂锡的，厚＜0.5mm普通钢铁板材,174241,千克,0,?,265042.0
72102000,镀或涂铅的，包括镀铅锡的普通钢铁板材,3800,千克,0,?,4560.0
72103000,电镀锌的铁或非合金钢平板轧材,15054917,千克,0,?,14889943.0
72104910,抗拉强度不小于440牛顿/平方毫米的其他镀或涂锌的铁或非合金钢平板轧材,4996565,千克,0,?,4597466.0
72104990,未列名镀或涂锌的铁或非合金钢平板轧材,17644972,千克,0,?,15040624.0
72106100,镀或涂铝锌合金的铁或非合金钢平板轧材,422968,千克,0,?,516211.0
72106900,其他镀或涂铝的铁或非合金钢平板轧材,757306,千克,0,?,681064.0
72107010,厚度小于1.5毫米的涂漆或涂塑的铁或非合金钢平板轧材，宽≥600mm,1531849,千克,0,?,2613864.0
72107090,其他涂漆或涂塑的铁或非合金钢平板轧材，宽≥600mm,2986239,千克,0,?,2243259.0
72109000,未列名宽≥600mm经包镀涂层普通钢铁板材,6753127,千克,0,?,22514792.0
72111300,仅四面或封闭热轧，150mm＜宽，厚≥4mm钢铁材,279,千克,0,?,745.0
72111400,仅热轧，厚≥4.75mm普通钢铁板材,35111,千克,0,?,55228.0
72111900,仅热轧，未包镀涂层，宽＜600mm其他钢铁板材,131407,千克,0,?,294736.0
72112300,仅冷轧宽＜600mm普通钢板材，C＜0.25％,574569,千克,0,?,843292.0
72112900,仅冷轧宽＜600mm其他普通钢板材，C≥0.25％,599062,千克,0,?,1904996.0
72119000,仅冷轧，未包镀涂层，宽＜600mm其他钢铁板材,28727,千克,0,?,165191.0
72121000,镀或涂锡的，宽＜600mm普通钢铁板材,59427,千克,0,?,165543.0
72122000,电镀锌的宽＜600mm普通钢板材,328738,千克,0,?,569317.0
72123000,其他镀或涂锌的宽＜600mm普通钢铁板材,221072,千克,0,?,489611.0
72124000,涂漆或涂塑的宽＜600mm普通钢铁板材,198012,千克,0,?,1131956.0
72125000,其他镀或涂层的宽＜600mm普通钢铁板材,3564075,千克,0,?,8373738.0
72126000,经包覆的宽＜600mm普通钢铁板材,612335,千克,0,?,4066054.0
72132000,不规则盘卷的易切削钢热轧条、杆,1595445,千克,0,?,1820019.0
72139100,直径＜14mm圆截面不规则盘卷普通钢铁热轧条，杆,2128084,千克,0,?,1804838.0
72139900,其他不规则盘卷的普通钢铁热轧条、杆,2233025,千克,0,?,2207355.0
72141000,普通钢铁的锻造条、杆,2194,千克,0,?,3831.0
72142000,轧制凸凹变形及扭曲的普通钢铁的其他条、杆,2897135,千克,0,?,1787688.0
72143000,其他易切削钢热轧、热拉拔或热挤压条、杆,6810,千克,0,?,12277.0
72149100,矩形截面普通钢铁热轧，热拉拔或热挤压条，杆,334337,千克,0,?,307106.0
72149900,其他普通钢铁热轧、热拉拔或热挤压条、杆,658263,千克,0,?,760713.0
72151000,易切削钢冷成形或冷加工条、杆,729158,千克,0,?,1662561.0
72155000,其他铁及非合金钢的冷成形或冷加工条、杆,954964,千克,0,?,1867651.0
72159000,未列名的铁及非合金钢条、杆,228838,千克,0,?,553446.0
72161020,热轧、拉或挤压普通工字钢，截面高＜80mm,4760,千克,0,?,15083.0
72161090,热轧、拉或挤压普通槽钢，截面高＜80mm,172515,千克,0,?,208415.0
72162100,热轧、拉拔或挤压普通钢角钢，截面高＜80mm,164132,千克,0,?,123496.0
72162200,热轧、拉或挤压普通钢丁字钢，截面高＜80mm,31,千克,0,?,1239.0
72163100,热轧、拉或挤压普通钢铁槽钢，截面高≥80mm,1110033,千克,0,?,1109553.0
72163210,热轧、拉或挤压普通钢工字钢，截面高＞200mm,83817,千克,0,?,87506.0
72163290,热轧拉挤普通钢工字钢，80mm≤截面高≤200mm,170221,千克,0,?,248698.0
72163311,热轧、拉或挤压普通钢H型钢，截面高＞800mm,7920,千克,0,?,5352.0
72163319,热轧拉挤普通钢H型钢，200mm＜截面高≤800mm,410418,千克,0,?,290300.0
72163390,热轧、拉挤普通钢H型钢，80mm≤截面高≤200mm,645509,千克,0,?,652396.0
72164010,热轧、拉或挤压普通钢铁角钢，截面高≥80mm,3015441,千克,0,?,2614453.0
72164020,热轧、拉或挤压普通钢丁字钢，截面高≥80mm,10822,千克,0,?,30516.0
72165020,热轧、热拉拔或热挤压铁或非合金钢球扁钢,75811,千克,0,?,70627.0
72165090,未列名热轧拉或挤压普通钢角材、型及异型材,191207,千克,0,?,492559.0
72166100,平板轧材制冷成形或冷加工普通钢角材异型材,2040,千克,0,?,39321.0
72166900,其他冷成形或冷加工普通钢铁角材型及异型材,51211,千克,0,?,243951.0
72169100,平板轧材制冷成形外再加工普钢角型及异型材,5,千克,0,?,156.0
72169900,其他普通钢铁角材、型材及异型材,22972,千克,0,?,273618.0
72171000,未镀或涂层的普通钢铁丝，不论是否抛光,1799154,千克,0,?,4160257.0
72172000,镀或涂锌的普通钢铁丝,1352092,千克,0,?,1988359.0
72173010,镀或涂铜的铁丝或非合金钢丝,244790,千克,0,?,828441.0
72173090,镀或涂其他贱金属的铁丝或非合金钢丝,65617,千克,0,?,594312.0
72179000,其他铁丝或非合金钢丝,152804,千克,0,?,627476.0
72181000,不锈钢锭及其他初级形状的不锈钢,600947,千克,0,?,828256.0
72189100,矩形截面的（正方形除外）不锈钢半制品,174150,千克,0,?,339669.0
72189900,其他不锈钢半制成品,8452908,千克,0,?,17193974.0
72191100,热轧不锈钢卷材，，宽度≥600mm，厚＞10mm,1067308,千克,0,?,2920649.0
72191210,热轧不锈钢卷材，600mm≤宽度≤1800mm，4.75mm≤厚≤10mm,5208345,千克,0,?,13204397.0
72191319,其他未酸洗热轧不锈钢卷材，3mm≤厚＜4.75mm,41127,千克,0,?,177253.0
72191329,其他酸洗热轧不锈钢卷材，3mm≤厚＜4.75mm,4217306,千克,0,?,8929558.0
72191429,其他厚＜3mm，经酸洗热轧不锈钢卷材,639760,千克,0,?,1278566.0
72192100,热轧不锈钢非卷材，厚＞10mm,192113,千克,0,?,1602692.0
72192200,热轧不锈钢非卷材，4.75mm≤厚≤10mm,112599,千克,0,?,1023433.0
72192300,热轧不锈钢非卷材，3mm≤厚＜4.75mm,11296,千克,0,?,489039.0
72192410,热轧不锈钢非卷材，1mm＜厚＜3mm,13129,千克,0,?,37579.0
72192420,热轧不锈钢非卷材，0.5mm≤厚≤1mm,318,千克,0,?,4066.0
72193100,冷轧不锈钢板材，厚≥4.75mm,48105,千克,0,?,386558.0
72193210,"冷轧不锈钢板材，600mm≤宽度＜1800mm,3mm≤厚＜4.75mm",10660769,千克,0,?,21394740.0
72193290,"冷轧不锈钢板材，宽度＞1800mm,3mm≤厚＜4.75mm",3834,千克,0,?,25004.0
72193390,其他冷轧不锈钢板材，1mm＜厚＜3mm,64435086,千克,0,?,129694099.0
72193400,冷轧不锈钢板材，0.5mm≤厚≤1mm,28892395,千克,0,?,58245129.0
72193500,冷轧不锈钢板材，厚＜0.5mm,2657127,千克,0,?,7578505.0
72199000,其他宽≥600mm的不锈钢板材,99097,千克,0,?,841069.0
72201100,热轧不锈钢板材，厚≥4.75mm，宽＜600mm,15754,千克,0,?,101843.0
72201200,热轧不锈钢板材，厚＜4.75mm，宽＜600mm,21193,千克,0,?,29521.0
72202020,冷轧不锈钢平板轧材，厚≤0.35mm，宽＜600mm,626158,千克,0,?,7235368.0
72202030,冷轧不锈钢平板轧材，0.35mm＜厚＜3mm，宽＜600mm,947682,千克,0,?,4427713.0
72202040,冷轧不锈钢平板轧材，3mm≤厚，宽＜600mm,113730,千克,0,?,789666.0
72209000,其他不锈钢板材，宽＜600mm,291855,千克,0,?,4596288.0
72210000,不规则盘卷的不锈钢热轧条、杆,3692323,千克,0,?,14357629.0
72221100,圆形截面的热轧、拉拔或挤压的不锈钢条、杆,868409,千克,0,?,8590172.0
72221900,其他热轧、拉拔或挤压的不锈钢条、杆,222885,千克,0,?,1542000.0
72222000,不锈钢冷成形或冷加工条、杆,1887243,千克,0,?,18941051.0
72223000,其他不锈钢条、杆,424721,千克,0,?,3856649.0
72224000,不锈钢角材、型材及异型材,55115,千克,0,?,1034425.0
72230000,不锈钢丝,907469,千克,0,?,11600797.0
72241000,其他合金钢锭及初级形状品,440147,千克,0,?,1784366.0
72249090,其他合金钢半制成品,268,千克,0,?,7843.0
72251100,取向性硅电钢平板轧材，宽度≥600mm,2156175,千克,0,?,1560179.0
72251900,其他硅电钢平板轧材，宽度≥600mm,4196171,千克,0,?,5150539.0
72253010,未经进一步加工的其他合金钢热轧卷材，宽≥600mm，厚≤2mm,1764490,千克,0,?,1450664.0
72253090,未经进一步加工的其他合金钢热轧卷材，宽≥600mm，厚＞2mm,6239978,千克,0,?,5257343.0
72254010,未经进一步加工的热轧工具钢非卷材，宽度在600毫米及以上,266505,千克,0,?,840857.0
72254091,未经进一步加工的热轧含硼合金钢非卷材，宽度在600毫米及以上,1794133,千克,0,?,3003016.0
72254099,未经进一步加工的其他合金钢热轧非卷材，宽度在600毫米及以上,8085652,千克,0,?,15110701.0
72255000,其他合金钢冷轧板材，宽≥600mm,19977457,千克,0,?,18460644.0
72259100,电镀或涂锌的其他合金钢板材，宽≥600mm,4644057,千克,0,?,5287525.0
72259200,其他方法镀或涂锌的合金钢板材，宽≥600mm,7378587,千克,0,?,7851002.0
72259990,未列名合金钢板材，宽≥600mm,19961360,千克,0,?,20834488.0
72261100,取向性硅电钢平板轧材，宽度＜600mm,2927668,千克,0,?,2421722.0
72261900,其他硅电钢平板轧材，宽度＜600mm,61433,千克,0,?,294403.0
72262000,高速钢板材，宽＜600mm,79459,千克,0,?,2153373.0
72269110,未经进一步加工的热轧工具钢板材，宽度小于600毫米,346288,千克,0,?,1525145.0
72269191,未经进一步加工的热轧含硼合金钢板材，宽度小于600毫米,1689,千克,0,?,6026.0
72269199,未经进一步加工的其他合金钢热轧板材，宽度小于600毫米,303758,千克,0,?,1600137.0
72269200,其他未进一步加工合金钢冷轧板材，宽＜600mm,1013747,千克,0,?,7685631.0
72269910,电镀或涂锌的其他合金钢平板轧材，宽＜600mm,16675,千克,0,?,34439.0
72269920,其他法镀或涂锌的合金钢平板轧材宽＜600mm,16041,千克,0,?,47472.0
72269990,未列名合金钢板材，宽＜600mm,578976,千克,0,?,3652765.0
72271000,不规则盘卷的高速钢热轧条、杆,76619,千克,0,?,2216203.0
72272000,不规则盘卷的硅锰钢热轧条、杆,783247,千克,0,?,1083330.0
72279010,不规则盘卷的含硼合金钢制的热轧条、杆,712998,千克,0,?,752352.0
72279091,不规则盘卷的其他合金钢热轧条、杆，截面为圆形,9085174,千克,0,?,11373997.0
72279099,不规则盘卷的其他合金钢热轧条、杆，截面为圆形的除外,243085,千克,0,?,492761.0
72281000,其他高速钢条、杆,169575,千克,0,?,4485315.0
72282000,其他硅锰钢条、杆,149881,千克,0,?,259973.0
72283010,其他含硼合金钢制的条、杆，除热轧、热拉拔或热挤压外未经进一步加工,95953,千克,0,?,182732.0
72283091,其他合金钢制的条、杆，除热轧、热拉拔或热挤压外未经进一步加工，截面为圆形,5355277,千克,0,?,11573032.0
72283099,其他合金钢制的条、杆，除热轧、热拉拔或热挤压外未经进一步加工，截面为圆形的除外,151104,千克,0,?,382400.0
72284000,其他合金钢锻造条、杆,2105522,千克,0,?,11036788.0
72285000,其他合金钢冷成形或冷加工条、杆,1275797,千克,0,?,3034578.0
72286000,未列名合金钢条、杆,1377137,千克,0,?,9528641.0
72287010,履带板型钢,227721,千克,0,?,238425.0
72287090,其他合金钢角材、型材及异型材,554406,千克,0,?,2207353.0
72288000,合金钢及非合金钢制空心钻钢,136481,千克,0,?,472432.0
72292000,硅锰钢钢丝,489984,千克,0,?,1524671.0
72299010,高速钢钢丝,14432,千克,0,?,282658.0
72299090,其他合金钢丝,1796189,千克,0,?,5140585.0
73012000,焊接的钢铁角材、型材及异型材,1154150,千克,0,?,1034222.0
73021000,钢轨,620256,千克,0,?,901274.0
73023000,钢铁道岔尖轨、辙叉、尖轨拉杆等叉道段体,4547,千克,0,?,78600.0
73029090,其他铺轨用钢铁材料,30878,千克,0,?,269242.0
73030010,内径≥500mm的圆型截面铸铁管,12918,千克,0,?,18979.0
73030090,其他铸铁管及空心异型材,74544,千克,0,?,397840.0
73041120,不锈钢石油天然气管道管，114.3mm＜外径＜215.9mm,1839,千克,0,?,42450.0
73041130,不锈钢石油天然气管道管，外径≤114.3mm,933,千克,0,?,39342.0
73041190,不锈钢石油天然气管道管，外径＞406.4mm,4,千克,0,?,532.0
73041910,其他钢石油天然气管道管，215.9mm≤外径≤406.4mm,236930,千克,0,?,3088088.0
73041920,其他钢石油天然气管道管，114.3mm＜外径＜215.9mm,32125,千克,0,?,245635.0
73041930,其他钢石油天然气无缝管道管，外径≤114.3mm,18682,千克,0,?,637267.0
73041990,其他钢石油天然气无缝管道管，外径＞406.4mm,13447,千克,0,?,72051.0
73042310,其他钢制钻探石油天然气钻管，外径≤168.3mm,291039,千克,0,?,209942.0
73042400,不锈钢制钻探石油或天然气用无缝套管、导管,505367,千克,0,?,4633549.0
73042920,屈服强度大于等于552兆帕，但小于758兆帕的其他钢铁制钻探石油及天然气用无缝套管、导管,341,千克,0,?,4049.0
73042930,屈服强度大于等于758兆帕的其他钢铁制钻探石油及天然气用无缝套管、导管,4933,千克,0,?,68875.0
73043110,冷拔或冷轧的铁或普通钢的无缝锅炉管,43010,千克,0,?,601190.0
73043120,冷拔或冷轧的铁或普通钢无缝地质钻管、套管,0,千克,0,?,107.0
73043190,未列名冷拔或冷轧铁或普通钢无缝圆形截面管,147967,千克,0,?,1269768.0
73043910,非冷拔或冷轧铁或普通钢无缝锅炉管,180,千克,0,?,17081.0
73043990,未列名非冷拔或冷轧铁或普通钢无缝圆截面管,220285,千克,0,?,582612.0
73044110,冷拔或冷轧的不锈钢无缝锅炉管,1193582,千克,0,?,11314839.0
73044190,未列名冷拔或冷轧的不锈钢无缝圆形截面管,436740,千克,0,?,13535780.0
73044990,未列名非冷拔或冷轧的不锈钢无缝圆形截面管,207959,千克,0,?,2973130.0
73045110,冷拔或冷轧的其他合金钢无缝锅炉管,3974,千克,0,?,36269.0
73045120,冷拔或冷轧的其他合金钢无缝地质钻管、套管,3485,千克,0,?,49187.0
73045190,未列名冷拔或冷轧的合金钢无缝圆形截面管,1761522,千克,0,?,5589222.0
73045910,非冷拔或冷轧的其他合金钢无缝锅炉管,707430,千克,0,?,7616129.0
73045990,未列名非冷拔或冷轧的合金钢无缝圆形截面管,886997,千克,0,?,15809547.0
73049000,其他无缝钢铁管及空心异型材（铸铁的除外）,47266,千克,0,?,342125.0
73051100,纵向埋弧焊石油或天然气管道管，外径≥406.4mm,126465,千克,0,?,2265573.0
73053100,其他纵向焊圆形截面钢铁管，外径≥406.4mm,1313667,千克,0,?,5206518.0
73061100,不锈钢制石油或天然气焊缝管道管,173266,千克,0,?,789580.0
73062900,其他钢铁制钻探石油或天然气套管及导管,6,千克,0,?,394.0
73063011,其他铁圆形截面焊缝管，壁厚≤0.7mm，外径≤10mm,38746,千克,0,?,271612.0
73063019,其他铁圆形截面焊缝管，壁厚＞0.7mm，外径≤10mm,4094,千克,0,?,46153.0
73063090,其他铁圆形截面焊缝管，10mm＜外径≤406.4mm,2463241,千克,0,?,3652808.0
73064000,其他不锈钢圆形截面焊缝管，外径≤406.4mm,358742,千克,0,?,5072231.0
73065000,其他合金钢圆形截面焊缝管，外径≤406.4mm,280642,千克,0,?,631889.0
73066100,矩形或正方形截面的其他焊缝管,947420,千克,0,?,994180.0
73066900,其他非圆形截面的焊缝管,78857,千克,0,?,147725.0
73069000,未列名钢铁管及空心异型材,48048,千克,174864,个,453737.0
73071100,无可锻性铸铁管子附件,62958,千克,0,?,838496.0
73071900,可锻性铸铁及铸钢管子附件,62058,千克,0,?,1590972.0
73072100,不锈钢制法兰,80911,千克,0,?,4600413.0
73072200,不锈钢制螺纹肘管、弯管及管套,37839,千克,0,?,3571735.0
73072300,不锈钢制对焊件,37781,千克,0,?,4265428.0
73072900,不锈钢制其他管子附件,298489,千克,0,?,62551282.0
73079100,其他钢铁制法兰,201742,千克,0,?,4120775.0
73079200,其他钢铁制螺纹肘管、弯管及管套,160495,千克,0,?,2673063.0
73079300,其他钢铁制对焊件,325414,千克,0,?,5184920.0
73079900,未列名钢铁制管子附件,395381,千克,0,?,13990149.0
73081000,钢铁制桥梁及桥梁体段,50,千克,0,?,65.0
73083000,钢铁制门窗及其框架、门槛,140526,千克,0,?,2328362.0
73084000,钢铁制脚手架、模板或坑道支撑用支柱等设备,764238,千克,0,?,1546561.0
73089000,其他钢铁结构体；钢结构体用部件及加工钢材,7282167,千克,0,?,23250585.0
73090000,装物料的钢铁槽、罐、桶等容器，容积＞300L,1598734,千克,8660,个,10730259.0
73101000,盛装物料的钢铁容器，50L≤容积≤300L,232791,千克,6534,个,4485750.0
73102110,"易拉罐及罐体,焊边或卷边接合的",1315,千克,0,?,11310.0
73102190,"其他焊边或卷边接合的钢铁罐,容积＜50l",125520,千克,0,?,2331504.0
73102910,"易拉罐及罐体,非焊边或卷边接合的",0,千克,0,?,22.0
73102990,其他盛装物料用钢铁容器，容积＜50L,58740,千克,0,?,840005.0
73110010,装压缩气体或液化气体的零售包装钢铁容器,26459,千克,0,?,401658.0
73110090,装压缩气体或液化气体的非零售包装钢铁容器,432768,千克,0,?,4932781.0
73121000,非绝缘的钢铁绞股线、绳、缆,3330340,千克,0,?,15973412.0
73129000,非绝缘的钢铁编带、吊索及类似品,592395,千克,0,?,8790251.0
73141200,不锈钢制机器用环形带,1913,千克,0,?,89656.0
73141400,不锈钢制其他机织布,37742,千克,0,?,5793997.0
73141900,其他钢铁丝机织布（包括环形带）,20301,千克,0,?,626959.0
73142000,交点焊接的钢铁丝制粗丝大网眼网篱及格栅,158,千克,0,?,2577.0
73143100,其他钢铁丝制镀或涂锌交点焊接的网篱及格栅,18462,千克,0,?,12660.0
73143900,其他钢铁丝制交点焊接的网、篱及格栅,14592,千克,0,?,186419.0
73144100,镀或涂锌的钢铁丝制布、网、篱及格栅,54236,千克,0,?,135456.0
73144200,涂塑的钢铁丝制布、网、篱及格栅,236,千克,0,?,85372.0
73144900,其他钢铁丝制布、网、篱及格栅,11330,千克,0,?,524626.0
73145000,网眼钢铁板,65332,千克,0,?,359106.0
73151110,自行车用滚子链,36305,千克,0,?,813201.0
73151120,摩托车用滚子链,72113,千克,0,?,634915.0
73151190,其他滚子链,182880,千克,0,?,2710902.0
73151200,其他铰接链（滚子链除外）,339991,千克,0,?,2566953.0
73151900,铰接链的零件,185774,千克,0,?,1412487.0
73152000,防滑链,397,千克,0,?,6399.0
73158100,日字环节链,11057,千克,0,?,156373.0
73158200,其他焊接链,732146,千克,0,?,4175138.0
73158900,未列名钢铁链,93908,千克,0,?,954885.0
73159000,链（铰接链除外）的零件,20510,千克,0,?,545028.0
73160000,钢铁锚、多爪锚及其零件,3820,千克,0,?,53428.0
73170000,钢铁制钉、平头钉、图钉、波纹钉、U形钉（品目8305的货品除外）及类似品，不论钉头是否用其他材料制成，但不包括铜头钉,45096,千克,0,?,1282747.0
73181100,方头螺钉,1857,千克,0,?,99024.0
73181200,其他木螺钉,3719,千克,0,?,37105.0
73181300,钩头螺钉及环头螺钉,82000,千克,0,?,825665.0
73181400,自攻螺钉,703668,千克,0,?,5040380.0
73181510,其他螺钉及螺栓，抗拉强度在800兆帕及以上,4374939,千克,0,?,43874562.0
73181590,其他螺钉及螺栓，抗拉强度在800兆帕以下,1487004,千克,0,?,31274479.0
73181600,螺母,1467117,千克,0,?,38787746.0
73181900,其他钢铁制螺纹制品,116331,千克,0,?,6646271.0
73182100,弹簧垫圈及其他防松垫圈,92044,千克,0,?,4127115.0
73182200,其他垫圈,412007,千克,0,?,18795852.0
73182300,铆钉,156891,千克,0,?,4685584.0
73182400,销及开尾销,586388,千克,0,?,16888644.0
73182900,其他钢铁制无螺纹制品,372198,千克,0,?,10315416.0
73194010,钢铁制安全别针,329,千克,0,?,31273.0
73194090,钢铁制其他别针,1234,千克,0,?,16066.0
73199000,钢铁制的手工缝针、编织针、引针、钩针、刺绣穿孔锥及类似制品,2945,千克,0,?,364054.0
73201010,铁道车辆用钢铁片簧及簧片,3032,千克,0,?,97992.0
73201020,汽车用钢铁片簧及簧片,320734,千克,0,?,2998160.0
73201090,其他钢铁片簧及簧片,61498,千克,0,?,4189895.0
73202010,铁道车辆用钢铁螺旋弹簧,48467,千克,0,?,1253818.0
73202090,其他钢铁螺旋弹簧,1315285,千克,0,?,22883376.0
73209010,铁道车辆用其他钢铁弹簧,1334,千克,0,?,154196.0
73209090,未列名钢铁弹簧,198358,千克,0,?,5142579.0
73211100,用气体等燃料的钢铁制家用炊事器具及加热板,93304,千克,23001,个,1524241.0
73211290,其他用液体燃料钢铁制家用炊事器具及加热板,2818,千克,3776,个,32834.0
73211900,其他钢铁制家用炊事器具及加热板,28044,千克,2564,个,138645.0
73218100,其他使用气体燃料的钢铁制家用器具,35674,千克,2338,个,196035.0
73218200,其他使用液体燃料的钢铁制家用器具,5390,千克,490,个,60713.0
73218900,其他钢铁制家用器具,21912,千克,151,个,145993.0
73219000,品目7321的零件,74823,千克,0,?,517692.0
73221900,非电热的其他钢铁制集中供暖散热器及其零件,11063,千克,0,?,58246.0
73229000,非电热钢铁制空气加热器、暖气分布器及零件,16552,千克,0,?,351412.0
73231000,钢铁丝绒、擦锅器及洗刷擦光块垫、手套等,81,千克,0,?,1123.0
73239100,未搪瓷铸铁制餐桌、厨房等家用器具及其零件,24092,千克,0,?,295502.0
73239200,已搪瓷铸铁制餐桌、厨房等家用器具及其零件,183136,千克,0,?,2720435.0
73239300,不锈钢制餐桌、厨房或其他家用器具及其零件,144320,千克,0,?,3256725.0
73239410,其他已搪瓷钢铁制面盆,1122,千克,0,?,22800.0
73239420,其他已搪瓷钢铁制烧锅,15172,千克,0,?,345315.0
73239490,未列名已搪瓷钢铁制餐桌、厨房家用器具及零件,4176,千克,0,?,124746.0
73239900,其他未搪瓷钢铁餐桌、厨房等家用器具及零件,53184,千克,0,?,435975.0
73241000,不锈钢洗涤槽及脸盆,35505,千克,0,?,306962.0
73242100,铸铁浴缸，不论是否搪瓷,374,千克,0,?,4794.0
73242900,其他钢铁浴缸,112691,千克,0,?,1155993.0
73249000,未列名钢铁制卫生器具，包括零件,21260,千克,0,?,1085010.0
73251010,工业用无可锻性铸铁制品,174819,千克,0,?,2180686.0
73251090,其他无可锻性铸铁制品,1665,千克,0,?,106581.0
73259100,可锻性铸铁及铸钢制研磨机的研磨球及类似品,13,千克,0,?,986.0
73259910,工业用未列名可锻性铸铁及铸钢制品,178509,千克,0,?,1490879.0
73259990,非工业用未列名可锻性铸铁及铸钢制品,12476,千克,0,?,105223.0
73261100,经锻造或冲压的研磨机的研磨球及类似品,25913,千克,0,?,13037.0
73261910,经锻造或冲压的工业用钢铁制品,1082778,千克,0,?,13241171.0
73261990,经锻造或冲压的非工业用钢铁制品,188275,千克,0,?,952612.0
73262010,工业用钢铁丝制品,197824,千克,0,?,1405680.0
73262090,其他钢铁丝制品,319128,千克,0,?,813124.0
73269011,工业用钢铁纤维及其制品,73627,千克,0,?,280147.0
73269019,其他工业用钢铁制品,5900776,千克,0,?,104256939.0
73269090,未列名非工业用钢铁制品,3720604,千克,0,?,33473083.0
74010000,铜锍；沉积铜（泥铜）,8775803,千克,0,?,50035473.0
74020000,未精炼铜；电解精炼用的铜阳极,64475093,千克,0,?,980539290.0
74031111,未锻轧铜含量＞99.9935%的精炼铜阴极,178220041,千克,0,?,2497819648.0
74031119,未锻轧其他精炼铜阴极,29325225,千克,0,?,409393150.0
74031190,未锻轧精炼铜阴极型材,1740852,千克,0,?,23943301.0
74031200,未锻轧的精炼铜线锭,242290,千克,0,?,3168538.0
74031300,未锻轧的精炼铜坯段,621662,千克,0,?,8300284.0
74031900,其他未锻轧的精炼铜,40022803,千克,0,?,544739629.0
74032100,未锻轧的铜锌合金（黄铜）,14763332,千克,0,?,134381263.0
74032200,未锻轧的铜锡合金（青铜）,2514903,千克,0,?,31328629.0
74032900,其他未锻轧的铜合金,16088077,千克,0,?,184773108.0
74040000,铜废料及碎料,177413435,千克,0,?,2111004425.0
74050000,铜母合金,78304,千克,0,?,2584091.0
74061010,精炼铜非片状粉末,47078,千克,0,?,2256031.0
74061020,铜镍合金（白铜）或铜镍锌合金非片状粉末,2023,千克,0,?,85557.0
74061030,铜锌合金（黄铜）非片状粉末,33401,千克,0,?,476506.0
74061040,铜锡合金（青铜）非片状粉末,30048,千克,0,?,893464.0
74061090,其他铜合金非片状粉末,16744,千克,0,?,393320.0
74062010,精炼铜片状粉末,3511,千克,0,?,386605.0
74062090,其他铜合金片状粉末,6607,千克,0,?,127184.0
74071010,铬锆铜制精炼铜条、杆、型材及异型材,62,千克,0,?,4127.0
74071090,其他精炼铜条、杆、型材及异型材,245729,千克,0,?,3952305.0
74072111,铜锌合金（黄铜）条、杆，直线度不大于0.5毫米/米,864232,千克,0,?,7909920.0
74072119,铜锌合金（黄铜）条、杆，直线度大于0.5毫米/米,1295089,千克,0,?,11655358.0
74072190,铜锌合金（黄铜）制型材及异型材,424880,千克,0,?,5675424.0
74072900,其他铜合金条、杆、型材及异型材,91641,千克,0,?,3006738.0
74081100,最大截面尺寸＞6mm的精炼铜丝,4258158,千克,0,?,57616284.0
74081900,其他精炼铜丝,1681463,千克,0,?,32234900.0
74082100,铜锌合金丝,662453,千克,0,?,7281953.0
74082210,铜镍锌铅合金（加铅德银）丝,866,千克,0,?,15591.0
74082290,其他铜镍合金（白铜)或铜镍锌合金（德银）丝,21752,千克,0,?,780599.0
74082900,其他铜合金丝,65521,千克,0,?,2878197.0
74091110,含氧≤10PPM盘卷精炼铜板/片/带，厚＞0.15mm,592751,千克,0,?,11078480.0
74091190,其他盘卷的精炼铜板、片及带，厚度＞0.15mm,1026727,千克,0,?,16339209.0
74091900,其他精炼铜板、片及带，厚＞0.15mm,314343,千克,0,?,5263603.0
74092100,盘卷的铜锌合金板、片及带，厚＞0.15mm,1526453,千克,0,?,21468430.0
74092900,其他铜锌合金板、片及带，厚＞0.15mm,32687,千克,0,?,453200.0
74093100,盘卷的铜锡合金板、片及带，厚＞0.15mm,570686,千克,0,?,10058898.0
74093900,其他铜锡合金板、片及带，厚＞0.15mm,1132,千克,0,?,21665.0
74094000,铜镍、铜镍锌合金板、片及带，厚＞0.15mm,876564,千克,0,?,15481329.0
74099000,其他铜合金板、片及带，厚＞0.15mm,809760,千克,0,?,16398454.0
74101100,无衬背精炼铜箔，厚≤0.15mm,8055676,千克,0,?,192074990.0
74101210,无衬背铜镍合金或铜镍锌合金箔，厚≤0.15mm,382764,千克,0,?,9052475.0
74101290,其他无衬背铜合金箔，厚≤0.15mm,651493,千克,0,?,17802651.0
74102110,印制电路用覆铜板,3448306,千克,0,?,152600244.0
74102190,其他有衬背精炼铜箔，厚度≤0.15mm,260690,千克,0,?,9317183.0
74102210,衬背铜镍，铜镍锌合金箔，厚（除衬背）≤0.15,543,千克,0,?,94973.0
74102290,其他有衬背铜合金箔，厚（衬背除外）≤0.15,1163,千克,0,?,160857.0
74111011,带有螺纹或翅片的精炼铜管，外径≤25mm,104710,千克,0,?,1696927.0
74111019,其他精炼铜管，外径≤25mm,78907,千克,0,?,1491139.0
74111020,外径超过70毫米的精炼铜管,4718321,千克,0,?,70713180.0
74111090,其他精炼铜管，25mm＜外径≤70mm,85201,千克,0,?,683072.0
74112110,盘卷的铜锌合金（黄铜）管,750,千克,0,?,23931.0
74112190,其他铜锌合金（黄铜）管,33693,千克,0,?,946754.0
74112200,铜镍合金或铜镍锌合金管,79787,千克,0,?,1571455.0
74112900,其他铜合金管,57808,千克,0,?,2171335.0
74121000,精炼铜管子附件,13656,千克,0,?,471714.0
74122010,铜镍合金或铜镍锌合金管子附件,46826,千克,0,?,2724539.0
74122090,其他铜合金管子附件,240750,千克,0,?,11704834.0
74130000,非绝缘铜丝绞线、缆、编带及布、网、格栅等,712710,千克,0,?,7450585.0
74151000,铜制或钢铁制带铜头的各种钉,5563,千克,0,?,293598.0
74152100,铜制垫圈（包括弹簧垫圈）,13789,千克,0,?,1835559.0
74152900,其他铜制无螺纹制品,11939,千克,0,?,1654541.0
74153310,铜制木螺钉,101,千克,0,?,1440.0
74153390,铜制其他螺钉；螺栓及螺母,42852,千克,0,?,2558270.0
74153900,其他铜制螺纹制品,14190,千克,0,?,916085.0
74181010,铜制擦锅器及洗刷擦光用块垫、手套及类似品,55,千克,0,?,3563.0
74181020,非电热的铜制家用烹饪器具及其零件,326,千克,0,?,32014.0
74181090,其他餐桌、厨房或其他家用铜制器具及其零件,3122,千克,0,?,110405.0
74182000,铜制卫生器具及其零件,23651,千克,0,?,1376568.0
74192010,铸造、模压、冲压或锻造的铜制链条及其零件,82,千克,0,?,87322.0
74192020,铸造、模压、冲压或锻造的其他工业用铜制品,49123,千克,0,?,2543403.0
74192090,铸造、模压、冲压或锻造的其他非工业用铜制品,3765,千克,0,?,485773.0
74198010,其他铜制链条及其零件,157,千克,0,?,9433.0
74198020,铜弹簧,9170,千克,0,?,3738120.0
74198030,铜丝制的布（包括环形带),198,千克,0,?,13995.0
74198040,铜丝制的网、格栅，网眼铜板,2495,千克,0,?,861216.0
74198050,非电热的铜制家用供暖器具及其零件,1713,千克,0,?,45473.0
74198091,未列名工业用铜制品,245523,千克,0,?,14764777.0
74198099,未列名非工业用铜制品,22943,千克,0,?,2766743.0
75011000,镍锍,33018440,千克,0,?,263318738.0
75012010,镍湿法冶炼中间产品,114869693,千克,0,?,681095231.0
75021010,按重量计镍、钴总量≥99.99%，钴≤0.005％的未锻轧非合金镍,2800371,千克,0,?,47918683.0
75021090,其他未锻轧非合金镍,14185447,千克,0,?,247005089.0
75022000,未锻轧的镍合金,287129,千克,0,?,4018977.0
75030000,镍废料及碎料,43419,千克,0,?,785405.0
75040010,非合金镍粉及片状粉末,366401,千克,0,?,8663514.0
75040020,合金镍粉及片状粉末,54045,千克,0,?,2407081.0
75051100,非合金镍条、杆、型材及异型材,722,千克,0,?,40249.0
75051200,镍合金条、杆、型材及异型材,448378,千克,0,?,16950040.0
75052100,非合金镍丝,284,千克,0,?,114249.0
75052200,镍合金丝,104226,千克,0,?,5134388.0
75061000,非合金镍板、片、带、箔,67570,千克,0,?,2766590.0
75062000,镍合金板、片、带、箔,310284,千克,0,?,11266519.0
75071100,非合金镍管,7478,千克,0,?,602141.0
75071200,镍合金管,74231,千克,0,?,8198700.0
75072000,镍管子附件,11004,千克,0,?,3901913.0
75081010,镍丝布,12001,千克,0,?,761001.0
75081080,工业用镍格栅及网,9631,千克,0,?,1453576.0
75081090,非工业用镍格栅及网,41,千克,0,?,107883.0
75089010,电镀用镍阳极,3083,千克,0,?,119447.0
75089080,其他工业用镍制品,111105,千克,0,?,21115424.0
75089090,其他非工业用镍制品,3408,千克,0,?,9316464.0
76011010,含铝量≥99.95%的未锻轧非合金铝,44060,千克,0,?,571340.0
76011090,含铝量＜99.95%的未锻轧非合金铝,185470732,千克,0,?,592009129.0
76012000,未锻轧的铝合金,71539472,千克,0,?,223080264.0
76020000,铝废料及碎料,141782256,千克,0,?,388768978.0
76031000,铝非片状粉末,451,千克,0,?,64863.0
76032000,铝片状粉末,35586,千克,0,?,797317.0
76041010,非合金铝制条、杆,536,千克,0,?,13858.0
76041090,非合金铝制型材及异型材,479,千克,0,?,6586.0
76042100,铝合金制空心异型材,263159,千克,0,?,2943655.0
76042910,铝合金制条、杆,570135,千克,0,?,4478432.0
76042990,其他铝合金制型材及异型材,668181,千克,0,?,9058668.0
76051100,最大截面尺寸超过7毫米的非合金铝丝,7550576,千克,0,?,24455188.0
76051900,其他非合金铝丝,44482,千克,0,?,1459292.0
76052100,最大截面尺寸超过7毫米的铝合金丝,121688,千克,0,?,811505.0
76052900,其他铝合金丝,117422,千克,0,?,1200702.0
76061121,铝塑复合的非合金铝矩形板、片及带，0.30mm≤厚≤0.36mm,5725,千克,0,?,25231.0
76061129,其他非合金铝矩形板、片及带，0.30mm≤厚≤0.36mm,54806,千克,0,?,310068.0
76061191,其他铝塑复合的非合金铝矩形板、片，厚度＞0.2mm,0,千克,0,?,571.0
76061199,其他非合金铝矩形板、片，厚度＞0.2mm,462823,千克,0,?,3818867.0
76061220,铝合金矩形板、片，0.2mm＜厚＜0.28mm,1880,千克,0,?,20816.0
76061230,铝合金矩形板、片，0.28mm≤厚≤0.35mm,103380,千克,0,?,600157.0
76061251,铝塑复合的铝合金矩形板、片，0.35mm＜厚≤4mm,55030,千克,0,?,216154.0
76061259,其他铝合金矩形板、片，0.35mm＜厚≤4mm,14454897,千克,0,?,73630382.0
76061290,铝合金矩形板、片，厚度＞4mm,816055,千克,0,?,7837326.0
76069100,其他非合金铝板、片及带，厚度＞0.2mm,14266,千克,0,?,339643.0
76069200,其他铝合金板、片及带，厚度＞0.2mm,26981,千克,0,?,270946.0
76071110,轧后未加工无衬背铝箔，厚度≤0.007mm,75081,千克,0,?,810756.0
76071120,轧后未加工无衬背铝箔，0.007mm＜厚≤0.01mm,69501,千克,0,?,807228.0
76071190,轧后未加工无衬背铝箔，0.01mm＜厚≤0.2mm,2226442,千克,0,?,16058587.0
76071900,其他无衬背铝箔,937977,千克,0,?,18873799.0
76072000,有衬背铝箔,1591755,千克,0,?,20575495.0
76081000,非合金铝管,15084,千克,0,?,103960.0
76082010,铝合金管，外径≤10cm,193614,千克,0,?,2276793.0
76082091,铝合金管，壁厚≤25mm，外径＞10cm,24423,千克,0,?,476814.0
76082099,铝合金管，壁厚＞25mm，外径＞10cm,12454,千克,0,?,85353.0
76090000,铝制管子附件（例如，接头、肘管、管套）,56050,千克,0,?,5401265.0
76101000,铝制门窗及其框架、门槛,112004,千克,0,?,1326776.0
76109000,其他铝制结构体；铝结构体用部件及加工铝材,315930,千克,0,?,8763995.0
76110000,铝制槽、罐、桶等容器，容积＞300L,21568,千克,0,?,64260.0
76121000,铝制软管容器,567,千克,0,?,24460.0
76129010,铝制易拉罐及罐体,15354,千克,0,?,187152.0
76129090,其他容积≤300L的盛装物料用铝制容器,48789,千克,0,?,1315472.0
76130010,装压缩气体或液化气体零售包装用铝制容器,4656,千克,0,?,762261.0
76130090,装压缩气体或液化气体非零售包装用铝制容器,5350,千克,0,?,955820.0
76141000,非绝缘的钢芯铝制绞股线、缆、编带及类似品,21760,千克,0,?,28569.0
76149000,其他非绝缘的铝制绞股线、缆、编带及类似品,225,千克,0,?,10341.0
76151090,其他铝制餐桌、厨房或其他家用器具及其零件,330020,千克,0,?,2622030.0
76152000,铝制卫生器具及其零件,1931,千克,0,?,86453.0
76161000,铝制钉、螺钉、螺栓、螺母、铆钉等紧固件,92869,千克,0,?,9779578.0
76169100,铝丝制布、网、篱及格栅,2110,千克,0,?,595349.0
76169910,其他工业用铝制品,1240811,千克,0,?,77945548.0
76169990,其他非工业用铝制品,244509,千克,0,?,13691707.0
78011000,未锻轧的精炼铅,9178507,千克,0,?,18613544.0
78019100,按重量计所含其他元素是以锑为主的未锻轧铅,9572302,千克,0,?,21793694.0
78019900,其他未锻轧铅,15800642,千克,0,?,34411514.0
78041100,铅片、带及厚度（衬背除外）≤0.2mm的箔,1471,千克,0,?,130583.0
78041900,铅板,242,千克,0,?,19083.0
78042000,铅粉及片状粉末,50645,千克,0,?,103236.0
78060010,铅条、杆、型材及异型材或丝,409,千克,0,?,32761.0
78060090,其他铅制品,81258,千克,0,?,564545.0
79011110,含锌量≥99.995%的未锻轧非合金锌,1978336,千克,0,?,7512379.0
79011200,含锌量低于99.99%的未锻轧非合金锌,411354,千克,0,?,1361172.0
79012000,未锻轧锌合金,2265911,千克,0,?,8089815.0
79031000,锌末,176839,千克,0,?,711142.0
79039000,锌粉及片状粉末,31642,千克,0,?,242696.0
79040000,锌条、杆、型材及异型材或丝,27584,千克,0,?,177439.0
79050000,锌板、片、带、箔,195944,千克,0,?,1877367.0
79070020,锌制管及管子附件（例如，接头、肘管、管套）,6555,千克,0,?,116476.0
79070090,其他锌制品,114534,千克,0,?,3073730.0
80011000,未锻轧的非合金锡,2746849,千克,0,?,147932182.0
80012021,按重量计含铅量＜0.1%的未锻轧的焊锡,9664,千克,0,?,552021.0
80012029,其他未锻轧的焊锡,259060,千克,0,?,8879018.0
80012090,其他未锻轧的锡合金,576715,千克,0,?,22169196.0
80030000,锡条、杆、型材及异型材或丝,53434,千克,0,?,3866200.0
80070020,锡板、片及带，厚度＞0.2mm,1642,千克,0,?,374921.0
80070030,锡箔，厚（除衬背）≤0.2mm；锡粉及片状粉末,14892,千克,0,?,1104533.0
80070040,锡制管及管子附件（例如，接头、肘管、管套）,56,千克,0,?,27933.0
80070090,未列名锡制品,39812,千克,0,?,3229618.0
81011000,钨粉,583,千克,0,?,201536.0
81019400,未锻轧钨，包括简单烧结成的条、杆,1,千克,0,?,877.0
81019600,钨丝,691,千克,0,?,770141.0
81019910,钨条、杆、型材及钨制异型材、板、片、带、箔,1011,千克,0,?,833562.0
81019990,其他钨制品,2089,千克,0,?,3450729.0
81021000,钼粉,4,千克,0,?,459.0
81029400,未锻轧钼，包括简单烧结成的条、杆,22273,千克,0,?,1315499.0
81029500,钼条、杆、型材及异型材，板、片、带、箔,14792,千克,0,?,1351578.0
81029600,钼丝,4348,千克,0,?,717314.0
81029900,其他钼制品,1422,千克,0,?,1017111.0
81032011,松装密度＜2.2g/cm3的钽粉,300,千克,0,?,406180.0
81032019,其他钽粉,1,千克,0,?,1709.0
81032090,其他未锻轧钽，包括简单烧结成条、杆,4,千克,0,?,12000.0
81033000,钽废料及碎料,19292,千克,0,?,470171.0
81039911,直径小于0.5毫米的钽丝,0,千克,0,?,4653.0
81039919,直径在0.5毫米及以上的钽丝,1,千克,0,?,4778.0
81039990,未列名锻轧钽及其制品,4061,千克,0,?,3833943.0
81041900,其他未锻轧镁,7,千克,0,?,1554.0
81049020,镁制品,1342,千克,0,?,89386.0
81052010,钴湿法冶炼中间产品,7875596,千克,0,?,122035216.0
81052020,未锻轧钴,1011301,千克,0,?,52336647.0
81052090,其他钴锍及冶炼钴时所得的中间产品；钴粉末,14709,千克,0,?,1354832.0
81059000,锻轧钴及钴制品,82371,千克,0,?,7734643.0
81069010,按重量计铋含量在99.99%及以下的未锻轧铋、废料及碎料、粉末,11896,千克,0,?,342379.0
81069090,按重量计铋含量在99.99%及以下的锻轧铋及铋制品,502,千克,0,?,55885.0
81082029,其他未锻轧钛,1606,千克,0,?,173396.0
81082030,钛粉末,36773,千克,0,?,559287.0
81089010,钛条、杆、型材及异型材,115419,千克,0,?,5000851.0
81089020,钛丝,145025,千克,0,?,6656848.0
81089031,厚度≤0.8mm的钛板、片、带、箔,91084,千克,0,?,1671448.0
81089032,厚度＞0.8mm的钛板、片、带,74304,千克,0,?,3305476.0
81089040,钛管,6451,千克,0,?,2496895.0
81089090,其他锻轧钛及钛制品,48922,千克,0,?,55476360.0
81092900,其他未锻轧锆及粉末,221,千克,0,?,92705.0
81099100,按重量计铪与锆之比低于1:500的锻轧锆及锆制品,8076,千克,0,?,998006.0
81099900,其他锻轧锆及锆制品,349,千克,0,?,116942.0
81101010,未锻轧锑,7,千克,0,?,14112.0
81109000,其他锑及锑制品,4,千克,0,?,5814.0
81110090,锻轧锰及锰制品,1011,千克,0,?,19110.0
81121200,未锻轧铍；铍粉末,2014,千克,0,?,1913262.0
81122100,未锻轧铬；铬粉末,60207,千克,0,?,970601.0
81122900,锻轧铬及铬制品,10659,千克,0,?,234745.0
81124100,未锻轧铼；铼废料及碎料；铼粉末,0,千克,0,?,252.0
81124900,锻轧铼及铼制品,0,千克,0,?,342.0
81126910,未锻轧镉；镉粉末,60538,千克,0,?,229716.0
81129210,未锻轧的锗；锗废料及碎料；锗粉末,0,千克,0,?,1266.0
81129220,未锻轧的钒；钒废料及碎料；钒粉末,2347,千克,0,?,383935.0
81129230,未锻轧的铟；铟废料及碎料；铟粉末,499,千克,0,?,453374.0
81129240,未锻轧的铌；铌废料及碎料；铌粉末,69766,千克,0,?,5340501.0
81129290,未锻轧的镓；镓废料及碎料；镓粉末,16,千克,0,?,143300.0
81129910,锻轧的锗及其制品,0,千克,0,?,10361.0
81129920,锻轧的钒及其制品,10450,千克,0,?,133049.0
81129930,锻轧的铟及其制品,1710,千克,0,?,2092395.0
81129940,锻轧的铌及其制品,3980,千克,0,?,239745.0
81130010,金属陶瓷颗粒；金属陶瓷粉末,6490,千克,0,?,1766723.0
81130090,其他金属陶瓷及其制品，包括废料及碎料,158222,千克,0,?,32329823.0
82011000,锹及铲,20784,千克,131851,把,37549.0
82013000,镐、锄及耙,20542,千克,60293,把,37181.0
82014000,斧子、钩刀及类似砍伐工具,54857,千克,63820,把,113932.0
82015000,修枝剪及类似的单手操作剪刀（包括家禽剪）,10481,千克,68771,把,95153.0
82016000,树篱剪、双手修枝剪及类似双手操作剪刀,14105,千克,35716,把,83790.0
82019090,其他用于农业、园艺或林业未列名手工工具,3362,千克,8125,把,37773.0
82021000,手工锯,6216,千克,24596,把,78257.0
82022010,双金属带锯条,21734,千克,0,?,618948.0
82022090,其他带锯片,56737,千克,0,?,1142547.0
82023100,带有钢制工作部件的圆锯片,28867,千克,0,?,552086.0
82023910,带有天然或合成金刚石、立方氮化硼制的圆锯片及部件,17109,千克,0,?,3336458.0
82023990,未列名圆锯片，包括部件,361013,千克,0,?,2082152.0
82024000,链锯条,201188,千克,0,?,3976941.0
82029110,机械锯用锯金属的直锯片,13797,千克,0,?,449793.0
82029190,其他锯金属的直锯片,1245,千克,0,?,75060.0
82029910,其他机械锯用锯片,20346,千克,0,?,1172239.0
82029990,未列名锯片,10461,千克,0,?,137566.0
82031000,钢锉、木锉及类似工具,13564,千克,396743,把,392715.0
82032000,钳子（包括剪钳）、镊子及类似工具,729249,千克,6198711,把,5206886.0
82033000,白铁剪及类似工具,51272,千克,285696,把,243302.0
82034000,切管器、螺栓切头器、打孔冲及类似手工工具,119394,千克,339428,把,225898.0
82041100,固定的手动扳手及扳钳,1367826,千克,13278912,把,7108188.0
82041200,可调的手动扳手及扳钳,308858,千克,1062593,把,1488268.0
82042000,可互换的扳手套筒，不论是否带手柄,1616552,千克,19496483,套,4849433.0
82051000,钻孔或攻丝工具,2618,千克,16143,个,125008.0
82052000,锤子,76764,千克,175337,个,204288.0
82053000,木工刨子、凿子及类似切削工具,27898,千克,313689,个,113909.0
82054000,螺丝刀,123205,千克,3166711,个,1813741.0
82055100,其他家用手工工具,50287,千克,908349,个,797834.0
82055900,其他手工工具,128844,千克,9412902,个,4783253.0
82056000,喷灯,257,千克,646,个,17823.0
82057000,台钳、夹钳及类似品,24744,千克,160867,个,311518.0
82059000,砧、轻便锻炉；带支架的手摇或脚踏砂轮；由本品目项下两个或多个子目所列物品组成的成套货品,6069,千克,0,?,1397399.0
82060000,8202至8205中不同编码工具组成的零售套装件,32581,千克,0,?,2495121.0
82071300,带有金属陶瓷制工作部件的凿岩或钻探工具,24243,千克,0,?,377186.0
82071910,带金刚石、立方氮化硼工作部件凿岩钻探工具,4730,千克,0,?,416893.0
82071990,其他凿岩或钻探工具,111712,千克,0,?,1662785.0
82072010,带金刚石、立方氮化硼部件金属拉拔或挤压模,733,千克,16628,套,266429.0
82072090,其他材料制工作部件的金属拉拔或挤压用模,35548,千克,469597,套,2223000.0
82073000,锻压或冲压工具,1051666,千克,0,?,24847894.0
82074000,攻丝工具,58203,千克,1668507,件,12837957.0
82075010,超硬材料制工作部件的钻孔工具,607,千克,6127,件,328132.0
82075090,其他材料制工作部件的钻孔工具,257809,千克,20594348,件,17465783.0
82076010,超硬材料制工作部件的镗孔或铰孔工具,717,千克,1350,件,598699.0
82076090,其他材料制工作部件的镗孔或铰孔工具,23532,千克,8387615,件,3051282.0
82077010,带有天然或合成金刚石、立方氮化硼制工作部件的铣削工具,1219,千克,4104,件,939771.0
82077090,其他铣削工具,49903,千克,10337235,件,14590881.0
82078010,带有天然或合成金刚石、立方氮化硼制工作部件的车削工具,163,千克,13210,件,378545.0
82078090,其他车削工具,15481,千克,298427,件,2451876.0
82079010,超硬材料制工作部件的未列名可互换工具,2817,千克,25334,件,1997856.0
82079090,其他材料制工作部件的未列名可互换工具,319543,千克,21606382,件,5573362.0
82081011,经镀或涂层的硬质合金制的金工机械用刀及片,68567,千克,0,?,42996791.0
82081019,其他硬质合金制的金工机械用刀及片,33886,千克,0,?,10957926.0
82081090,其他金工机械用刀及刀片,4916,千克,0,?,1482596.0
82082000,木工机械用刀及刀片,22195,千克,0,?,402340.0
82083000,厨房器具或食品工业机器用的刀及刀片,21960,千克,0,?,1117643.0
82084000,农业、园艺或林业机器用的刀及刀片,53009,千克,0,?,952372.0
82089000,未列名机器或机械器具的刀及刀片,190144,千克,0,?,12874077.0
82090010,未装配的工具用金属陶瓷板,1196,千克,0,?,481477.0
82090021,晶粒度小于0.8微米的未装配的工具用金属陶瓷条、杆,16135,千克,0,?,6172113.0
82090029,晶粒度不小于0.8微米的未装配的工具用金属陶瓷条、杆,6148,千克,0,?,1937359.0
82090030,未装配的工具用金属陶瓷刀头,19322,千克,0,?,7186624.0
82090090,其他未装配的工具用金属陶瓷板、杆、刀头的类似品,16327,千克,0,?,8245454.0
82100000,加工调制食品或饮料手动机械器具，重≤10kg,1266,千克,1795,台,116795.0
82111000,成套的刀,1509,千克,4065,套,71866.0
82119100,刃面固定的餐刀,2780,千克,52574,把,67920.0
82119200,其他刃面固定的刀,35257,千克,415177,把,811664.0
82119300,刃面不固定的刀,10555,千克,191390,把,1149562.0
82119400,品目8211所列刀的刀片,72218,千克,0,?,882177.0
82119500,贱金属制刀柄,3632,千克,0,?,174380.0
82121000,剃刀,71520,千克,6684283,把,1127482.0
82122000,安全刀片，包括未分开的刀片条,94876,千克,172285124,片,6645078.0
82129000,其他剃刀零件,27400,千克,0,?,1224243.0
82130000,剪刀、裁缝剪刀及类似品、剪刀片,59167,千克,0,?,995388.0
82141000,裁纸刀、开信刀、改错刀、铅笔刀及其刀片,8279,千克,0,?,156170.0
82142000,修指甲及修脚用具（包括指甲锉）,24815,千克,0,?,932135.0
82149000,未列名利口器,4752,千克,0,?,184911.0
82151000,成套厨房或餐桌用具，至少其中一件镀贵金属,1469,千克,0,?,224172.0
82152000,其他成套的餐匙、餐叉、勺等厨房或餐桌用具,4793,千克,0,?,175290.0
82159100,其他镀贵金属的餐匙、餐叉等厨房或餐桌用具,233,千克,0,?,42093.0
82159900,其他餐匙、餐叉、勺等类似的厨房或餐桌用具,18921,千克,0,?,445465.0
83011000,挂锁,1920,千克,13180,把,158967.0
83012010,机动车用中央控制门锁,105447,千克,168463,套,3275664.0
83012090,机动车用其他锁,176918,千克,301365,套,10442162.0
83013000,家具用锁,3300,千克,24859,个,295165.0
83014000,未列名锁,115804,千克,321650,个,7458073.0
83015000,带锁的扣环及扣环框架,3496,千克,0,?,114919.0
83016000,锁的零件,436616,千克,0,?,8050442.0
83017000,钥匙,20113,千克,0,?,953250.0
83021000,贱金属制铰链（折叶）,1079748,千克,0,?,15629269.0
83022000,贱金属制小脚轮,134140,千克,0,?,1884819.0
83023000,其他机动车辆用的贱金属制附件及架座,215793,千克,0,?,1801985.0
83024100,建筑用其他贱金属制附件及架座,667235,千克,0,?,8262777.0
83024200,家具用其他贱金属制附件及架座,936747,千克,0,?,6568139.0
83024900,鞍具、衣箱、盒子等其他贱金属制附件及架座,343442,千克,0,?,14693638.0
83025000,贱金属制帽架、帽钩、托架及类似品,117057,千克,0,?,922439.0
83026000,贱金属制自动闭门器,119362,千克,443227,个,1395512.0
83030000,装甲加强的贱金属保险箱、柜、库门及钱箱等,145805,千克,737,个,423769.0
83040000,贱金属档案柜、文件篮、笔盘等办公用具,623,千克,0,?,21363.0
83051000,贱金属制活页夹或卷宗夹的附件,15821,千克,0,?,43497.0
83052000,贱金属制成条钉书钉,19526,千克,0,?,250674.0
83059000,贱金属信夹、文件夹、索引标签等办公用品,3607,千克,0,?,29353.0
83061000,非电动的贱金属铃、钟、锣及类似品,7305,千克,0,?,114242.0
83062100,镀贵金属的雕塑像及其他装饰品,1767,千克,0,?,51404.0
83062910,景泰蓝的雕塑像及其他装饰品,3,千克,0,?,1089.0
83062990,未列名贱金属雕塑像及其他装饰品,180908,千克,0,?,2204808.0
83063000,贱金属的相框、画框及类似框架和镜子,6097,千克,0,?,203223.0
83071000,钢铁制软管，不论是否有附件,111562,千克,0,?,9878771.0
83079000,其他贱金属制软管，不论是否有附件,7717,千克,0,?,841710.0
83081000,贱金属制钩、环、眼,135863,千克,0,?,3213104.0
83082000,贱金属制的管形铆钉及开口铆钉,68741,千克,0,?,3303187.0
83089000,"其他贱金属制扣及类似品,珠子及亮晶片,包括零件",23599,千克,0,?,3101322.0
83091000,贱金属制冠形瓶塞,2,千克,0,?,455.0
83099000,贱金属制其他塞、盖、帽、封志等包装用附件,244840,千克,0,?,7044477.0
83100000,贱金属标志牌、铭牌、地名牌、号码等标志,21452,千克,0,?,3741136.0
83111000,焊剂涂面的贱金属电极，电弧焊用,521756,千克,0,?,5231427.0
83112000,焊剂为芯的贱金属制焊丝，电弧焊用,752145,千克,0,?,5153353.0
83113000,焊剂涂面或做芯贱金属条或丝，钎焊或气焊用,444214,千克,0,?,4088199.0
83119000,其他贱金属焊条等；贱金属粉制金属喷镀丝条,120349,千克,0,?,614197.0
84013010,未辐照燃料元件（释热元件）,41809,千克,0,?,55980765.0
84014020,堆内构件,0,千克,14,台,280.0
84014090,其他核反应堆零件,28454,千克,923,台,28088041.0
84021200,蒸发量≤45吨/时的水管锅炉,5,台,139298,千克,3264824.0
84021900,未列名蒸汽锅炉，包括混合式锅炉,27,台,553222,千克,3129983.0
84029000,蒸汽及过热水锅炉零件,96431,千克,0,?,3064918.0
84031010,家用型集中供暖用的热水锅炉,4256,台,163801,千克,4009000.0
84031090,其他集中供暖用的热水锅炉,412,台,37461,千克,685715.0
84039000,集中供暖用的热水锅炉零件,233734,千克,0,?,2257857.0
84041010,蒸汽锅炉和过热水锅炉的辅助设备,167961,千克,0,?,5396466.0
84041020,集中供暖用锅炉的辅助设备,142,千克,0,?,4463.0
84042000,水蒸汽或其他蒸汽动力装置的冷凝器,63091,千克,0,?,2562277.0
84049010,84041020所列设备的零件,3637,千克,0,?,122512.0
84049090,84041010、84042000所列设备的零件,1107,千克,0,?,62223.0
84051000,煤气发生器；乙炔发生器等水解气体发生器,6276,千克,0,?,1008930.0
84059000,煤气发生器及乙炔发生器等的零件,2500,千克,0,?,355344.0
84068200,输出功率≤40兆瓦的汽轮机,20,台,107580,千克,2958310.0
84069000,汽轮机零件,997880,千克,0,?,23376882.0
84071010,功率≤298kw航空器用点燃式活塞内燃机,44,台,4190,千克,1782770.0
84072100,船用舷外点燃往复或旋转式活塞内燃发动机,2630,台,324785,千克,11547440.0
84072900,船舶用其他点燃往复或旋转式活塞内燃机,12,台,800,千克,26014.0
84073100,车用往复活塞发动机，排量≤50ml,11,台,336,千克,4221.0
84073200,车用往复活塞发动机，50ml＜排量≤250ml,48,台,1335,千克,74978.0
84073300,车用往复活塞发动机，250ml＜排量≤1000ml,321,台,17699,千克,383419.0
84073410,3000ml≥排量＞1000ml车用往复式活塞发动机,10129,台,1708081,千克,46078251.0
84073420,排量＞3000ml车辆用往复式活塞发动机,142,台,33156,千克,804283.0
84079090,未列名点燃式活塞内燃发动机,16768,台,865471,千克,18830374.0
84081000,船舶用柴油机,156,台,8476313,千克,120601037.0
84082010,车用柴油机，P≥132.39kw（180hp）,475,台,482199,千克,11670754.0
84082090,其他车辆用柴油机,634,台,184755,千克,2494786.0
84089010,机车用柴油机,6,台,6502,千克,181115.0
84089091,其他输出功率≤14kw的压燃式活塞内燃发动机,6851,台,529288,千克,7177219.0
84089092,其他14kw＜输出功率＜132.39kw压燃活塞内燃机,17939,台,4557220,千克,53901334.0
84089093,其他输出功率≥132.39kw的压燃活塞内燃机,4810,台,6395710,千克,108417621.0
84091000,航空器发动机零件,1598,千克,0,?,1803788.0
84099110,船舶用点燃式活塞内燃发动机的零件,56985,千克,0,?,1546438.0
84099191,电控燃油喷射装置,10052,千克,279203,套,1337861.0
84099199,其他点燃式活塞内燃发动机的零件,2310996,千克,0,?,86585379.0
84099910,船舶用柴油机的零件,1955296,千克,0,?,58845785.0
84099920,机车用柴油机的零件,6823,千克,0,?,1187277.0
84099991,P≥132.39kw（180hp）柴油机的零件,1959349,千克,0,?,55875108.0
84099999,未列名柴油机的零件,1272052,千克,0,?,17157490.0
84109010,水轮机及水轮的调节器,84,千克,8,套,75257.0
84109090,其他水轮机及水轮的零件,70,千克,0,?,387.0
84111210,涡轮风扇喷气发动机，推力＞25kN,48,台,188828,千克,676395743.0
84111290,其他涡轮喷气发动机，推力＞25kN,1,台,1200,千克,5015.0
84112100,涡轮螺桨发动机，P≤1100kw,1,台,158,千克,412139.0
84118100,其他燃气轮机，P≤5000kw,11,台,7342,千克,6179965.0
84118200,其他燃气轮机，P＞5000kw,3,台,416006,千克,6385473.0
84119100,涡轮喷气发动机或涡轮螺桨发动机的零件,298627,千克,0,?,1009143574.0
84119910,涡轮轴发动机用零件,2308,千克,0,?,8413889.0
84119990,未列名燃气轮机的零件,125612,千克,0,?,55945138.0
84122100,直线作用（液压缸）的液压动力装置,92829,台,1176056,千克,36944302.0
84122910,液压马达,23451,台,925980,千克,18520876.0
84122990,其他液压动力装置,5552,台,1036946,千克,46259099.0
84123100,直线作用（气压缸）的气压动力装置,334813,台,282543,千克,19086648.0
84123900,其他气压动力装置,44621,台,166977,千克,15449808.0
84128000,未列名发动机及动力装置,230273,台,55964,千克,2287240.0
84129010,航空器及航天器喷气发动机的零件,456,千克,0,?,1087900.0
84129090,8412其他发动机及动力装置的零件,982319,千克,0,?,43134014.0
84131100,分装燃料或润滑油的计量泵，加油站或车库用,392,台,1705,千克,20878.0
84131900,其他装有或可装计量装置的液体泵,173795,台,144612,千克,15279515.0
84132000,手泵，但装有或可装计量装置者除外,2238096,台,60120,千克,2339320.0
84133021,输出P≥132.39kw（180hp）活塞式内燃发动机用燃油泵,53269,台,321104,千克,18606406.0
84133029,其他活塞式内燃发动机的燃油泵,408298,台,258889,千克,10961541.0
84133030,活塞式内燃发动机的润滑油泵,115713,台,228925,千克,6829706.0
84133090,活塞式内燃发动机用冷却剂泵,124946,台,143467,千克,6329980.0
84134000,混凝土泵,6,台,7988,千克,234059.0
84135010,气动往复式排液泵,9551,台,78701,千克,7839143.0
84135020,电动往复式排液泵,364135,台,668420,千克,42190124.0
84135031,液压往复式柱塞泵,5064,台,142882,千克,5030681.0
84135039,其他液压往复式排液泵,47464,台,109916,千克,5106238.0
84135090,未列名往复式排液泵,3105,台,129986,千克,2383880.0
84136021,电动回转式齿轮泵,133054,台,277477,千克,17630867.0
84136022,液压回转式齿轮泵,18437,台,93764,千克,3465104.0
84136029,其他回转式齿轮泵,101941,台,178332,千克,3498926.0
84136031,电动回转式叶片泵,25336,台,73709,千克,2780128.0
84136032,液压回转式叶片泵,18216,台,54601,千克,1189199.0
84136039,其他回转式叶片泵,51852,台,44623,千克,1542655.0
84136040,回转式螺杆泵,4748,台,246306,千克,12231929.0
84136050,回转式径向柱塞泵,28914,台,63460,千克,2817302.0
84136060,回转式轴向柱塞泵,41611,台,692214,千克,20402071.0
84136090,其他回转式排液泵,37662,台,45386,千克,3279815.0
84137010,转速≥10000转/分的离心泵,9934,台,22324,千克,3300506.0
84137091,转速＜10000转/分的离心电动潜油泵及潜水泵,8080,台,180176,千克,8953224.0
84137099,转速＜10000转/分的其他离心泵,275066,台,3158851,千克,99418995.0
84138100,未列名液体泵,6713,台,137478,千克,7162972.0
84138200,液体提升机,5,台,10,千克,1001.0
84139100,液体泵零件,1897518,千克,0,?,73811921.0
84139200,液体提升机零件,65,千克,0,?,6071.0
84141000,真空泵,234245,台,1219815,千克,78599833.0
84142000,手动或脚踏式空气泵,38992,台,7922,千克,278248.0
84143011,冷藏、冷冻箱压缩机，电动机额定功率≤0.4kw,70208,台,329880,千克,1536519.0
84143012,0.4kw＜电动机额定功率≤5kw的冷藏或冷冻箱用压缩机,7876,台,179986,千克,1463366.0
84143013,0.4kw＜电动机额定功率≤5kw的空气调节器用压缩机,59474,台,774669,千克,11278793.0
84143014,电动机额定功率＞5kw的空气调节器用压缩机,61197,台,963633,千克,16550764.0
84143015,电动机额定功率＞5kw的冷藏或冷冻箱用压缩机,2085,台,330024,千克,3960554.0
84143019,电机驱动的其他制冷设备用压缩机,21680,台,365536,千克,6322499.0
84143090,非电动机驱动的制冷设备用压缩机,91585,台,471911,千克,8857400.0
84144000,装在拖车底盘上的空气压缩机,16,台,1304,千克,6606.0
84145110,输出功率≤125瓦的吊扇,42340,台,168464,千克,889671.0
84145120,输出功率≤125瓦的换气扇,3498,台,708,千克,49794.0
84145130,输出功率≤125瓦的具有旋转导风轮的风扇,13,台,15,千克,3226.0
84145191,输出功率≤125瓦的台扇,3027,台,10772,千克,94587.0
84145192,输出功率≤125瓦的落地扇,16674,台,77989,千克,506415.0
84145193,输出功率≤125瓦的壁扇,50,台,91,千克,68266.0
84145199,输出功率≤125瓦的未列名风机、风扇,140790,台,72314,千克,1144489.0
84145920,其他换气扇,183,台,35404,千克,496283.0
84145930,离心通风机,466715,台,401185,千克,12038680.0
84145990,未列名风机、风扇,7988681,台,1613972,千克,92495796.0
84146010,抽油烟机，罩平面最大边长≤120cm,2203,台,46323,千克,1384255.0
84146090,其他罩平面最大边长≤120cm通风、循环气罩,1714,台,12495,千克,1133686.0
84148020,二氧化碳压缩机,88,台,14247,千克,247365.0
84148030,发动机用增压器（涡轮增压器除外）,65205,台,810161,千克,36061951.0
84148041,螺杆空压机,178,台,128561,千克,3389676.0
84148049,未列名空气及其他气体压缩机,24291,台,2490490,千克,157684601.0
84148090,其他空气泵，通风罩、循环气罩,709810,台,231601,千克,11747166.0
84149011,84143011至84143014、84143090的压缩机进、排气阀片,6906,千克,0,?,428517.0
84149019,84143011至84143014及84143090所列机器的其他零件,629416,千克,0,?,10314522.0
84149020,编码84145110至84145199及子目841460所列机器的零件,52740,千克,0,?,662394.0
84149090,8414所列其他机器的零件,1967053,千克,0,?,70536509.0
84151010,独立窗式、壁式、置于天花板或地板上的空气调节器,602,台,20862,千克,262806.0
84151021,制冷量≤4000大卡/时的分体窗式、壁式、置于天花板或地板上的空气调节器,66,台,3323,千克,137076.0
84151022,制冷量＞4000大卡/时的分体窗式、壁式、置于天花板或地板上的空气调节器,15,台,752,千克,60336.0
84152000,机动车辆上供人使用的空气调节器,2672,台,61185,千克,2313627.0
84158110,装冷热换向阀空调器，制冷量≤4000大卡/时,266,台,3100,千克,86731.0
84158120,装冷热换向阀空调器，制冷量＞4000大卡/时,22,台,16337,千克,564883.0
84158210,其他空气调节器，制冷量≤4000大卡/时,1144,台,22883,千克,225663.0
84158220,其他空气调节器，制冷量＞4000大卡/时,399,台,122182,千克,2836439.0
84158300,未装有制冷装置的空气调节器,169,台,48812,千克,1114164.0
84159010,84151010、84151021、84158110、84158210所列设备的零件,131791,千克,0,?,4774599.0
84159090,84151022、84152000、84158120、84158220及84158300设备的零件,739794,千克,0,?,22034885.0
84161000,使用液体燃料的炉用燃烧器,69319,千克,793,台,2313592.0
84162011,使用天然气的炉用燃烧器,74712,千克,2849,台,4548274.0
84162019,使用其他气体燃料的炉用燃烧器,13377,千克,26,台,511795.0
84162090,使用粉状固体燃料的炉用燃烧器,717,千克,1,台,70304.0
84169000,品目8416的零件,28082,千克,0,?,1443788.0
84172000,面包房用烤炉及烘箱，包括做饼干用的,1,台,310,千克,4212.0
84178050,垃圾焚烧炉,13,台,66207,千克,454517.0
84178090,未列名非电热的工业或实验室用炉及烘箱,34,台,119652,千克,3291205.0
84179090,品目84.17其他设备的零件,16563,千克,0,?,476779.0
84181010,容积超过500升的冷藏－冷冻组合机，各自装有单独外门或抽屉，或其组合,614,台,82476,千克,1103050.0
84181020,容积超过200升，但不超过500升的冷藏－冷冻组合机，各自装有单独外门或抽屉，或其组合,1675,台,114040,千克,1325385.0
84181030,容积不超过200升的冷藏－冷冻组合机，各自装有单独外门或抽屉，或其组合,155,台,4151,千克,60531.0
84182110,容积＞150L的压缩式家用型冷藏箱,3187,台,223843,千克,3662291.0
84182120,50L＜容积≤150L的压缩式家用型冷藏箱,6201,台,120013,千克,616644.0
84182130,容积≤50L的压缩式家用型冷藏箱,215,台,2108,千克,60958.0
84182910,半导体制冷式家用型冷藏箱,321,台,3432,千克,12565.0
84183010,T≤-40℃的柜式冷冻箱，容积≤800L,29,台,3401,千克,169708.0
84183021,T＞-40℃的柜式冷冻箱，500L＜容积≤800L,2,台,160,千克,2598.0
84183029,T＞-40℃的柜式冷冻箱，容积≤500L,1252,台,36420,千克,97139.0
84184010,T≤-40℃的立式冷冻箱，容积≤900L,139,台,35491,千克,629931.0
84184021,T＞-40℃的立式冷冻箱，500L＜容积≤900L,46,台,8171,千克,182668.0
84184029,T＞-40℃的立式冷冻箱，容积≤500L,2471,台,171357,千克,2624262.0
84185000,用于存储和展示的其他冷藏或冷冻设备,1090,台,61078,千克,1269412.0
84186120,压缩式热泵,151,台,11646,千克,174985.0
84186190,其他热泵,5,台,16,千克,1164.0
84186920,其他制冷机组,7236,台,2698683,千克,52374955.0
84186990,未列名制冷设备,17177,台,344023,千克,13558573.0
84189100,冷藏或冷冻设备专用的特制家具,200,千克,0,?,8286.0
84189910,制冷机组及热泵的零件,81124,千克,0,?,3566716.0
84189991,T≤-40℃的冷冻设备的零件,3967,千克,0,?,1060636.0
84189992,T＞-40℃，容积＞500L的冷藏或冷冻设备零件,86974,千克,0,?,940187.0
84189999,品目8418设备的未列名零件,130246,千克,0,?,5558232.0
84191100,燃气快速热水器,10714,台,165556,千克,2661049.0
84192000,医用或实验室用消毒器具,64,台,27674,千克,2001714.0
84193390,其他冷冻干燥装置、冷冻干燥单元和喷雾式干燥器,61,台,8549,千克,502703.0
84193400,其他农产品干燥器,15,台,59054,千克,1012342.0
84193500,其他木材、纸浆、纸或纸板干燥器,20,台,137267,千克,2824964.0
84193990,未列名干燥器,1416,台,284053,千克,8957013.0
84194020,精馏塔,2,台,1060,千克,111672.0
84194090,其他蒸馏或精馏设备,93,台,14592,千克,2078040.0
84195000,热交换装置,72776,台,2159941,千克,104994844.0
84196019,其他制氧机,136,台,136,千克,76669.0
84196090,未列名液化空气或其他气体的机器,3,台,60497,千克,5594546.0
84198100,加工热饮料或烹调、加热食品的机器设备,2304,台,387479,千克,18273456.0
84198990,未列名利用温度变化处理材料的机器、装置等,1383133,台,1131846,千克,157875888.0
84199010,热水器零件,83034,千克,0,?,1399417.0
84199090,品目8419其他设备的零件,737421,千克,0,?,27242115.0
84201000,砑光机或其他滚压机器,63,台,291519,千克,9403095.0
84209100,滚筒,176,个,615983,千克,12187133.0
84209900,砑光机或其他滚压机器的未列名零件,108769,千克,0,?,5900689.0
84211210,干衣量≤10公斤的干衣机,88,台,5533,千克,122721.0
84211290,干衣量＞10公斤的干衣机,5,台,398,千克,12963.0
84211910,脱水机,24,台,720,千克,31193.0
84211920,固液分离机,68,台,397154,千克,16867484.0
84211990,未列名离心机，包括离心干燥机,1934,台,160573,千克,9624492.0
84212110,家用型水的过滤、净化机器及装置,179825,台,66168,千克,1648383.0
84212191,船舶压载水处理设备,28,台,151302,千克,6086064.0
84212199,其他非家用型水的过滤、净化机器及装置,27428,台,266626,千克,11021582.0
84212200,过滤或净化饮料用的机器及装置,9,台,81,千克,18281.0
84212300,内燃发动机的过滤器,2515811,个,472232,千克,11539127.0
84212910,压滤机,4,个,30068,千克,452726.0
84212990,未列名液体过滤、净化机器及装置,8739295,个,1403363,千克,97826009.0
84213100,内燃发动机的进气过滤器,125262,个,134232,千克,2875577.0
84213200,用于净化或过滤内燃机所排出废气的催化转化器或微粒过滤器，不论是否组合,79838,个,599465,千克,38861123.0
84213910,家用型气体的过滤、净化机器及装置,13566,个,42584,千克,1647979.0
84213921,工业用静电除尘器,74,个,1028,千克,205896.0
84213922,工业用袋式除尘器,30,个,1427,千克,58404.0
84213923,工业用旋风式除尘器,366,个,14073,千克,295340.0
84213929,其他工业用除尘器,1352,个,17166,千克,1220672.0
84213940,烟气脱硫装置,8,个,186054,千克,4217080.0
84213950,烟气脱硝装置,8188,个,237726,千克,3373454.0
84213990,其他非家用型气体的过滤、净化机器及装置,2926280,个,1028308,千克,69664478.0
84219110,干衣量≤10公斤的干衣机零件,12370,千克,0,?,96479.0
84219190,其他离心机（包括离心干燥机）零件,115200,千克,0,?,7684229.0
84219910,家用型过滤、净化装置零件,228647,千克,0,?,4135633.0
84219990,品目8421未列名机器的零件,1737154,千克,0,?,94992099.0
84221100,家用型洗碟机,4140,台,186285,千克,2564798.0
84221900,非家用型洗碟机,326,台,30110,千克,845502.0
84222000,瓶子或其他容器的洗涤或干燥机器,50,台,40668,千克,3363336.0
84223010,饮料及液体食品罐装设备,6,台,118310,千克,7497271.0
84223030,其他灌装机、包装机,72,台,51382,千克,8637528.0
84223090,其他容器装封、贴标签及包封机；饮料充气机,476,台,151151,千克,11014240.0
84224000,其他包装或打包机器（包括热缩包装机器）,570,台,354071,千克,32889392.0
84229010,洗碟机零件,36613,千克,0,?,696608.0
84229020,饮料及液体食品罐装设备零件,21034,千克,0,?,5397936.0
84229090,品目8422其他机器的零件,70517,千克,0,?,14144196.0
84231000,体重计，包括婴儿秤；家用秤,4618,台,4990,千克,91247.0
84232010,电子皮带秤,19,台,4452,千克,221249.0
84232090,其他输送带上连续称货的秤,3,台,275,千克,77263.0
84233010,定量包装秤,43,台,4557,千克,338276.0
84233020,定量分选秤,8,台,1798,千克,209673.0
84233030,配料秤,1591,台,13363,千克,545520.0
84233090,其他恒定秤、物料定量装袋或装容器用秤及库,35,台,2506,千克,165382.0
84238110,计价秤,102,台,778,千克,69945.0
84238120,弹簧秤,7402,台,4458,千克,23435.0
84238190,未列名衡器，最大称量≤30kg,805,台,5323,千克,460540.0
84238290,未列名衡器，30kg＜最大称量≤5000kg,1146,台,38056,千克,1561031.0
84238910,地中衡,1,台,12980,千克,37330.0
84238930,吊秤,1,台,16,千克,688.0
84238990,未列名最大称量＞5000千克的其他衡器,213,台,30487,千克,1380785.0
84239000,衡器用的各种砝码、秤砣；衡器零件,27224,千克,173431,台,4099317.0
84241000,灭火器，不论是否装药,16835,个,428041,千克,8035528.0
84242000,喷枪及类似器具,40180,个,29594,千克,5450384.0
84243000,喷汽机、喷砂机及类似的喷射机器,824,台,65609,千克,3820993.0
84244100,便携式农业或园艺用喷雾器,5,台,3,千克,485.0
84244900,其他农业或园艺用喷雾器,1,台,1503,千克,78129.0
84248200,农业或园艺用液体或粉末的喷射、散布机械器具,362122,台,13485,千克,285807.0
84248910,家用液体或粉末的喷射、散布或喷雾机械器具,74682,台,54513,千克,840153.0
84248920,喷涂机器人,135,台,113756,千克,14013251.0
84248991,船用洗舱机,1090,台,81248,千克,1859111.0
84248999,未列名液体或粉末的喷射、散布或喷雾机械器,321547,台,1014049,千克,48560810.0
84249010,灭火器的零件,46420,千克,0,?,3863655.0
84249020,家用液体或粉末喷射、散布或喷雾机械的零件,37254,千克,0,?,418327.0
84249090,品目8424其他机器或器具的零件,200594,千克,0,?,18950111.0
84251100,电动的滑车及提升机,710,台,125342,千克,3223898.0
84251900,非电动的滑车及提升机,1361,台,59450,千克,1907289.0
84253190,其他电动的卷扬机及绞盘,681,台,477059,千克,6811089.0
84253990,其他非电动卷扬机及绞盘,1449,台,597141,千克,4617343.0
84254100,车库中使用的固定千斤顶系统,1,台,680,千克,650.0
84254210,其他液压千斤顶,2494,台,48439,千克,557228.0
84254290,提升车辆用的液压提升机,127,台,40922,千克,117275.0
84254910,未列名千斤顶,3706,台,25976,千克,907859.0
84254990,其他提升车辆用的提升机,64,台,1183,千克,2310.0
84261120,通用桥式起重机,1,台,4500,千克,44479.0
84261190,其他固定支架的高架移动式起重机,2,台,22745,千克,171750.0
84261200,胶轮移动式吊运架及跨运车,1,台,280,千克,856.0
84261930,龙门式起重机,2,台,27516,千克,96904.0
84263000,门座式起重机及座式旋臂起重机,40,台,211501,千克,6779431.0
84264190,带胶轮的其他自推进起重机械,2,台,42645,千克,235804.0
84269100,供装于公路车辆的其他起重机,1,台,270,千克,7231.0
84269900,未列名起重机,26,台,516847,千克,6096168.0
84271010,电动机推进的有轨巷道堆跺机,3,台,1430,千克,124972.0
84271020,电动机推进的无轨巷道堆跺机,4,台,24779,千克,207437.0
84271090,其他电动叉车及装有升降或搬运装置工作车,850,台,2453159,千克,8241042.0
84272090,其他机动叉车其他装有升降或搬运装置工作车,19,台,109904,千克,580620.0
84279000,未列名叉车等装有升降或搬运装置的工作车,70,台,75724,千克,1601969.0
84281010,载客电梯,85,台,365552,千克,4982285.0
84281090,其他升降机及倒卸式起重机,9,台,238449,千克,5213648.0
84282000,气压升降机及输送机,167,台,8495,千克,640027.0
84283200,斗式连续运送货物的升降机及输送机,167,台,20006,千克,2212953.0
84283300,带式连续运送货物的升降机及输送机,970,台,282107,千克,7991796.0
84283910,链式连续运送货物或材料的升降机及输送机,49,台,155609,千克,6907550.0
84283920,辊式连续运送货物或材料的升降机及输送机,99,台,103403,千克,2019165.0
84283990,未列名连续运送货物的升降机及输送机,1683,台,253474,千克,12468058.0
84286090,其他缆车、座式升降机、滑雪拉索；索道牵引机,3,台,119081,千克,3497618.0
84287000,工业机器人，升降、搬运、装卸用,915,台,99577,千克,4111650.0
84289031,堆取料机械,7,台,45338,千克,1655463.0
84289039,其他装卸机械,5,台,4030,千克,6754.0
84289090,未列名升降、搬运机械,21914,台,1184433,千克,46945949.0
84291110,履带式推土机，P＞235.36kw（320hp）,2,台,79760,千克,375000.0
84291190,其他履带式推土机,4,台,85002,千克,277963.0
84292090,其他筑路机及平地机,1,台,14200,千克,186902.0
84294019,其他机动压路机,5,台,19957,千克,86499.0
84295100,前铲装载机,228,台,582911,千克,4926690.0
84295211,上部360度旋转的轮胎式挖掘机,1,台,18940,千克,176000.0
84295212,上部360度旋转的履带式挖掘机,531,台,3967757,千克,14667728.0
84295900,其他机械铲、挖掘机及机铲装载机,4,台,6506,千克,122418.0
84301000,打桩机及拔桩机,16,台,95937,千克,534564.0
84302000,扫雪机及吹雪机,24,台,3416,千克,17361.0
84303110,自推进的采（截）煤机,5,台,562990,千克,23570126.0
84303900,非自推进的采（截）煤机、凿岩机及隧道掘进机,46,台,152246,千克,6131322.0
84304122,履带式自推进的钻机，钻探深度＜6000m,3,台,73267,千克,2075476.0
84304129,其他自推进的钻机，钻探深度＜6000m,1,台,20236,千克,635068.0
84304900,非自推进的钻探或凿井机械,5,台,4504,千克,34220.0
84305039,其他采矿钻机,3,台,82458,千克,2278772.0
84305090,未列名自推进泥土、矿物等运送、平整等机械,5,台,89300,千克,2490275.0
84306100,非自推进的捣固或压实机械,30,台,6743,千克,306656.0
84306990,未列名非自推进泥土、矿等运送、平整等机械,2,台,115,千克,5255.0
84311000,品目8425所列机械的零件,22011,千克,0,?,1242893.0
84312010,"品目84.27所列机械用装有差速器的驱动桥及其零件,不论是否装有其他传动部件",495933,千克,5652,个,4093030.0
84312090,品目8427所列机械的其他零件,656340,千克,0,?,5844626.0
84313100,升降机、倒卸式起重机或自动梯的零件,348238,千克,0,?,4859280.0
84313900,其他8428所列机械的零件,402781,千克,0,?,24693353.0
84314100,戽斗、铲斗、抓斗及夹斗,168585,千克,483,个,818201.0
84314200,推土机或侧铲推土机用铲,43466,千克,236,个,247366.0
84314310,石油或天然气钻机的零件,106946,千克,0,?,3945982.0
84314320,其他钻探机械的零件,97194,千克,0,?,867951.0
84314390,凿井机械的零件,2249,千克,0,?,365559.0
84314920,"品目84.26、84.29及84.30所列机械用装有差速器的驱动桥及其零件,不论是否装有其他传动部件",1958618,千克,33382,个,16565993.0
84314991,矿用电铲用零件,4247,千克,0,?,98074.0
84314999,品目8426、8429及8430所列机械的未列名零件,5449010,千克,0,?,56815558.0
84321000,犁,28,台,43943,千克,518839.0
84322100,圆盘耙,1,台,2536,千克,15689.0
84322900,其他耙、松土机、中耕机、除草机及耕耘机,86,台,77820,千克,577929.0
84323111,免耕直接谷物播种机,10,台,3460,千克,6196.0
84323119,其他免耕直接播种机,13,台,7636,千克,85189.0
84323131,免耕直接水稻插秧机,74,台,63457,千克,212366.0
84323911,其他谷物播种机,15,台,26629,千克,705236.0
84323919,未列名播种机,87,台,8295,千克,97456.0
84324100,粪肥施肥机,4,台,90166,千克,1003446.0
84324200,化肥施肥机,41,台,6047,千克,134628.0
84328010,草坪及运动场地滚压机,3,台,1160,千克,13640.0
84328090,未列名农业、园艺及林业用整地或耕作机械,34,台,51988,千克,536697.0
84329000,品目8432所列机械的零件,118390,千克,0,?,984910.0
84331100,割刀水平旋转草坪、公园或运动场机动割草机,339,台,17510,千克,243777.0
84331900,其他草坪、公园或运动场地割草机,770,台,24310,千克,144169.0
84332000,其他割草机，包括牵引装置用的刀具杆,300,台,1875,千克,27624.0
84334000,草料打包机，包括收集打包机,5,台,5452,千克,61332.0
84335100,联合收割机,125,台,1300494,千克,13813009.0
84335200,其他脱粒机,1,台,100,千克,1239.0
84335300,根茎或块茎收获机,23,台,622068,千克,8752507.0
84335920,棉花采摘机,25,台,710480,千克,8376065.0
84335990,未列名收割机,43,台,483848,千克,7551829.0
84336010,蛋类清洁、分选、分级机器,1,台,2300,千克,174401.0
84336090,水果或其他农产品的清洁、分选、分级机器,31,台,177244,千克,3235608.0
84339010,联合收割机的零件,453574,千克,0,?,4336968.0
84339090,其他品目8433所列机械的零件,137831,千克,0,?,2938623.0
84342000,乳品加工机器,10,台,34910,千克,4353760.0
84349000,挤奶机及乳品加工机器的零件,6373,千克,0,?,480672.0
84351000,制酒、制果汁或制饮料的压榨机、轧碎机及类似机器,226,台,36270,千克,1373432.0
84359000,84351000所列机器的零件,74,千克,0,?,7655.0
84361000,动物饲料配制机,5110,台,24752,千克,421735.0
84362100,家禽孵卵器及育雏器,1,台,57,千克,237.0
84362900,家禽饲养机器,8,台,6458,千克,67599.0
84368000,其他农、林业机器,1000,台,108981,千克,1223137.0
84369100,家禽饲养、孵卵及育雏机器的零件,28598,千克,0,?,310319.0
84369900,品目8436所列其他机械的零件,47039,千克,0,?,1198099.0
84371090,其他种子、谷物或干豆的清洁、分选或分级机器,16,台,6615,千克,564828.0
84378000,谷物磨粉业加工机器或谷物、干豆加工机器,18,台,2618,千克,86507.0
84379000,品目8437所列机械的零件,10488,千克,0,?,271446.0
84381000,糕点加工及生产通心粉、面条等产品的机器,102,台,105177,千克,3631872.0
84382000,生产糖果、可可粉、巧克力的机器,15,台,23191,千克,855019.0
84384000,酿酒机器,1,台,75,千克,5539.0
84385000,肉类或家禽加工机器,475,台,141294,千克,9130796.0
84386000,水果、坚果或蔬菜加工机器,570,台,30093,千克,1359535.0
84388000,其他食品、饮料工业用生产或加工机器,2764,台,188406,千克,8972988.0
84389000,品目8438所列机械的零件,71622,千克,0,?,3895600.0
84391000,制造纤维素纸浆的机器,2,台,33893,千克,1470646.0
84393000,纸或纸板的整理机器,12,台,18770,千克,410358.0
84399100,制造纤维素纸浆机器的零件,122995,千克,0,?,2595169.0
84399900,制造或整理纸及纸板机器的零件,377167,千克,0,?,10353765.0
84401010,锁线装订机,4,台,5820,千克,133639.0
84401020,胶订机,3,台,8523,千克,268323.0
84401090,其他书本装订机器,45,台,108543,千克,901826.0
84409000,书本装订机器的零件,1865,千克,0,?,179161.0
84411000,切纸机,7243,台,123942,千克,1142825.0
84412000,制造包、袋或信封的机器,1,台,10935,千克,1312906.0
84413010,纸塑铝复合罐生产设备,3,台,1060,千克,14267.0
84413090,其他制造箱、盒、管、桶或类似容器的机器,6,台,29030,千克,285978.0
84414000,纸浆、纸或纸板制品模制成型机器,21,台,16961,千克,145636.0
84418010,纸塑铝复合软包装生产设备,3,台,178,千克,18640.0
84418090,其他制造纸浆制品、纸制品或纸板制品的机器,10,台,63438,千克,836820.0
84419010,切纸机零件,12542,千克,0,?,672965.0
84419090,其他制造（纸浆、纸或纸板）制品机器的零件,102744,千克,0,?,3933575.0
84423021,计算机直接制版设备,26,台,129923,千克,5220359.0
84424000,子目8442.30所列机器、器具及设备的零件,6617,千克,0,?,361180.0
84425000,印刷用版（片）、滚筒及其他印刷部件；制成供印刷用（例如，刨平、压纹或抛光）的板（片）、滚筒及石板,21560,千克,0,?,1376370.0
84431100,卷取进料式胶印机,1,台,86550,千克,147361.0
84431312,平张纸进料式双色胶印机,10,台,148452,千克,2594686.0
84431313,平张纸进料式四色胶印机,9,台,299524,千克,3335867.0
84431319,其他平张纸进料式胶印机,45,台,3002730,千克,44346786.0
84431500,非卷取进料式的凸版印刷机，不包苯胺印刷机,1,台,42,千克,200.0
84431700,凹版印刷机,7,台,6676,千克,1411355.0
84431922,平网印刷机,17,台,36389,千克,902776.0
84431929,其他网式印刷机,3,台,3540,千克,303780.0
84431980,未列名印刷机,5,台,483,千克,5552.0
84433110,有打复印及传真两种及以上功能静电感光机器,151121,台,7243149,千克,45375703.0
84433190,其他具有打复印及传真两种及以上功能的机器,264424,台,1668706,千克,25097242.0
84433211,专用于品目8471所列设备的针式打印机,18129,台,87238,千克,2118950.0
84433212,专用于品目8471所列设备的激光打印机,31877,台,249926,千克,3412678.0
84433213,专用于品目8471所列设备的喷墨打印机,17184,台,116662,千克,1716447.0
84433214,专用于品目84.71所列设备的热敏打印机,14887,台,49010,千克,3828205.0
84433219,其他专用于品目8471所列设备的打印机,17529,台,163053,千克,4572283.0
84433221,数字式喷墨印刷机，可连接,5801,台,182651,千克,5135664.0
84433222,数字式静电照相印刷机（激光印刷机），可连接,1253,台,96709,千克,2524136.0
84433229,其他数字式印刷设备，可连接,640,台,18983,千克,1407764.0
84433290,其他单一功能印刷、复印及传真机，可连接,78235,台,312646,千克,8230846.0
84433924,热升华复印设备,35,台,537,千克,2875.0
84433931,数字式喷墨印刷机,9,台,128,千克,9010.0
84433932,数字式静电照相印刷机（激光印刷机）,1,台,105,千克,1526.0
84433939,其他数字式印刷设备,7377,台,4416,千克,170167.0
84433990,其他印刷（打印）机、复印机及传真机,205,台,1211,千克,69232.0
84439111,卷筒料给料机,8120,千克,2,台,425827.0
84439119,其他印刷用辅助机器,11427,千克,3,台,484544.0
84439190,用8442所列印版等印刷的机器用其他零件附件,258496,千克,230328,个,6674557.0
84439910,数字印刷设备用辅助机器,15893,千克,113,台,936981.0
84439921,数字印刷设备用热敏打印头,12721,千克,616115,个,6790215.0
84439929,数字印刷设备的其他零件及附件,286686,千克,0,?,86791105.0
84439990,品目8443所列设备用其他零件及附件,3859650,千克,0,?,152155014.0
84440010,合成纤维长丝纺丝机,17,台,659530,千克,16971074.0
84440020,合成纤维短丝纺丝机,1,台,400,千克,130536.0
84440040,化学纤维变形机,1,台,24220,千克,369230.0
84440090,其他纺织化纤挤压、拉伸、变形或切割机器,37,台,1444279,千克,32722742.0
84451120,毛纤维型梳理机,4,台,14080,千克,67059.0
84451220,毛精梳机,9,台,30967,千克,154594.0
84451900,纺织纤维的其他预处理机器,4,台,11563,千克,13952.0
84452032,喷气纺纱机,97,台,1130969,千克,38928062.0
84452041,棉细纱机,14,台,211250,千克,993779.0
84453000,并线机或加捻机,7,台,40131,千克,175757.0
84454010,自动络筒机,68,台,516447,千克,10613922.0
84454090,其他络纱机或摇纱机,4,台,1735,千克,51604.0
84459010,整经机,1,台,4180,千克,86603.0
84459020,浆纱机,3,台,57872,千克,1335236.0
84459090,未列名纺织纱线的其他生产及预处理机器,9,台,48262,千克,1371952.0
84461000,织物宽度≤30cm的织机,14,台,34970,千克,196928.0
84463020,织物宽度＞30cm的剑杆织机,86,台,422287,千克,4867950.0
84463030,织物宽度＞30cm的片梭织机,16,台,108000,千克,256000.0
84463040,织物宽度＞30cm的喷水织机,83,台,184728,千克,1788716.0
84463050,织物宽度＞30cm的喷气织机,294,台,838119,千克,10336007.0
84471100,圆筒直径≤165mm的圆型针织机,11,台,4972,千克,373193.0
84471200,圆筒直径＞165mm的圆型针织机,42,台,54290,千克,1172868.0
84472011,特里科经编机,5,台,123380,千克,109253.0
84472012,拉舍尔经编机,8,台,151998,千克,248050.0
84472020,平型纬编机,1415,台,167091,千克,2748336.0
84479011,簇绒地毯织机,17,台,9430,千克,255139.0
84479020,绣花机,406,台,21732,千克,867482.0
84479090,未列名织造花线、网眼薄纱、花边等织物机器,33,台,27140,千克,172843.0
84481100,多臂机或提花机及其卡片的加工或汇编机器,58166,千克,0,?,2142350.0
84481900,品目8444、8445、8446或8447机器的其他辅助机器,9470,千克,0,?,593361.0
84482020,喷丝头或喷丝板,1884,个,6711,千克,2107626.0
84482090,品目8444机器及其辅助机器的其他零件、附件,46192,千克,0,?,2793221.0
84483100,钢丝针布,93199,千克,0,?,2167881.0
84483200,纺织纤维预处理机器的零件、附件,37149,千克,0,?,2414841.0
84483310,络筒绽,114,个,15,千克,1066.0
84483390,其他锭子、锭壳、纺丝环、钢丝圈,95346,千克,0,?,4202514.0
84483910,气流杯,29020,个,715,千克,177798.0
84483920,电子清纱器,7163,个,6997,千克,4898244.0
84483930,空气捻接器,42082,个,4503,千克,1273353.0
84483990,品目8445的机器及辅助机器的未列名零、附件,376529,千克,0,?,9676163.0
84484200,织机用筘、综丝及综框,22124,千克,0,?,1187876.0
84484910,接、投梭箱,2,个,5,千克,3254.0
84484920,引纬、送经装置,125,个,37515,千克,439473.0
84484930,梭子,1049,个,417,千克,16096.0
84484990,织机及其辅助机器的未列名零件、附件,132774,千克,0,?,7307174.0
84485120,针织机用28号针以下的弹簧针、钩针及复合针,26165,千克,0,?,9564369.0
84485190,沉降片、未列名织针及成圈机件,15370,千克,0,?,3434394.0
84485900,品目8447机器及其辅助机器的其他零件、附件,88077,千克,0,?,3889753.0
84490010,针刺机,9708024,台,10392,千克,783087.0
84490020,水刺设备,418,台,521,千克,189589.0
84490090,其他毡呢或无纺织物制造或整理机器；帽模,21946,千克,0,?,312654.0
84501110,波轮式全自动洗衣机，干衣量≤10kg,899,台,15477,千克,78284.0
84501120,滚筒式全自动洗衣机，干衣量≤10kg,2362,台,199407,千克,2179485.0
84501200,其他有离心甩干机的洗衣机，干衣量≤10kg,500,台,5150,千克,15850.0
84501900,其他洗衣机，干衣量≤10kg,1,台,45,千克,375.0
84502011,干衣量超过10千克的全自动波轮式洗衣机,111,台,10109,千克,95340.0
84502012,干衣量超过10千克的全自动滚筒式洗衣机,2033,台,200432,千克,2023876.0
84502090,干衣量超过10千克的非全自动洗衣机,1,台,21,千克,421.0
84509010,干衣量≤10kg的洗衣机的零件,108359,千克,0,?,1513805.0
84509090,干衣量＞10kg的洗衣机的零件,35086,千克,0,?,475667.0
84512100,干衣量≤10kg的干燥机,2680,台,144019,千克,2053680.0
84512900,干衣量＞10kg的干燥机,1484,台,96267,千克,955685.0
84513000,熨烫机及挤压机（包括熔压机）,4612,台,34606,千克,499095.0
84514000,洗涤、漂白或染色机器,40,台,122587,千克,3291991.0
84515000,纺织物卷绕、退绕、折叠、剪切或剪齿边机器,230,台,22074,千克,821470.0
84518000,纱、织物等整、涂机器；列诺伦等布基涂布机,971,台,555942,千克,5269901.0
84519000,品目8451所列机器的零件,157252,千克,0,?,1829669.0
84521010,多功能家用型缝纫机,14169,台,99625,千克,1633241.0
84521091,手动式其他家用型缝纫机,66,台,29,千克,809.0
84521099,其他家用型缝纫机,460,台,2986,千克,53087.0
84522110,非家用型自动平缝机,7,台,579,千克,41570.0
84522130,非家用型自动绷缝机,71,台,3425,千克,136614.0
84522190,其他非家用型自动缝纫机,666,台,71421,千克,3809764.0
84522900,其他非家用型缝纫机,533,台,25005,千克,967039.0
84523000,缝纫机针,28677,千克,0,?,3809904.0
84529011,家用型缝纫机旋梭,1,千克,0,?,2.0
84529019,家用缝纫机专用的特制家具、底座和罩盖及其零件；家用型缝纫机的其他零件,11286,千克,0,?,146437.0
84529091,非家用型缝纫机的旋梭,3508,千克,0,?,866373.0
84529092,非家用型缝纫机专用的特制家具、底座和罩盖及其零件,111,千克,0,?,1133.0
84529099,其他非家用型缝纫机未列名零件,56107,千克,0,?,2989533.0
84531000,生皮、皮革的处理、鞣制或加工机器,2,台,51,千克,154.0
84538000,毛皮及其他皮革制品的制作或修理机器,1,台,3,千克,828.0
84539000,品目8453所列机器的零件,8686,千克,0,?,230035.0
84542090,其他锭模及浇包,2,台,18475,千克,599741.0
84543010,冷室压铸机,8,台,194995,千克,1458063.0
84543090,其他铸造机,5,台,61853,千克,330327.0
84549010,炉外精炼设备的零件,156,千克,0,?,21139.0
84549022,钢坯连铸机用振动装置,30,千克,0,?,1589.0
84549029,其他钢坯连铸机用零件,15936,千克,0,?,2062486.0
84549090,其他转炉、浇包、锭模及铸造机的零件,28253,千克,0,?,759968.0
84552130,线材轧机,1,台,2675,千克,81116.0
84552210,板材冷轧机,3,台,11996,千克,53680.0
84553000,金属轧机用轧辊,992,个,2964832,千克,8664323.0
84559000,其他金属轧机零件,129889,千克,0,?,7916034.0
84561100,用激光处理各种材料的加工机床,631,台,1011704,千克,74702901.0
84562000,用超声波处理材料的加工机床,30,台,56,千克,22168.0
84563010,数控的用放电处理各种材料的加工机床,196,台,763200,千克,17062673.0
84563090,其他用放电处理各种材料的加工机床,2,台,5189,千克,949905.0
84564010,等离子切割机,25,台,7102,千克,253606.0
84565000,水射流切割机,3,台,4921,千克,179732.0
84569000,用电化学法、电子束或离子束处理各种材料的加工机床,18,台,14127,千克,4601019.0
84571010,立式加工中心,860,台,3486403,千克,66446625.0
84571020,卧式加工中心,142,台,2953870,千克,39211913.0
84571030,龙门式加工中心,37,台,1541523,千克,13757921.0
84571091,铣车复合加工中心,46,台,576504,千克,10577639.0
84571099,未列名加工中心,1,台,30520,千克,1477379.0
84572000,单工位组合机床,5,台,30900,千克,366706.0
84573000,多工位组合机床,4,台,71038,千克,2762862.0
84581100,数控卧式车床,278,台,1448515,千克,31323405.0
84581900,其他卧式车床,300,台,230247,千克,1849327.0
84589110,数控立式车床,47,台,1360118,千克,17666339.0
84589120,其他数控车床,1,台,18190,千克,748957.0
84589900,其他车床,2,台,54,千克,4363.0
84592100,数控钻床,7,台,70148,千克,784318.0
84592900,其他钻床,132,台,2740,千克,60069.0
84593100,数控镗铣床,4,台,152445,千克,1127533.0
84595900,其他升降台式铣床,13,台,20020,千克,152945.0
84596110,龙门数控铣床,6,台,176584,千克,1405424.0
84596190,未列名数控铣床,14,台,151675,千克,2691337.0
84596990,未列名铣床,17,台,13241,千克,153469.0
84597000,其他攻丝机床,8,台,1114,千克,86193.0
84601210,数控平面磨床，在任一坐标的定位精度至少是0.01毫米,52,台,416381,千克,6734745.0
84601290,其他数控平面磨床,5,台,46710,千克,537766.0
84601910,其他平面磨床，在任一坐标的定位精度至少是0.01毫米,89,台,105919,千克,1669986.0
84601990,未列名平面磨床,6,台,51986,千克,133024.0
84602210,数控无心磨床，在任一坐标的定位精度至少是0.01毫米,12,台,60661,千克,1963491.0
84602311,数控曲轴磨床，在任一坐标的定位精度至少是0.01毫米,1,台,3670,千克,5487.0
84602319,其他数控外圆磨床，在任一坐标的定位精度至少是0.01毫米,42,台,258438,千克,11325846.0
84602411,数控内圆磨床，在任一坐标的定位精度至少是0.01毫米,8,台,128072,千克,1545895.0
84602419,其他数控磨床，在任一坐标的定位精度至少是0.01毫米,40,台,270380,千克,8979238.0
84602490,其他数控磨床,2,台,9000,千克,153180.0
84602911,其他外圆磨床，在任一坐标的定位精度至少是0.01毫米,32,台,99780,千克,342086.0
84602912,其他内圆磨床，在任一坐标的定位精度至少是0.01毫米,3,台,14000,千克,296084.0
84602919,未列名磨床，在任一坐标的定位精度至少是0.01毫米,32,台,57357,千克,677963.0
84602990,本品目其他编码未列名磨床,20,台,50921,千克,588616.0
84603100,数控刃磨机床,82,台,207351,千克,13711842.0
84603900,其他刃磨机床,8,台,7110,千克,128464.0
84604010,金属珩磨机床,13,台,45877,千克,1757329.0
84604020,金属研磨机床,26,台,52696,千克,792573.0
84609010,砂轮机,44,台,963,千克,31975.0
84609020,抛光机床,19,台,14213,千克,643679.0
84609090,未列名用磨石、磨料等对金属进行精加工机床,28,台,31112,千克,819357.0
84613000,拉床,5,台,39161,千克,451190.0
84614011,数控齿轮磨床,41,台,675191,千克,35324671.0
84614019,数控切齿机或数控齿轮精加工机床,31,台,364949,千克,12775288.0
84615000,锯床或切断机,87,台,96775,千克,2573004.0
84619090,未列名的金属切削机床,2,台,11720,千克,379722.0
84621110,数控闭式锻造机（模锻机）,7,台,21019,千克,369841.0
84621190,其他闭式锻造机（模锻机）,8,台,2713,千克,9260.0
84621910,其他数控热锻设备，热模锻设备（包括压力机）及热锻锻锤,3,台,217545,千克,5921132.0
84621990,未列名热锻设备，热模锻设备（包括压力机）及热锻锻锤,1,台,85727,千克,512562.0
84622210,板材用数控型材成型机,6,台,10302,千克,58450.0
84622300,板材用数控折弯机,21,台,157104,千克,1648608.0
84622500,板材用数控卷板机,1,台,1951,千克,73304.0
84622610,板材用其他数控矫直机床,1,台,981,千克,4150.0
84622690,板材用其他数控弯曲、折叠或矫平机床,3,台,278836,千克,2561336.0
84622910,板材用其他矫直机床,3,台,2535,千克,36000.0
84622990,板材用其他弯曲、折叠或矫平机床,9,台,10448,千克,397140.0
84623300,板材用其他数控剪切机床,7,台,11530,千克,1421100.0
84623900,未列名板材用剪切机床,16,台,130049,千克,3881499.0
84624211,板材用自动模式数控步冲压力机,4,台,100290,千克,425128.0
84624212,板材用其他数控冲床,11,台,138845,千克,1682730.0
84624290,板材用其他数控冲孔、开槽或步冲机床，包括冲剪两用机,3,台,68537,千克,1464972.0
84624900,板材用其他冲孔、开槽或步冲机床，包括冲剪两用机,21,台,78847,千克,190053.0
84625100,数控金属管道、管材、型材、空心型材和棒材的加工机床,18,台,41160,千克,384453.0
84625900,其他金属管道、管材、型材、空心型材和棒材的加工机床,32,台,34672,千克,432522.0
84626110,数控液压压力机,4,台,115739,千克,136599.0
84626190,其他液压压力机,32,台,4563,千克,40051.0
84626210,数控机械压力机,12,台,140450,千克,3442901.0
84626290,其他机械压力机,117,台,1108323,千克,8896063.0
84626300,伺服压力机,21,台,1482006,千克,14983748.0
84626910,数控的其他金属冷加工压力机,4,台,1409,千克,30758.0
84626990,其他金属冷加工压力机,17,台,2474,千克,186940.0
84629010,未列名加工金属或硬质合金的数控机床或压力机,2,台,97820,千克,2107052.0
84629090,未列名加工金属或硬质合金的机床或压力机,17,台,23223,千克,103107.0
84631011,拉拔力≤300吨的冷拔管机,5,台,39968,千克,94304.0
84631020,拔丝机,9,台,18607,千克,559912.0
84631090,其他金属杆、管、型材、异型材等的拉拔机,2,台,80610,千克,260000.0
84632000,金属螺纹滚轧机,29,台,74272,千克,661598.0
84633000,金属丝加工机,27,台,24372,千克,1000773.0
84639000,未列名的金属非切削加工机床,62,台,56040,千克,5563362.0
84641010,石料等矿物材料及玻璃冷加工圆盘锯床,29,台,1250,千克,10224.0
84641090,其他石料等矿物材料及玻璃冷加工锯床,18,台,2352,千克,231663.0
84642010,玻璃冷加工研磨或抛光机床,179,台,429983,千克,6226764.0
84642090,石料等矿物材料的研磨或抛光机床,117,台,99660,千克,4525386.0
84649011,玻璃切割机,104,台,69281,千克,2494480.0
84649019,其他玻璃冷加工机床,12,台,122853,千克,2352379.0
84649090,石料等矿物材料加工的其他机床,56,台,104563,千克,2365842.0
84651000,不需更换工具即可进行不同机械加工的机器，加工木材、软木、骨、硬质橡胶、硬质塑料或类似硬质材料,7,台,23651,千克,1888073.0
84652010,以刨、铣、钻孔、研磨、抛光、凿榫及其他切削为主的加工中心，加工木材及类似硬质材料,1,台,1510,千克,466538.0
84652090,其他加工中心,2,台,3400,千克,59245.0
84659100,木材、软木、骨、硬质橡胶、硬质塑料或类似硬质材料加工锯床,1080,台,39094,千克,610173.0
84659200,木材、软木等硬质材料刨、铣等切削成形机器,71,台,72453,千克,4197912.0
84659300,木材、软木等硬质材料研磨、砂磨或抛光机器,24,台,45999,千克,1858727.0
84659400,木材、软木、骨等硬质材料弯曲或装配机器,7,台,13451,千克,128457.0
84659500,木材、软木、骨等硬质材料钻孔或凿榫机器,54,台,76599,千克,642604.0
84659600,木材、软木等硬质材料剖开、切片或刮削机器,43,台,29270,千克,282149.0
84659900,木材、软木、骨等硬质材料的其他加工机床,67,台,21051,千克,982289.0
84661000,工具夹具及自启板牙切头（包括手提工具用）,189452,千克,0,?,18569166.0
84662000,工件夹具,354548,千克,0,?,17519189.0
84663000,分度头及其他专用于机器的附件,293024,千克,0,?,10422880.0
84669100,品目84.64所列机器用的其他零件、附件,27300,千克,0,?,2110816.0
84669200,品目84.65所列机器用的零件、附件,50450,千克,0,?,1337117.0
84669310,刀库及自动换刀装置,438665,千克,0,?,6102944.0
84669390,品目84.56至84.61所列机器用的其他零件、附件,2450005,千克,0,?,63245862.0
84669400,品目8462或8463所列机器用的零件、附件,746465,千克,0,?,13357118.0
84671100,旋转式（包括旋转冲击式的）手提风动工具,20121,台,27642,千克,1696222.0
84671900,其他手提式风动工具,16554,台,35319,千克,1859894.0
84672100,手提式各种电钻,25381,台,89950,千克,2353779.0
84672210,电动手提式链锯,2373,台,7297,千克,148550.0
84672290,其他手提式电锯,7733,台,25720,千克,441873.0
84672910,手提电动砂磨工具（包括磨光机、砂光机等）,24987,台,57091,千克,1366162.0
84672920,手提式电刨,8,台,21,千克,523.0
84672990,其他手提式电动工具,162235,台,253258,千克,12436448.0
84678100,装有非电力动力装置的手提式链锯,10726,台,76773,千克,2299509.0
84678900,其他液压及非电力动力装置手提式工具,7194,台,66875,千克,2474044.0
84679110,电动手提式链锯用的零件,6241,千克,0,?,136767.0
84679190,其他手提式链锯用的零件,67684,千克,0,?,2195271.0
84679200,手提式风动工具用的零件,23919,千克,0,?,1122165.0
84679910,品目8467所列其他电动手提式工具的零件,252201,千克,0,?,8772577.0
84679990,品目8467所列其他手提式工具的零件,50807,千克,0,?,1235990.0
84681000,手提喷焊器,238,台,459,千克,40123.0
84682000,其他气体焊接或表面回火机器及装置,23,台,7054,千克,132283.0
84688000,未列名焊接机器及装置,30,台,20644,千克,1576365.0
84689000,品目8468所列机器的零件,9969,千克,0,?,1021257.0
84701000,不需外接电源的电子计算器,502001,台,90118,千克,2033627.0
84702100,装有打印装置的电子计算器,464,台,275,千克,8232.0
84702900,其他电子计算器,62,台,23,千克,2073.0
84703000,其他计算机器,2,台,10,千克,770.0
84705010,销售点终端出纳机,14073,台,3838,千克,1336723.0
84705090,其他现金出纳机,5,台,3,千克,880.0
84709000,装有计算装置的邮资盖戳机、售票机等机器,335,台,260,千克,32958.0
84713010,平板电脑,34699,台,27934,千克,11137490.0
84713090,其他重量不超过10千克的便携式自动数据处理设备,70434,台,105775,千克,84963013.0
84714110,巨型、大型及中型自动数据处理机,3,台,670,千克,1253860.0
84714120,小型自动数据处理机,50,台,1405,千克,1024383.0
84714140,微型自动数据处理机,2705,台,17318,千克,5422399.0
84714190,未列名自动数据处理设备,762,台,14180,千克,8279002.0
84714910,系统形式的巨型机、大型机及中型机,2,台,12,千克,4716.0
84714920,系统形式的小型机,109,台,2831,千克,1842680.0
84714940,系统形式的微型机,393,台,8154,千克,7943050.0
84714991,系统形式的分散型工业过程控制设备,176,台,8007,千克,3265950.0
84714999,其他系统形式的自动数据处理设备,71,台,28556,千克,23543392.0
84715010,巨型机、大型机及中型机的处理部件,34,台,12010,千克,4068312.0
84715020,小型机的处理部件,509,台,61610,千克,378558195.0
84715040,微型机的处理部件,1697533,台,547523,千克,1519944597.0
84715090,其他处理部件,522097,台,29206,千克,107237288.0
84716040,巨型机、大型机、中型机及小型机用终端,148,台,795,千克,224627.0
84716050,扫描仪,13678,台,62966,千克,2773571.0
84716060,数字化仪,944,台,612,千克,241191.0
84716071,键盘,433154,个,245475,千克,6691958.0
84716072,鼠标器,207458,个,29330,千克,10782126.0
84716090,其他输入或输出部件,1481150,台,32018,千克,12297255.0
84717011,固态硬盘(SSD),10505976,台,231109,千克,4178265017.0
84717019,硬盘驱动器（固态硬盘除外）,3827338,台,2102853,千克,874316809.0
84717020,软盘驱动器,4,台,3,千克,1339.0
84717030,光盘驱动器,175804,台,26941,千克,2061376.0
84717090,其他存储部件,20313,台,82061,千克,43011263.0
84718000,自动数据处理设备的其他部件,965232,台,749558,千克,1929746692.0
84719000,其他磁性或光学阅读机、数据转录及处理机器,347417,台,36710,千克,30852902.0
84723090,信件折迭机、信件开封机、粘贴或盖销邮票机,1,台,70,千克,5188.0
84729010,自动柜员机,3,台,1480,千克,20469.0
84729021,打洞机,1008,台,174,千克,2808.0
84729022,订书机,11600,台,2106,千克,51800.0
84729029,其他装订用机器,474,台,44,千克,1293.0
84729030,碎纸机,32,台,604,千克,5478.0
84729040,地址印写机及地址铭牌压印机,21,台,134,千克,2963.0
84729060,打字机，但品目84.43的打印机除外,50,台,125,千克,64101.0
84729090,未列名办公室用机器,6228,台,15097,千克,2689956.0
84732100,电子计算器的零件、附件,474,千克,0,?,42299.0
84732900,品目8470所列其他机器的零件、附件,19850,千克,0,?,37120873.0
84733010,大、中、小型计算机及其部件的零件、附件,968562,千克,0,?,138153395.0
84733090,品目8471所列其他机器的零件、附件,2277316,千克,0,?,10574992081.0
84734010,自动柜员机用出钞器和循环出钞器,829,千克,0,?,66364.0
84734020,编码8472.9050、8472.9060所列机器的零件、附件,86,千克,0,?,64736.0
84734090,品目8472所列机器的其他零件、附件,28422,千克,0,?,2020125.0
84735000,同样适用于品目84.70至84.72中两个或两个以上品目所列机器的零件、附件,22968,千克,0,?,3517675.0
84741000,固体矿物质的分类、筛选、分离或洗涤机器,56,台,97593,千克,2043885.0
84742010,齿辊式固体矿物质的破碎或磨粉机器,1,台,875,千克,1800.0
84742020,球磨式固体矿物质的破碎或磨粉机器,4,台,161,千克,35436.0
84742090,其他固体矿物质的破碎或磨粉机器,11,台,67280,千克,892632.0
84743100,混凝土或砂浆混合机器,4,台,34,千克,2520.0
84743200,矿物与沥青的混合机器,1,台,85106,千克,1005000.0
84743900,固体矿物质的其他混合或搅拌机器,135,台,124336,千克,5987449.0
84748020,固体矿物质模压成型机,4,台,5068,千克,72498.0
84748090,其他固体矿物燃料、陶瓷坯泥、未硬化水泥、石膏材料或其他粉状、浆状矿产品的粘聚或成型机器；铸造用砂模的成型机器,10,台,116204,千克,3813221.0
84749000,品目8474所列机器的零件,699357,千克,0,?,7851210.0
84751000,灯泡、灯管、电子管及类似品的封装机器,2,台,350,千克,177756.0
84752100,制造光导纤维及其预制件的机器,1,台,2390,千克,465298.0
84752919,其他玻璃热加工机器,15,台,1972,千克,281858.0
84752990,未列名玻璃或玻璃制品的制造机器,1,台,6480,千克,411611.0
84759000,品目8475所列机器的零件,13945,千克,0,?,9625886.0
84762100,装有加热或制冷装置的饮料自动销售机,4,台,980,千克,8691.0
84768900,无加热或制冷装置的其他机器,1,台,113,千克,12000.0
84769000,自动售货机及钱币兑换机的零件,1776,千克,0,?,335941.0
84771010,注塑机,552,台,4130968,千克,33161561.0
84771090,其他注射机,12,台,108700,千克,1431478.0
84772010,塑料造粒机,21,台,912070,千克,33368081.0
84772090,其他挤出机,22,台,422913,千克,13931367.0
84773010,挤出吹塑机,4,台,219009,千克,8271391.0
84773090,其他吹塑机,3,台,128137,千克,5399827.0
84774010,塑料中空成型机,6,台,15466,千克,329963.0
84774090,其他真空模塑机及其他热成型机器,34,台,591192,千克,9733347.0
84775100,充气轮胎模塑或翻新及内胎模塑或成型机器,4,台,45565,千克,4953231.0
84775900,其他模塑或成型机器,23,台,199279,千克,6190490.0
84778000,其他橡胶或塑料及其产品的加工机器,279,台,2307819,千克,58356071.0
84779000,品目8477所列机器的零件,630507,千克,0,?,26582522.0
84781000,烟草加工及制作机器,1,台,4015,千克,140000.0
84789000,烟草加工及制作机器的零件,551,千克,0,?,887598.0
84791021,沥青混凝土摊铺机,11,台,96091,千克,627105.0
84791090,其他公共工程用机器,6,台,1279,千克,24858.0
84792000,提取、加工动物油脂、植物固定油脂或微生物油脂的机器,9,台,36972,千克,1101855.0
84794000,绳或缆的制造机器,9,台,11850,千克,543131.0
84795011,协作机器人,261,台,22592,千克,4785044.0
84795019,其他多功能工业机器人,5142,台,2739424,千克,59929759.0
84795090,未列名工业机器人,1167,台,16587,千克,1696372.0
84796000,蒸发式空气冷却器,1171,台,3190,千克,69973.0
84798110,线圈绕线机,76,台,104922,千克,6496347.0
84798190,未列名处理金属的机械,325,台,443194,千克,24016652.0
84798200,搅混、轧碎、研磨、筛选、均化或乳化机器,2488,台,376619,千克,24956600.0
84798910,船舶用舵机及陀螺稳定器,579,台,507760,千克,5222022.0
84798920,空气增湿器及减湿器,14240,台,26897,千克,1347015.0
84798961,自动插件机,13,台,22999,千克,1126852.0
84798962,自动贴片机,1222,台,2766903,千克,142378889.0
84798969,其他在印刷电路板上装配元器件的机器,195,台,20351,千克,1140830.0
84798970,智能仿生机器人,6,台,363,千克,103421.0
84798992,自动化立体仓储设备,29,台,179804,千克,6433233.0
84798999,未列名具有独立功能的机器及机械器具,4496798,台,8289723,千克,447223792.0
84799010,船舶用舵机及陀螺稳定器用零件,127589,千克,0,?,1238059.0
84799020,空气增湿器及减湿器用零件,66035,千克,0,?,1860133.0
84799090,品目8479所列其他机器的零件,1010035,千克,0,?,84910371.0
84801000,金属铸造用型箱,890,千克,0,?,4589.0
84802000,型模底板,13212,千克,0,?,75318.0
84803000,阳模,5734,千克,0,?,258544.0
84804110,金属、硬质合金用压铸模,81693,千克,0,?,1171857.0
84804120,粉末冶金用压模,206,千克,0,?,77215.0
84804190,其他金属、硬质合金用注模或压模,21274,千克,0,?,320719.0
84804900,金属、硬质合金用其他型模,9666,千克,0,?,469499.0
84805000,玻璃用型模,886,套,1964,千克,719035.0
84806000,矿物材料用型模,272,套,2892,千克,1133344.0
84807110,硫化轮胎用囊式型模,1496799,套,96468,千克,3166705.0
84807190,其他塑料或橡胶用注模或压模,16815352,套,960934,千克,33796082.0
84807900,塑料或橡胶用其他型模,5002965,套,107681,千克,2938402.0
84811000,减压阀,1443082,套,397747,千克,32555337.0
84812010,油压传动阀,10145773,套,1744377,千克,73687271.0
84812020,气压传动阀,5892156,套,733698,千克,78809413.0
84813000,止回阀,20006341,套,762779,千克,41734538.0
84814000,安全阀或溢流阀,2546019,套,522402,千克,31579376.0
84818021,电磁式换向阀,2308769,套,717166,千克,59237828.0
84818029,其他换向阀,8073098,套,300842,千克,14420735.0
84818031,电子膨胀阀,186898,套,30943,千克,2555300.0
84818039,其他流量阀,2245597,套,1205086,千克,91329825.0
84818040,其他阀门,8368711,套,3573988,千克,274161288.0
84818090,龙头、旋塞及类似装置,1959245,套,322749,千克,14263007.0
84819010,阀门零件,2400642,千克,0,?,93547727.0
84819090,龙头、旋塞及类似装置的零件,303300,千克,0,?,11594505.0
84821010,调心球滚珠轴承,1964312,套,80371,千克,2171109.0
84821020,深沟球滚珠轴承,194645331,套,2411315,千克,77007558.0
84821030,角接触球滚珠轴承,3027638,套,709362,千克,26708766.0
84821040,推力球滚珠轴承,438705,套,123709,千克,3435531.0
84821090,其他滚珠轴承,8795623,套,947608,千克,37246770.0
84822000,锥形滚子轴承，包括锥形滚子组件,1474457,套,1291718,千克,19437183.0
84823000,鼓形滚子轴承,111376,套,619862,千克,9477231.0
84824000,滚针轴承，包括保持架和滚针组件,9510207,套,177842,千克,7617828.0
84825000,其他圆柱形滚子轴承，包括保持架和滚子组件,5263755,套,1219652,千克,39852101.0
84828000,其他滚动轴承，包括球、柱混合轴承,6954652,套,46836,千克,5439384.0
84829100,滚珠、滚针及滚柱,382607,千克,0,?,5986836.0
84829900,滚动轴承的其他零件,3646611,千克,0,?,48699665.0
84831011,船舶用柴油机曲轴,63,个,1069216,千克,5219259.0
84831019,其他船舶用传动轴,9715,个,518051,千克,3608204.0
84831090,其他传动轴及曲柄,13295239,个,2463053,千克,101545407.0
84832000,装有滚珠或滚子轴承的轴承座,228771,个,214326,千克,3865647.0
84833000,未装有滚珠或滚子轴承的轴承座；滑动轴承,160310139,个,815867,千克,42035406.0
84834010,滚子螺杆传动装置,91848,个,266826,千克,10439678.0
84834020,行星齿轮减速器,89464,个,445228,千克,12045662.0
84834090,齿轮及其他变速、传动装置；滚珠螺杆传动轴,8090409,个,5340488,千克,118004668.0
84835000,飞轮及滑轮，包括滑轮组,4003207,个,318356,千克,5434052.0
84836000,离合器及联轴器（包括万向节）,1087715,个,577374,千克,20892192.0
84839000,单独报验的带齿的轮等；8483货品的其他零件,7969511,千克,0,?,119527489.0
84841000,密封垫等，金属片与其他材料或多层金属片制,248147,千克,0,?,41427435.0
84842000,机械密封件,237102,千克,0,?,24436151.0
84849000,已包装成套或不同材料密封垫或类似接合衬垫,50915,千克,0,?,11991671.0
84851000,用金属材料的增材制造设备,2,台,5627,千克,1618517.0
84852000,用塑料或橡胶材料的增材制造设备,90,台,13897,千克,1663348.0
84858090,其他增材制造设备,4,台,315,千克,126409.0
84859010,用金属材料的增材制造设备的零件,132,千克,0,?,74635.0
84859030,用橡胶或塑料材料的增材制造设备的零件,32569,千克,0,?,2472352.0
84859090,其他增材制造设备的零件,691,千克,0,?,1121490.0
84861020,制造单晶柱或晶圆用的研磨设备,26,台,133390,千克,12924344.0
84861030,制造单晶柱或晶圆用的切割设备,101,台,207310,千克,17208498.0
84861040,制造单晶柱或晶圆用的化学机械抛光设备,16,台,227244,千克,21303207.0
84861090,其他制造单晶柱或晶圆用的机器及装置,15,台,47943,千克,8072888.0
84862010,制半导体器件或IC的氧化扩散等热处理设备,88,台,459265,千克,116933345.0
84862021,制造半导体器件或IC的化学气相沉积装置,157,台,1086582,千克,594747343.0
84862022,制造半导体器件或IC的物理气相沉积装置,46,台,151856,千克,49432458.0
84862029,其他制半导体件或集成电路用薄膜沉积设备,25,台,130893,千克,96752236.0
84862031,制半导体器件或集成电路用的分步重复光刻机,16,台,142924,千克,44884220.0
84862039,其他投影绘制电路图的制半导体件或IC的装置,50,台,675084,千克,944368445.0
84862041,制造半导体器件或IC的等离子体干法刻蚀机,172,台,894296,千克,721156501.0
84862049,制造半导体器件或IC的其他刻蚀及剥离设备,25,台,144804,千克,44247355.0
84862050,制造半导体器件或集成电路用的离子注入机,28,台,629185,千克,112997004.0
84862090,其他制半导体器件或集成电路用的机器及装置,371,台,1702308,千克,538805719.0
84863010,制造平板显示器的扩散、氧化等热处理设备,29,台,638018,千克,29062517.0
84863021,制造平板显示器用的化学气相沉积设备（CVD）,5,台,287190,千克,40850358.0
84863022,制造平板显示器用的物理气相沉积设备（PVD）,19,台,1805253,千克,164675187.0
84863031,制造平板显示器用的分布重复光刻机,4,台,201239,千克,5481609.0
84863039,其他投影绘制电路图的制造平板显示器的装置,1,台,1058,千克,158024.0
84863041,制造平板显示器用的超声波清洗装置,45,台,8905,千克,339978.0
84863049,制平板显示器用的其他湿法蚀刻、显影等装置,43,台,847232,千克,16348796.0
84863090,其他制造平板显示器用的机器及装置,53,台,1422562,千克,72390165.0
84864010,制作和修复掩膜版（mask）或投影掩膜版（reticle）的装置,2,台,16876,千克,10654749.0
84864021,装配与封装半导体器件或集成电路的塑封机,13,台,122585,千克,5614730.0
84864022,装配与封装半导体件或集成电路引线键合装置,2076,台,1296425,千克,128538615.0
84864029,本章注释11（3）规定的其他装配封装机器及装置,370,台,691861,千克,97252147.0
84864031,集成电路工厂专用的自动搬运机器人,1429,台,316735,千克,56176590.0
84864039,其他升降、装卸、搬运单晶柱等的装置,1796,台,1887564,千克,147825753.0
84869010,本章注释11（3）规定的机器用零件及附件,34652,千克,0,?,5539401.0
84869020,引线键合装置用零件及附件,12632,千克,0,?,6002818.0
84869091,带背板的溅射靶材组件,105821,千克,0,?,21190319.0
84869099,品目8486所列设备用未列名零件及附件,1151571,千克,0,?,484413552.0
84871000,船用推进器及桨叶,2951154,千克,0,?,49436462.0
84879000,未列名的机器零件，不具有电气器材特征的,906050,千克,0,?,41135487.0
85011010,玩具电动机，输出功率≤37.5W,46177,台,5922,千克,193612.0
85011091,微电机，输出功率≤37.5W，20mm≤机座尺寸≤30mm,17172111,台,683917,千克,24705529.0
85011099,其他电动机，输出功率≤37.5W,17243042,台,1521131,千克,68343894.0
85012000,交直流两用电动机，输出功率＞37.5W,1451,台,7826,千克,444663.0
85013100,直流电动机及直流发电机，输出功率≤750W,1981057,台,1586189,千克,49479742.0
85013200,直流电动机及直流发电机，750W＜输出功率≤75kW,107972,台,175074,千克,7372187.0
85013300,直流电动机及直流发电机，75kW＜输出功率≤375kW,87,台,6361,千克,668621.0
85013400,直流电动机及直流发电机，输出功率＞375kW,12,台,1623,千克,189988.0
85014000,其他单相交流电动机,167086,台,185507,千克,5171598.0
85015100,多相交流电动机，输出功率≤750W,85822,台,355255,千克,22675749.0
85015200,多相交流电动机，750W＜输出功率≤75kW,82058,台,2366061,千克,76922599.0
85015300,多相交流电动机，输出功率＞75kW,3941,台,1403495,千克,36289956.0
85016100,交流发电机，输出功率≤75kVA,1579,台,59796,千克,895271.0
85016200,交流发电机，75kVA＜输出功率≤375kVA,29,台,4348,千克,4648832.0
85016300,交流发电机，375kVA＜输出功率≤750kVA,4,台,1820,千克,101312.0
85016410,交流发电机，750KVA＜输出功率≤350MVA,121,台,765560,千克,10229450.0
85017100,输出功率≤50W的光伏直流发电机,4968,台,6910,千克,114668.0
85021100,压燃式内燃机发电机组，输出功率≤75kVA,109,台,58029,千克,1173941.0
85021200,压燃式内燃机发电机组，75kVA＜输出功率≤375kVA,12,台,26872,千克,718524.0
85021310,压燃式内燃机发电机组，375kVA＜输出功率≤2MVA,112,台,2048419,千克,31237521.0
85021320,压燃式内燃机发电机组，输出功率＞2MVA,23,台,1917836,千克,33072362.0
85022000,装有点燃式活塞内燃发动机的发电机组,72,台,264266,千克,6969447.0
85023100,风力发电机组,6,台,62,千克,665.0
85023900,未列名发电机组,112,台,905432,千克,93658215.0
85030010,玩具电动机和微电机的零件,62596,千克,0,?,4120898.0
85030020,输出功率＞350MVA交流发电机的零件,7961,千克,0,?,268819.0
85030030,子目号850231所列发电机组零件,40241,千克,0,?,1567854.0
85030090,其他专用于或主要用于8501或8502机器的零件,3698082,千克,0,?,60851131.0
85041010,放电灯或放电管用电子镇流器,17079,个,3179,千克,882980.0
85041090,其他放电灯或放电管用镇流器,26061,个,5623,千克,108948.0
85042100,液体介质变压器，额定容量≤650kVA,46,个,16100,千克,1046745.0
85042200,液体介质变压器，650kVA＜额定容量≤10MVA,3,个,11516,千克,14506.0
85042321,液体介质变压器，400MVA≤额定容量＜500MVA,1,个,21,千克,129.0
85043110,额定容量≤1kVA的互感器,456260,个,96453,千克,4426406.0
85043190,未列名额定容量≤1kVA的变压器,47254174,个,453478,千克,30144540.0
85043210,1kVA＜额定容量≤16kVA的互感器,2552,个,10500,千克,190693.0
85043290,1kVA＜额定容量≤16kVA的未列名变压器,692537,个,56460,千克,2149731.0
85043310,额定容量超过16千伏安，但不超过500千伏安的互感器,206,个,78,千克,18373.0
85043390,未列名额定容量超过16千伏安，但不超过500千伏安的其他变压器,10356,个,86639,千克,2340794.0
85043490,未列名额定容量超过500千伏安的其他变压器,57,个,376985,千克,5074737.0
85044013,品目8471所列机器用的稳压电源,534516,个,249817,千克,16547309.0
85044014,其他功率＜1kW直流稳压电源，精度＜1/10000,6845373,个,698440,千克,75736842.0
85044015,其他功率＜10kW交流稳压电源，精度＜1/1000,52687,个,62303,千克,7652856.0
85044019,其他稳压电源,150841,个,371062,千克,48993644.0
85044020,不间断供电电源,13167,台,238688,千克,7784277.0
85044030,逆变器,178892,个,400376,千克,27029967.0
85044091,具有变流功能的半导体模块,62255086,个,936459,千克,238939718.0
85044099,未列名静止式变流器,14034817,个,2308360,千克,204827159.0
85045000,其他电感器,12993293211,个,1624714,千克,234644002.0
85049011,额定容量≥400MVA的液体介质变压器的零件,1826,千克,0,?,74312.0
85049019,其他变压器的零件,365648,千克,0,?,8725357.0
85049020,稳压电源及不间断供电电源的零件,209280,千克,0,?,14408570.0
85049090,品目8504所列其他货品的零件,930214,千克,0,?,59577329.0
85051110,稀土的永磁铁及磁化后准备制永磁铁的物品,103612,千克,0,?,7240523.0
85051190,其他金属永磁铁及磁化后准备制永磁铁的物品,83773,千克,0,?,3299896.0
85051900,其他永磁铁及磁化后准备制永磁铁的物品,482980,千克,0,?,5652284.0
85052000,电磁联轴节、离合器及制动器,182138,千克,0,?,6560658.0
85059010,电磁起重吸盘,158,个,114,千克,6648.0
85059090,电磁铁；电磁或永磁工件夹具、夹具及类似的工作夹具，包括零件,21764085,个,569454,千克,21309886.0
85061011,扣式碱性锌锰原电池（组）,12998111,个,24834,千克,1566321.0
85061012,圆柱型碱性锌锰原电池（组）,16845008,个,525787,千克,2480162.0
85061019,其他碱性锌锰原电池（组）,2668960,个,48708,千克,361964.0
85061090,其他二氧化锰原电池（组）,6605531,个,71684,千克,783024.0
85064000,氧化银原电池（组）,12918165,个,9740,千克,2528991.0
85065000,锂的原电池及原电池组,41692614,个,185724,千克,11500567.0
85066000,锌空气的原电池及原电池组,14712094,个,14923,千克,1480885.0
85068000,其他原电池及原电池组,1,个,0,千克,319.0
85069010,子目8506.10所列原电池及原电池组的零件,6,千克,0,?,1074.0
85069090,其他原电池及原电池组的零件,21286,千克,0,?,693697.0
85071000,用于起动活塞式发动机的铅酸蓄电池,21375,个,446278,千克,2045363.0
85072000,其他铅酸蓄电池,640136,个,1876633,千克,7072318.0
85073000,镍镉蓄电池,6375,个,16403,千克,2804106.0
85075000,镍氢蓄电池,4019913,个,148003,千克,4799809.0
85076000,锂离子蓄电池,113135150,个,8293625,千克,257042256.0
85078090,未列名蓄电池,93769,个,8345,千克,155953.0
85079010,铅酸蓄电池的零件,21045,千克,0,?,330202.0
85079090,其他蓄电池的零件,600891,千克,0,?,27525316.0
85081110,清洁机器人，功率不超过1500瓦，且带有容积不超过20升的集尘袋或其他集尘容器,1609,台,18230,千克,284492.0
85081190,其他电动真空吸尘器，功率不超过1500瓦，且带有容积不超过20升的集尘袋或其他集尘容器,192285,台,287049,千克,5799803.0
85081910,其他清洁机器人,384,台,5952,千克,142978.0
85081990,未列名电动真空吸尘器,619,台,17268,千克,402804.0
85086000,非电动真空吸尘器,140,台,1058,千克,85887.0
85087010,子目8508.11所列吸尘器用零件,64248,千克,0,?,1344938.0
85087090,其他真空吸尘器用零件,55067,千克,0,?,1235304.0
85094010,水果或蔬菜的榨汁器,3002,台,13045,千克,262303.0
85094090,食品研磨机及搅拌器,14534,台,39989,千克,1252180.0
85098020,厨房废物处理器,230,台,2452,千克,46383.0
85098030,电动牙刷,14092,个,2601,千克,560067.0
85098090,其他家用电动器具,82594,台,54796,千克,1777015.0
85099000,家用电动器具的零件,111519,千克,0,?,7784223.0
85101000,电动剃须刀,169961,个,45370,千克,8748201.0
85102000,电动毛发推剪,31464,个,7412,千克,435605.0
85103000,电动脱毛器,1348,个,160,千克,19177.0
85109000,电动剃须刀及电动毛发推剪的零件,43377,千克,0,?,8034053.0
85111000,火花塞,5869120,个,250081,千克,32020999.0
85112010,机车航空器船舶磁电机、直流发电机及磁飞轮,84,个,249,千克,56374.0
85112090,其他点火磁电机、永磁直流发电机及磁飞轮,97374,个,30310,千克,294058.0
85113010,机车、航空器及船舶用分电器、点火线圈,697,个,144,千克,175381.0
85113090,其他分电器、点火线圈,551228,个,99828,千克,4388507.0
85114010,机车航空器船舶用起动电机及两用起动发电机,206,个,2879,千克,7016680.0
85114091,输出功率≥132.39kW其他发动机用启动电机,16640,个,102034,千克,1942713.0
85114099,其他起动电机及两用起动发电机,203807,个,869085,千克,6432194.0
85115010,其他机车、航空器及船舶用发电机,99,个,26172,千克,4067512.0
85115090,未列名发电机,81764,个,473461,千克,5010565.0
85118000,内燃机用其他电点火及电起动装置及断流器,91468,个,12571,千克,1652778.0
85119010,品目8511供机车、航空器及船舶用各种装置的零件,153,千克,0,?,966957.0
85119090,品目8511所列其他装置的零件,505608,千克,0,?,10864643.0
85121000,自行车电气照明或视觉信号装置,13181,个,656,千克,141066.0
85122010,机动车辆用电气照明装置,1123718,个,259522,千克,31103647.0
85122090,机动车辆用视觉信号装置,449005,个,223637,千克,21622847.0
85123011,机动车辆用喇叭、蜂鸣器,748753,个,70461,千克,2152109.0
85123012,机动车辆用防盗报警器,37157,个,3706,千克,393183.0
85123019,机动车辆用其他电气音响信号装置,7297,个,1520,千克,119745.0
85123090,自行车用电气音响信号装置,356,个,80,千克,3651.0
85124000,车辆风挡刮水器、除霜器及去雾器,74106,个,153781,千克,3376209.0
85129000,品目8512所列装置的零件,382491,千克,0,?,17757344.0
85131010,手电筒,10368,个,2171,千克,160438.0
85131090,其他自供能源的手提式电灯,18534,个,7561,千克,441344.0
85139010,手电筒零件,814,千克,0,?,89052.0
85139090,其他自供能源手提式电灯的零件,11408,千克,0,?,448599.0
85141910,可控气氛热处理炉,24,台,319685,千克,22755726.0
85141990,其他工业或实验室用电阻加热炉及烘箱,1021,台,526289,千克,58170392.0
85142000,工业或实验用感应或介质损耗工作的炉及烘箱,37,台,18550,千克,1897872.0
85143900,其他工业或实验室用炉及烘箱,185,台,22254,千克,1107756.0
85144000,其他工业或实验用感应或介质损耗热处理设备,199,台,94775,千克,8655063.0
85149010,炼钢电炉的零件,40,千克,0,?,6896.0
85149090,品目8514所列其他设备的零件,52818,千克,0,?,5383806.0
85151100,钎焊烙铁及焊枪,6259,个,4824,千克,314165.0
85151900,其他钎焊机器及装置,352,台,96449,千克,2035084.0
85152120,电阻焊接机器人,5,台,4849,千克,241339.0
85152191,全自动或半自动电阻直缝焊管机,3,台,7000,千克,20009.0
85152199,未列名全自动或半自动电阻焊接机器及装置,42,台,14633,千克,1018243.0
85152900,其他电阻焊接机器及装署,85,台,890,千克,96451.0
85153120,用于金属加工的电弧(包括等离子弧）焊接机器人,2,台,4323,千克,273546.0
85153191,全自动或半自动用于金属加工的电弧(包括等离子弧）螺旋焊管机,3,台,81,千克,45610.0
85153199,未列名全自动或半自动用于金属加工的电弧(包括等离子弧）焊接机器及装置,466,台,36963,千克,3176377.0
85153900,其他用于金属加工的电弧(包括等离子弧）焊接机器及装置,161,台,8510,千克,891649.0
85158010,激光焊接机器人,1,台,1440,千克,211036.0
85158090,未列名焊接机器及装置；用于热喷金属或金属陶瓷的电气机器及装置,1712,台,107654,千克,15558048.0
85159000,品目8515所列机器的零件,62413,千克,0,?,12408739.0
85161010,电热的储存式热水器,114,个,1428,千克,146165.0
85161020,电热的快速热水器,710,个,5593,千克,1202589.0
85161090,其他电热水器,2161,个,3872,千克,615438.0
85162100,电气储存式散热器,2004,个,56,千克,2559.0
85162910,电气土壤加热器,1,个,6,千克,835.0
85162920,辐射式电气空间加热器,3124,个,854,千克,69135.0
85162931,风扇式电气空间加热器,2040,个,23474,千克,2735879.0
85162932,充液式电气空间加热器,6400,个,12353,千克,1337739.0
85162939,其他对流式电气空间加热器,299,个,1377,千克,326446.0
85162990,未列名电气空间加热器,27490,个,68530,千克,2125131.0
85163100,电吹风机,32889,个,67334,千克,7005863.0
85163200,其他电热理发器具,10150,个,18232,千克,1497422.0
85163300,电热干手器,12,个,209,千克,9431.0
85164000,电熨斗,7366,个,19101,千克,370454.0
85165000,微波炉,1050,台,24581,千克,590296.0
85166010,电磁炉,944,个,15792,千克,1005672.0
85166030,电饭锅,31721,个,173294,千克,3755754.0
85166040,电炒锅,12,个,554,千克,21571.0
85166050,电烤箱,5369,个,208717,千克,4166277.0
85166090,其他电炉；电锅、电热板、加热环、烧烤炉等,10854,个,272848,千克,8078900.0
85167110,滴液式咖啡机,1775,个,3923,千克,95931.0
85167120,蒸馏渗滤式咖啡机,52,个,72,千克,3805.0
85167130,泵压式咖啡机,54674,个,358746,千克,10620020.0
85167190,其他电咖啡机或茶壶,187,个,1383,千克,401393.0
85167210,家用自动面包机,8,个,47,千克,1124.0
85167220,片式烤面包机（多士炉）,2284,个,6636,千克,99738.0
85167290,其他电热烤面包器,10,个,52,千克,3402.0
85167910,电热饮水机,521,台,8162,千克,75229.0
85167990,未列名电热器具,38734,个,61642,千克,1733660.0
85168000,加热电阻器,17454688,个,304101,千克,37754238.0
85169010,土壤加热器及加热电阻器用零件,16922,千克,0,?,968345.0
85169090,品目8516所列其他货品的零件,441235,千克,0,?,13495162.0
85171100,无绳电话机,46961,台,16933,千克,672961.0
85171300,智能手机,153393,台,55881,千克,99344575.0
85171410,手持（包括车载）式无线电话机,5237,台,2053,千克,216701.0
85171420,对讲机,25653,台,16688,千克,3815253.0
85171490,未列名用于蜂窝网络或其他无线网络的电话机,92,台,2135,千克,398485.0
85171800,其他电话机,20796,台,20833,千克,1853740.0
85176110,移动通信基站,172,台,500,千克,139169.0
85176190,其他基站,61,台,1109,千克,214451.0
85176211,局用电话交换机；长途电话交换机；电报交换机,1,台,2,千克,3159.0
85176212,移动通信交换机,1,台,120,千克,202326.0
85176219,其他电话交换机,129,台,1340,千克,252973.0
85176221,光端机及脉冲编号调制设备（PCM）,2,台,1,千克,1975.0
85176222,波分复用光传输设备,198528,台,1134,千克,4600037.0
85176229,其他光通讯设备,148026,台,84038,千克,62218016.0
85176231,通信网络时钟同步设备,130,台,341,千克,823053.0
85176232,以太网络交换机,101834,台,275432,千克,102280150.0
85176233,IP电话信号转换设备,13362,台,13832,千克,1571699.0
85176234,调制解调器,17166,台,2893,千克,1042076.0
85176235,集线器,64368,台,13902,千克,3034837.0
85176236,有线路由器,25546,台,43033,千克,17537910.0
85176237,有线网络接口卡,665992,台,145503,千克,626347688.0
85176239,未列名有线数字通讯设备,346702,台,120020,千克,67334545.0
85176292,无线网络接口卡,6387249,台,27049,千克,45757506.0
85176293,无限接入固定台,6964,台,4765,千克,968902.0
85176294,无线耳机、无线耳塞,1190089,个,220468,千克,45512004.0
85176295,无线路由器,18852,台,23668,千克,2614997.0
85176299,其他接收、转换并且发送或再生声音、图像或其他数据用的设备,30685494,台,633520,千克,379342361.0
85176910,其他发送接收声音/图像或其他数据无线设备,238963,台,36374,千克,19729482.0
85176990,其他发送接收声音/图像或其他数据有线设备,48838,台,17765,千克,4425080.0
85177100,各种天线和天线反射器及其零件,89231,千克,0,?,39136294.0
85177910,数字式程控电话或电报交换机用零件,101,千克,0,?,22688.0
85177920,光端机及脉冲编码调制设备（PCM）用零件,2640,千克,0,?,447339.0
85177930,智能手机及其他手持（包括车载）式无线电话机用零件（天线除外）,774828,千克,0,?,671617173.0
85177940,对讲机用零件（天线除外）,1037,千克,0,?,414497.0
85177950,光通信设备的激光收发模块,75160,千克,0,?,172815797.0
85177990,品目85.17所列设备用其他零件,1101434,千克,0,?,832358477.0
85181000,传声器（麦克风）及其座架,53818837,个,34891,千克,22200092.0
85182100,单喇叭音箱,449275,个,313596,千克,6369728.0
85182200,多喇叭音箱,121628,个,562632,千克,24844851.0
85182900,其他扬声器,17943289,个,500637,千克,27454688.0
85183000,耳机、耳塞（无线耳机、耳塞除外），不论是否装有传声器，由传声器及一个或多个扬声器组成的组合机,2173151,个,60072,千克,15899953.0
85184000,音频扩大器,123850,台,174633,千克,22298275.0
85185000,电气扩音机组,312,套,2659,千克,235906.0
85189000,品目8518所列货品的零件,580401,千克,0,?,18472353.0
85193000,转盘（唱机唱盘）,4854,台,22367,千克,893303.0
85198111,未装声音录制装置的盒式磁带型声音重放装置,5,台,24,千克,6544.0
85198112,装有声音重放装置的盒式磁带型录音机,3,台,22,千克,1002.0
85198121,激光唱机，未装有声音录制装置,1220,台,9981,千克,675422.0
85198129,其他使用光学媒体的声音录制或重放设备,99,台,737,千克,143624.0
85198131,有声音重放装置的闪速存储器型声音录制设备,82158,台,49754,千克,5501089.0
85198139,其他使用半导体媒体的声音录制或重放设备,672,台,697,千克,425353.0
85198910,不带录制装置的其他唱机，不论是否带扬声器,539,台,2312,千克,87811.0
85198990,其他声音录制或重放设备,2349,台,857,千克,285249.0
85219012,数字化视频光盘（DVD）播放机,16,台,49,千克,3006.0
85219019,其他激光视盘机,5,台,8,千克,2563.0
85219090,未列名视频信号录制或重放设备,15256,台,10579,千克,1730926.0
85221000,拾音头,22316,个,81,千克,136116.0
85229010,转盘或唱机的零件、附件,90025,千克,0,?,1841240.0
85229022,磁头,2500,个,19,千克,1050.0
85229023,磁头零件,0,千克,0,?,1725.0
85229031,激光视盘机的机芯,40030,千克,0,?,5748447.0
85229039,其他视频信号录制或重放设备的零件、附件,15696,千克,0,?,945434.0
85229099,品目8519或8521所列设备的其他零件、附件,36821,千克,0,?,1394009.0
85232110,未录制磁条卡,26586,个,79,千克,199907.0
85232120,已录制磁条卡,46441,个,29,千克,4198.0
85232911,未录制磁盘,35310876,个,460310,千克,65661976.0
85232919,已录制磁盘,1565,个,81,千克,580823.0
85232921,未录制的宽度≤4mm磁带,1585,盘,80,千克,10696.0
85232923,未录制的宽度＞6.5mm的磁带,49146,盘,13581,千克,2568991.0
85234100,未录制光学媒体,15772302,张,282033,千克,1756568.0
85234910,已录制仅用于重放声音信息的光学媒体,11,张,1,千克,2851.0
85234920,已录制用于重放声音、图像以外信息的，品目84.71所列机器用光学媒体,43096,张,2251,千克,232569360.0
85234990,已录制其他光学媒体,1330,张,33,千克,4950.0
85235110,未录制固态非易失性存储器件（闪速存储器）,7997194,个,25786,千克,100686963.0
85235120,已录制固态非易失性存储器件（闪速存储器）,222840,个,2951,千克,77708161.0
85235210,未录制“智能卡”,193655489,个,73501,千克,15005712.0
85235290,已录制“智能卡”,940384701,个,18167,千克,8925874.0
85235910,未录制半导体媒体,2619275,个,2978,千克,1254746.0
85235920,已录制半导体媒体,607794,个,218,千克,307117.0
85238011,已录制唱片,2000,张,1550,千克,92744.0
85238029,其他8471用录制信息用媒体，已录制,2,张,0,千克,37275.0
85241100,"液晶平板显示模组,不含驱动器或控制电路",72692328,个,9656055,千克,508007009.0
85241200,有机发光二极管（OLED）平板显示模组，不含驱动器或控制电路,13900738,个,696586,千克,169115545.0
85241929,其他发光二极管平板显示模组，不含驱动器或控制电路,28130,个,412,千克,1127690.0
85241990,其他平板显示模组，不含驱动器或控制电路,1868392,个,85929,千克,49363384.0
85249110,其他专用于或主要用于品目85.17所列装置的液晶平板显示模组,675002,个,22090,千克,3930325.0
85249120,其他专用于或主要用于品目85.19、85.21、85.25、85.26或85.27所列设备的液晶平板显示模组,255498,个,10942,千克,3819177.0
85249130,其他专用于或主要用于品目85.35、85.36或85.37所列装置的液晶平板显示模组,153045,个,20068,千克,2467543.0
85249140,其他专用于或主要用于品目87.01至87.05所列车辆的液晶平板显示模组,166708,个,92926,千克,20487373.0
85249190,未列名液晶平板显示模组,5172468,个,2140797,千克,154765055.0
85249210,其他专用于或主要用于品目85.17所列装置的有机发光二极管（OLED）平板显示模组,28760829,个,821690,千克,1954870215.0
85249220,其他专用于或主要用于品目85.19、85.21、85.25、85.26或85.27所列设备的有机发光二极管（OLED）平板显示模组,141990,个,281,千克,2439212.0
85249230,其他专用于或主要用于品目85.35、85.36或85.37所列装置的有机发光二极管（OLED）平板显示模组,1325,个,5,千克,10938.0
85249240,其他专用于或主要用于品目87.01 至87.05所列车辆的有机发光二极管（OLED）平板显示模组,38287,个,61573,千克,41188252.0
85249250,电视接收机用其他有机发光二极管（OLED）平板显示模组,5761,个,49208,千克,3045463.0
85249260,其他专用于或主要用于品目85.28所列其他监视器的有机发光二极管（OLED）平板显示模组,295508,个,284808,千克,76681555.0
85249290,未列名有机发光二极管（OLED）平板显示模组,762144,个,67608,千克,115500442.0
85249929,未列名发光二极管平板显示模组,12726,个,1097,千克,113060.0
85249990,未列名平板显示模组,3527882,个,66893,千克,64902345.0
85255000,无线电广播、电视发送设备,1,台,35,千克,1830.0
85256010,卫星地面站设备,11,台,614,千克,102600.0
85256090,其他装有接收装置的发送设备,568,台,7493,千克,1872668.0
85258110,高速电视摄像机,18,台,48,千克,117554.0
85258120,高速数字照相机,79,台,55,千克,541483.0
85258130,高速视频摄录一体机,70,台,115,千克,966713.0
85258310,夜视电视摄像机,2035,台,957,千克,151823.0
85258330,夜视视频摄录一体机,1585,台,1099,千克,125705.0
85258911,其他特种用途的电视摄像机,4275,台,3225,千克,7972026.0
85258912,非特种用途的广播级电视摄像机,66,台,242,千克,366912.0
85258919,非特种用途的其他类型电视摄像机,1989136,台,74083,千克,58072896.0
85258921,其他特种用途的数字照相机,462,台,314,千克,2777349.0
85258922,非特种用途的单镜头反光型数字照相机,290,台,414,千克,315280.0
85258923,非特种用途的其他可换镜头的数字照相机,60032,台,60536,千克,51444411.0
85258929,非特种用途的其他类型数字照相机,65633,台,25200,千克,24865377.0
85258931,其他特种用途的视频摄录一体机,151,台,613,千克,1439844.0
85258932,非特种用途的广播级视频摄录一体机,678,台,852,千克,1675822.0
85258933,非特种用途的家用型视频摄录一体机,36129,台,11191,千克,1172724.0
85258939,非特种用途的其他类型视频摄录一体机,83444,台,24738,千克,19979984.0
85261010,导航用雷达设备,600,台,43157,千克,8233636.0
85261090,其他雷达设备,621514,台,87817,千克,53417077.0
85269110,机动车辆用无线电导航设备,165515,台,119528,千克,99405309.0
85269190,其他无线电导航设备,604378,台,67245,千克,22603814.0
85269200,无线电遥控设备,816328,台,52226,千克,8450581.0
85271300,其他不需外接电源的收录（放）音组合机,23,台,44,千克,10563.0
85271900,其他不需外接电源的无线电收音机,3022,台,1906,千克,40722.0
85272100,需外接电源的汽车用收录（放）音组合机,17298,台,19852,千克,2893315.0
85272900,其他需外接电源的汽车用无线电收音机,38929,台,12143,千克,2683934.0
85279100,其他收录（放）音组合机,2008,台,1898,千克,241709.0
85279200,其他带时钟的收音机,57,台,46,千克,5976.0
85279900,未列名无线电广播接收设备,14660,台,35842,千克,1232227.0
85285211,专用于或主要用于品目84.71的自动数据处理设备的液晶监视器,3584,台,18625,千克,3872846.0
85285212,其他可直接连接品目84.71的自动数据处理设备的彩色液晶监视器,27821,台,201885,千克,9250878.0
85285219,其他可直接连接品目84.71的自动数据处理设备的单色液晶监视器,8,台,28,千克,3439.0
85285291,专用于或主要用于品目84.71的自动数据处理设备的其他监视器,124,台,238,千克,32869.0
85285292,可直接连接品目84.71的自动数据处理设备的其他彩色监视器,384,台,1845,千克,290272.0
85285299,可直接连接品目84.71的自动数据处理设备的其他单色监视器,1,台,5,千克,316.0
85285910,其他彩色监视器,38644,台,60677,千克,12979987.0
85285990,其他单色监视器,589,台,737,千克,1269384.0
85286210,可直接连接并专用于或主要用于品目84.71的自动数据处理设备的投影机,4,台,24,千克,255960.0
85286220,可直接连接品目84.71的自动数据处理设备的其他彩色投影机,221,台,3182,千克,324776.0
85286910,其他彩色投影机,998,台,2220,千克,537601.0
85286990,其他单色投影机,3,台,6,千克,13319.0
85287110,彩色卫星电视接收机,1,台,108,千克,15000.0
85287180,其他彩色的在设计上不带有视频显示器或屏幕的电视接收装置,266,台,80,千克,11932.0
85287221,液晶显示器彩色模拟电视接收机,200,台,1517,千克,88341.0
85287222,液晶显示器彩色数字电视接收机,307,台,9344,千克,305250.0
85287229,其他液晶显示器彩色电视接收机,10,台,1,千克,1200.0
85287292,其他彩色数字电视接收机,873,台,11024,千克,511320.0
85287299,其他彩色电视接收机,1,台,7,千克,800.0
85291010,雷达及无线电导航设备天线及其反射器及零件,25453,千克,0,?,7419644.0
85291020,收音机、电视机等的天线或天线反射器及零件,11471,千克,0,?,853406.0
85291090,品目8525至8528其他设备的天线及其反射器及零件,85744,千克,4524891,个,6564426.0
85299010,电视发送、差转及卫星电视地面收转设备零件,3758,千克,586387,个,397940.0
85299020,品目85.24所列设备用零件,253772,千克,11656964,个,41201743.0
85299041,特种用途电视摄像机等及数字照相机的零件,614,千克,0,?,2248079.0
85299042,非特种用途的取像模块,185235,千克,0,?,1322872781.0
85299049,其他电视摄像机等及数字照相机的零件,178640,千克,0,?,282118960.0
85299050,雷达设备及无线电导航设备的其他零件,46231,千克,0,?,16037860.0
85299060,无线电收音机及其组合机的其他零件,8937,千克,0,?,1127276.0
85299081,彩色电视接收机零件,84200,千克,0,?,1892911.0
85299089,其他电视接收机零件,7977,千克,0,?,140293.0
85299090,品目85.25至85.28所列装置或设备用未列名零件,203167,千克,30594148,个,46243545.0
85301000,铁道或电车道电气信号、安全或交通管理设备,11,个,74,千克,17142.0
85308000,其他电气信号、安全或交通管理设备,170,个,7316,千克,1262908.0
85309000,品目8530所列设备的零件,125356,千克,0,?,2183042.0
85311000,防盗或防火报警器及类似装置,38601,个,47258,千克,10679610.0
85312000,装有液晶装置或发光二极管的显示板,4898187,个,55991,千克,9182166.0
85318010,蜂鸣器,8086037,个,16680,千克,2407943.0
85318090,未列名电气音响或视觉信号装置,2030540,个,79705,千克,9920300.0
85319010,防盗或防火报警器及类似装置的零件,125515,千克,0,?,7868835.0
85319090,品目8531所列其他装置的零件,13452,千克,0,?,1783153.0
85321000,50/60Hz电路用的固定电容器，额定无功功率≥0.5千瓦,42239,千克,6232,千个,6058494.0
85322110,片式钽电容器,81908,千克,631871,千个,86039930.0
85322190,其他钽电容器,710,千克,3367,千个,690891.0
85322210,片式铝电解电容器,402128,千克,432811,千个,49693948.0
85322290,其他铝电解电容器,1747690,千克,512041,千个,67371061.0
85322300,单层瓷介电容器,72547,千克,581361,千个,9751713.0
85322410,片式多层瓷介电容器,1705694,千克,225593530,千个,721510989.0
85322490,其他多层瓷介电容器,25717,千克,117066,千个,4325984.0
85322510,片式纸介质或塑料介质电容器,12705,千克,14915,千个,2217695.0
85322590,其他纸介质或塑料介质电容器,674292,千克,105933,千个,22411063.0
85322900,未列名固定电容器,68029,千克,52789,千个,16499643.0
85323000,可变或可调（微调）电容器,10422,千克,1916,千个,11526458.0
85329010,品目85321000所列电容器的零件,51210,千克,0,?,892395.0
85329090,其他电容器的零件,90974,千克,0,?,14245110.0
85331000,固定碳质电阻器，合成或薄膜式,19927,千克,397772,千个,2005464.0
85332110,额定功率≤20瓦的片式固定电阻器,490515,千克,116093742,千个,120435011.0
85332190,额定功率≤20瓦的其他固定电阻器,90683,千克,271346,千个,8879743.0
85332900,额定功率＞20瓦的其他固定电阻器,151305,千克,5778,千个,7443619.0
85333100,额定功率≤20瓦的线绕可变电阻器,2914,千克,7906,千个,925678.0
85333900,额定功率＞20瓦的线绕可变电阻器,3600,千克,27,千个,171111.0
85334000,其他可变电阻器,312942,千克,2951466,千个,74325227.0
85339000,电阻器（包括变阻器及电位器）的零件,80153,千克,0,?,4225927.0
85340010,四层以上的印刷电路,512896148,块,1487015,千克,364526529.0
85340090,四层及以下的印刷电路,1892516124,块,1480845,千克,399864074.0
85351000,熔断器，线路电压＞1000V,32308,个,6676,千克,576701.0
85352100,自动断路器，1000V＜线路电压＜72.5kV,7487,个,42951,千克,2988063.0
85352910,自动断路器，72.5kV≤线路电压≤220kV,83,个,93,千克,10191.0
85352920,自动断路器，220kV＜线路电压≤750kV,340,个,834,千克,16226.0
85353010,隔离开关及断续开关，72.5kV≤线路电压≤220kV,42,个,942,千克,73568.0
85353020,隔离开关及断续开关，220kV＜线路电压≤750kV,6,个,3,千克,4490.0
85353090,"用于电压超过1000伏但低于72.5千伏,或高于750千伏的线路的隔离开关及断续开关",588,个,5996,千克,456979.0
85354000,避雷器、电压限幅器及电涌抑制器，电压＞1000V,1902769,个,12986,千克,1296059.0
85359000,其他开关、保护或连接用电气装置，电压＞1000V,128810,千克,0,?,11270897.0
85361000,熔断器，线路电压≤1000V,527514028,个,420482,千克,43722497.0
85362000,自动断路器，线路电压≤1000V,3905348,个,493279,千克,29230410.0
85363000,其他电路保护装置，线路电压≤1000V,78646370,个,140555,千克,23656807.0
85364110,继电器，线路电压≤36V,92523062,个,618380,千克,51897422.0
85364190,继电器，36V≤线路电压≤60V,404403,个,22441,千克,1351745.0
85364900,继电器，60V＜线路电压≤1000V,6188840,个,300202,千克,28925371.0
85365000,开关，线路电压≤1000V,618744812,个,973737,千克,134570916.0
85366100,灯座，线路电压≤1000V,467478,个,5387,千克,489658.0
85366900,插头及插座，线路电压≤1000V,162191786,个,504544,千克,52246234.0
85367000,光导纤维、光导纤维束或光缆用连接器,95148,千克,0,?,78152296.0
85369011,工作电压不超过36伏的接插件,3936508,千克,0,?,484601841.0
85369019,工作电压超过36伏，但不超过1000伏的接插件,1696728,千克,0,?,155533523.0
85369090,未列名用于电压不超过1000伏线路的连接用电气装置,1127921,千克,0,?,144890226.0
85371011,用于电压≤1000V线路的可编程序控制器,314185,个,221664,千克,83789178.0
85371019,用于电压≤1000V线路的其他数控装置,135310,个,241073,千克,50958406.0
85371090,其他电气控制或电力分配盘板台等，电压≤1000V,5921794,个,1863850,千克,303164315.0
85372090,其他电气控制或分配盘、板、台等，电压＞1000V,443388,千克,0,?,45589539.0
85381010,品目85372010所列货品的零配件,663,千克,0,?,17347.0
85381090,品目8537所列其他货品的盘、板等基座，未装有关装置,65386,千克,0,?,2681382.0
85389000,品目8535、8536或8537所列装置的其他零件,5473953,千克,0,?,403524475.0
85391000,封闭式聚光灯,1535,只,654,千克,170363.0
85392110,科研、医疗专用卤钨灯,46183,只,842,千克,631350.0
85392120,火车、航空器及船舶用卤钨灯,3980,只,189,千克,170474.0
85392130,机动车辆用卤钨灯,2384886,只,26801,千克,1170410.0
85392190,其他卤钨灯,122583,只,6880,千克,4387268.0
85392210,其他科研医疗专用白炽灯，功率≤200W，额定电压＞100V,3,只,0,千克,24.0
85392290,未列名白炽灯泡，功率≤200W，额定电压＞100V,46664,只,727,千克,24307.0
85392910,科研、医疗专用未列名白炽灯泡,2299,只,36,千克,57746.0
85392920,火车、航空器及船舶用未列名白炽灯泡,64601,只,801,千克,235708.0
85392930,机动车辆用未列名白炽灯泡,9685546,只,36118,千克,1222151.0
85392991,≤12V的未列名白炽灯泡,45410,只,61,千克,38717.0
85392999,未列名白炽灯泡,54273,只,436,千克,85272.0
85393110,科研、医疗专用热阴极荧光灯,27,只,1,千克,2548.0
85393120,火车、航空器及船舶用热阴极荧光灯,3960,只,566,千克,37416.0
85393191,紧凑型热阴极荧光灯,228,只,17,千克,2736.0
85393199,其他热阴极荧光灯,15095,只,1442,千克,126792.0
85393230,钠蒸气灯,20141,只,154,千克,14343.0
85393240,汞蒸气灯,40778,只,5366,千克,5792296.0
85393290,其他金属卤化物灯,8605,只,3829,千克,726851.0
85393910,其他科研、医疗专用放电灯管,2532,只,371,千克,421808.0
85393920,其他火车、航空器及船舶用放电灯管,682,只,443,千克,209604.0
85393990,未列名放电灯管,537280,只,7135,千克,4495977.0
85394100,弧光灯,43087,只,3901,千克,2297472.0
85394900,紫外线灯管或红外线灯泡,166791,只,24390,千克,11347915.0
85395100,发光二极管（LED）模块,14764042,个,40011,千克,8126050.0
85395210,发光二极管（LED）灯泡,4654268,只,6328,千克,1526632.0
85395220,发光二极管（LED）灯管,28410,只,4904,千克,512519.0
85399010,发光二极管（LED）模块的零件,925,千克,0,?,4828516.0
85399090,品目85.39所列其他货品的零件,4001,千克,0,?,1008170.0
85402090,变像管及图像增强管；其他光阴极管,21,只,1,千克,115192.0
85407100,磁控管,171342,只,112022,千克,5062196.0
85407910,速调管,36,只,2164,千克,1872864.0
85408100,接收管或放大管,352314,只,7319,千克,690455.0
85408900,未列名热电子管、冷阴极管,128496,只,2274,千克,3202894.0
85409990,未列名热电子管、冷阴极管或光阴极管零件,50934,千克,0,?,1312220.0
85411000,二极管，但光敏二极管或发光二极管除外,17019975272,个,649542,千克,275063693.0
85412100,耗散功率＜1瓦的晶体管,6621558879,个,190138,千克,100377871.0
85412900,耗散功率≥1瓦的晶体管,4020190083,个,1556818,千克,985239346.0
85413000,半导体开关元件等,131721066,个,94205,千克,17626360.0
85414100,发光二极管(LED),10660898030,个,225644,千克,479059879.0
85414200,未装在组件内或组装成块的光电池,89158987,个,751074,千克,32584113.0
85414300,已装在组件内或组装成块的光电池,578233,个,3057131,千克,3830754.0
85414900,其他光敏半导体器件,1259177280,个,363283,千克,193094701.0
85415111,检测湿度、气压及其组合指标的传感器,1084681,个,233,千克,738378.0
85415112,用于检测温度、电量、理化指标的传感器；利用光学检测其他指标的传感器,6594228,个,2003,千克,1957823.0
85415113,液体或气体的流量、液位、压力或其他变化量的传感器,867267,个,5362,千克,2545824.0
85415119,其他传感器,139945827,个,3236,千克,11370577.0
85415121,半导体基电动机,16,个,0,千克,611.0
85415129,其他执行器,59415,个,126,千克,4961824.0
85415130,振荡器,5869675,个,113,千克,757485.0
85415140,谐振器,9520874,个,77,千克,1173623.0
85415900,其他半导体器件,4329376615,个,147034,千克,91699151.0
85416000,已装配的压电晶体,2531342026,个,57973,千克,224767718.0
85419000,品目8541所列货品的零件,305653,千克,0,?,248265221.0
85423111,具有变流功能的半导体模块,14286766,个,19806,千克,17386069.0
85423119,其他用作处理器及控制器的多元件集成电路,209398261,个,79097,千克,3924262530.0
85423190,其他用作处理器及控制器的集成电路,12832379013,个,1646196,千克,14911368161.0
85423210,用作存储器的多元件集成电路,61809863,个,17167,千克,1506368240.0
85423290,其他用作存储器的集成电路,5662527856,个,679558,千克,35756103708.0
85423310,用作放大器的多元件集成电路,319585813,个,18051,千克,350719313.0
85423390,其他用作放大器的集成电路,3179656626,个,183774,千克,792213743.0
85423910,其他多元件集成电路,1309646648,个,183183,千克,832212996.0
85423990,其他集成电路,30698940135,个,1603841,千克,7733122875.0
85429000,集成电路的零件,720786,千克,0,?,87712056.0
85431000,粒子加速器,5,台,14510,千克,2098141.0
85432010,通用信号发生器，输出信号频率＜1500MHz,6979,台,13262,千克,6726362.0
85432090,其他信号发生器,28281,台,4792,千克,8412448.0
85433000,电镀、电解或电泳设备及装置,10994,台,791249,千克,37672302.0
85434000,电子烟及类似的个人电子雾化设备,303622,台,20362,千克,814573.0
85437091,金属、矿藏探测器,3534,台,37536,千克,2864278.0
85437092,高、中频放大器,2432193,台,21125,千克,15738975.0
85437099,未列名具有独立功能的电气设备及装置,33933690,台,923196,千克,353956604.0
85439010,粒子加速器零件,3331,千克,0,?,825227.0
85439021,＜1500MHz的通用信号发生器的零件,1673,千克,0,?,847335.0
85439029,其他信号发生器零件,513,千克,0,?,522260.0
85439030,金属、矿藏探测器零件,2185,千克,0,?,998013.0
85439040,高、中频放大器零件,22177,千克,0,?,7003070.0
85439090,品目8543所列其他设备及装置的零件,228032,千克,0,?,59256540.0
85441100,铜制绕组电线,1262343,千克,6061268605,米,30074803.0
85441900,其他绕组电线,18326,千克,43985280,米,511768.0
85442000,同轴电缆及其他同轴电导体,457318,千克,0,?,21661078.0
85443020,机动车辆用点火布线组及其他布线组,797250,千克,0,?,28274181.0
85443090,其他车，航空器，船用点火布线组及其他布线组,13031,千克,0,?,16421671.0
85444211,有接头电缆，额定电压≤80V,1334469,千克,37724325,米,180893534.0
85444219,其他有接头电导体，额定电压≤80V,1003039,千克,0,?,121002238.0
85444221,有接头电缆，80V＜额定电压≤1000V,434962,千克,3539419,米,25649672.0
85444229,其他有接头电导体，80V＜额定电压≤1000V,492331,千克,0,?,32201375.0
85444911,其他电缆，额定电压≤80V,831045,千克,60888137,米,45554895.0
85444919,其他电导体，额定电压≤80V,1930984,千克,0,?,28972193.0
85444921,其他电缆，80V＜额定电压≤1000V,1128550,千克,8312539,米,24389057.0
85444929,其他电导体，80V＜额定电压≤1000V,859016,千克,0,?,20169666.0
85446012,电缆，1kV＜额定电压≤35kV,413975,千克,306607,米,8313289.0
85446013,电缆，35kV＜额定电压≤110kV,10268,千克,21952,米,625309.0
85446014,电缆，110kV＜额定电压≤220kV,3054,千克,1238,米,315348.0
85446019,电缆，额定电压＞220kV,17455,千克,101764,米,283178.0
85446090,未列名电导体，额定电压＞1000V,61726,千克,0,?,2162297.0
85447000,由每根被覆光纤组成的光缆，,1041271,千克,65895699,米,78992804.0
85451100,炉用碳电极,38,千克,0,?,7922.0
85451900,其他碳电极,2371037,千克,0,?,4410346.0
85452000,碳刷,71320,千克,0,?,6287830.0
85459000,其他电气设备用石墨或碳精制品,56231,千克,0,?,5228187.0
85461000,玻璃制的绝缘子,354,千克,0,?,77904.0
85462010,输变电线路绝缘瓷套管,82799,千克,0,?,2489789.0
85462090,其他陶瓷制的绝缘子,858,千克,0,?,251456.0
85469000,其他绝缘子,263784,千克,0,?,18207539.0
85471000,陶瓷制绝缘零件,168943,千克,0,?,11848463.0
85472000,塑料制绝缘零件,724880,千克,0,?,28595327.0
85479010,内衬绝缘材料的贱金属制线路导管及其接头,10384,千克,0,?,887551.0
85479090,未列名的电气机器、器具或设备用绝缘配件,59621,千克,0,?,7998968.0
85480000,机器或设备的本章其他品目未列名的电气零件,369957,千克,0,?,119800161.0
86071910,铁道或电车道用的机车或其他车辆的轴,1929,根,930994,千克,6303473.0
86071990,铁道或电车道用的机车或其他车辆的轮及上述货品零件,6566976,千克,0,?,22057043.0
86072100,铁道或电车道用的机车或其他车辆的空气制动器及其零件,423834,千克,0,?,6487572.0
86072900,铁道或电车道用的机车或其他车辆的其他制动器及其零件,26004,千克,0,?,736268.0
86073000,铁道或电车道用的机车或其他车辆的钩、联结器、缓冲器及其零件,202156,千克,0,?,4100041.0
86079100,铁道或电车道用机车的其他零件,45675,千克,0,?,1540970.0
86079990,铁道或电车道用其他车辆的未列名零件,174386,千克,0,?,7283342.0
86080090,轨道固定装置和机械交通管理等设备及零附件,3786,千克,0,?,485711.0
86090012,20英尺罐式集装箱,82,个,347730,千克,6469379.0
86090019,其他20英尺集装箱,4,个,16259,千克,207747.0
86090029,其他40英尺集装箱,26,个,105040,千克,131183.0
86090030,45、48、53英尺集装箱,1,个,4580,千克,800.0
86090090,其他集装箱（包括运输液体的集装箱）,63,个,46021,千克,178820.0
87012100,仅装有压燃式活塞内燃发动机（柴油或半柴油发动机）的半挂车用的公路牵引车,2,辆,20600,千克,291001.0
87013000,履带式牵引车、拖拉机,6,辆,43679,千克,1526940.0
87019510,发动机功率＞130千瓦的其他拖拉机,113,辆,1405708,千克,21190744.0
87019590,发动机功率＞130千瓦的其他牵引车,2,辆,30300,千克,1245565.0
87021020,仅装有压燃式活塞内燃发动机的机坪客车,2,辆,23200,千克,731895.0
87021092,仅装有压燃式活塞内燃发动机的机动客车，20≤座≤29,5,辆,19200,千克,436948.0
87021093,仅装有压燃式活塞内燃发动机的机动客车，10≤座≤19,15,辆,38850,千克,519218.0
87029030,其他机动客车，10≤座≤19,61,辆,153110,千克,1511331.0
87031011,全地形车,405,辆,129342,千克,1128055.0
87031019,其他高尔夫球机动车及类似机动车辆,472,辆,233497,千克,1680927.0
87031090,雪地行走专用机动车,1,辆,317,千克,17127.0
87032190,仅装有点燃式活塞内燃发动机的主要用于载人的其他机动车，排量≤1000cc,8,辆,448,千克,25222.0
87032230,仅装有点燃式活塞内燃发动机的小轿车，1000cc＜排量≤1500cc,314,辆,439760,千克,5753292.0
87032240,仅装有点燃式活塞内燃发动机的越野车（4轮驱动），1000cc＜排量≤1500cc,123,辆,145110,千克,2175507.0
87032250,仅装有点燃式活塞内燃发动机的小客车（9座及以下），1000cc＜排量≤1500cc,27,辆,36225,千克,335359.0
87032341,仅装有点燃式活塞内燃发动机的小轿车，1500cc＜排量≤2000cc,4260,辆,7620837,千克,147609980.0
87032342,仅装有点燃式活塞内燃发动机的越野车（4轮驱动），1500cc＜排量≤2000cc,1018,辆,2267574,千克,51688411.0
87032343,仅装有点燃式活塞内燃发动机的小客车（9座及以下），1500cc＜排量≤2000cc,2345,辆,5072604,千克,104862591.0
87032349,仅装有点燃式活塞内燃发动机的主要用于载人的其他机动车，1500cc＜排量≤2000cc,1,辆,2300,千克,7297.0
87032351,仅装有点燃式活塞内燃发动机的小轿车，2000cc＜排量≤2500cc,100,辆,136948,千克,2321103.0
87032352,仅装有点燃式活塞内燃发动机的越野车（4轮驱动），2000cc＜排量≤2500cc,869,辆,2046568,千克,46403343.0
87032361,仅装有点燃式活塞内燃发动机的小轿车，2500cc＜排量≤3000cc,3335,辆,7093198,千克,227549243.0
87032362,仅装有点燃式活塞内燃发动机的越野车（4轮驱动），2500cc＜排量≤3000cc,7390,辆,18595957,千克,561659868.0
87032363,仅装有点燃式活塞内燃发动机的小客车（9座及以下），2500cc＜排量≤3000cc,191,辆,408790,千克,15150840.0
87032411,仅装有点燃式活塞内燃发动机的小轿车，3000cc＜排量≤4000cc,68,辆,128057,千克,10954303.0
87032412,仅装有点燃式活塞内燃发动机的越野车（4轮驱动），3000cc＜排量≤4000cc,564,辆,1462655,千克,64067959.0
87032413,仅装有点燃式活塞内燃发动机的小客车（9座及以下），3000cc＜排量≤4000cc,89,辆,224176,千克,18793161.0
87032421,仅装有点燃式活塞内燃发动机的小轿车，排量＞4000cc,10,辆,22870,千克,2832272.0
87032422,仅装有点燃式活塞内燃发动机的越野车（4轮驱动），排量＞4000cc,95,辆,270643,千克,25997055.0
87032423,仅装有点燃式活塞内燃发动机的小客车（9座及以下），排量＞4000cc,8,辆,20532,千克,2801231.0
87033129,仅装有压燃式活塞内燃发动机的其他主要用于载人的机动车，1000cc＜排量≤1500cc,2,辆,3506,千克,17708.0
87033212,仅装有压燃式活塞内燃发动机的越野车（4轮驱动），1500cc＜排量≤2000cc,1,辆,2705,千克,80240.0
87033213,仅装有压燃式活塞内燃发动机的小客车（9座及以下），1500cc＜排量≤2000cc,1,辆,2431,千克,78942.0
87033222,仅装有压燃式活塞内燃发动机的越野车（4轮驱动），2000cc＜排量≤2500cc,1,辆,2300,千克,7297.0
87033312,仅装有压燃式活塞内燃发动机的越野车（4轮驱动），2500cc＜排量≤3000cc,114,辆,281712,千克,7123962.0
87033313,仅装有压燃式活塞内燃发动机的小客车（9座及以下），2500cc＜排量≤3000cc,5,辆,11426,千克,234825.0
87033322,仅装有压燃式活塞内燃发动机的越野车（4轮驱动），3000cc＜排量≤4000cc,16,辆,40298,千克,1149438.0
87034031,同时装有点燃式活塞内燃发动机及驱动电动机的小轿车，1500cc＜排量≤2000cc，不可接插外部电源充电,290,辆,533600,千克,7210764.0
87034039,同时装有点燃式活塞内燃发动机及驱动电动机的其他主要用于载人的机动车，1500cc＜排量≤2000cc，不可接插外部电源充电,1,辆,2345,千克,44822.0
87034041,同时装有点燃式活塞内燃发动机及驱动电动机的小轿车，2000cc＜排量≤2500cc，不可接插外部电源充电,18,辆,35410,千克,527416.0
87034042,同时装有点燃式活塞内燃发动机及驱动电动机的越野车（4轮驱动），2000cc＜排量≤2500cc，不可接插外部电源充电,49,辆,124414,千克,2871904.0
87034043,同时装有点燃式活塞内燃发动机及驱动电动机的小客车（9座及以下），2000cc＜排量≤2500cc，不可接插外部电源充电,376,辆,850416,千克,19943004.0
87034061,同时装有点燃式活塞内燃发动机及驱动电动机的小轿车，3000cc＜排量≤4000cc，不可接插外部电源充电,3,辆,6630,千克,159086.0
87034062,同时装有点燃式活塞内燃发动机及驱动电动机的越野车（4轮驱动），3000cc＜排量≤4000cc，不可接插外部电源充电,86,辆,240228,千克,6747953.0
87036051,同时装有点燃式活塞内燃发动机及驱动电动机的主要用于载人的小轿车，2500cc＜排量≤3000cc，可接插外部电源充电,19,辆,28945,千克,6354675.0
87036053,同时装有点燃式活塞内燃发动机及驱动电动机的主要用于载人的9座及以下的小客车，2500cc＜排量≤3000cc，可接插外部电源充电,5,辆,13645,千克,383543.0
87036061,同时装有点燃式活塞内燃发动机及驱动电动机的主要用于载人的小轿车，3000cc＜排量≤4000cc，可接插外部电源充电,39,辆,94517,千克,11314502.0
87036063,同时装有点燃式活塞内燃发动机及驱动电动机的主要用于载人的9座及以下的小客车，3000cc＜排量≤4000cc，可接插外部电源充电,59,辆,152595,千克,13700687.0
87036073,同时装有点燃式活塞内燃发动机及驱动电动机的主要用于载人的9座及以下的小客车，排量＞4000cc，可接插外部电源充电,2,辆,5696,千克,180510.0
87038010,仅装有驱动电动机的主要用于载人的其他机动车，具有车辆识别代号（VIN码）,123,辆,297304,千克,8776151.0
87041030,电动轮非公路用货运自卸车,1,辆,118607,千克,1964700.0
87041090,其他非公路用货运机动自卸车,8,辆,236010,千克,4066165.0
87042100,"仅装有柴油发动机,车辆总重量不超过5吨的其他货车",17,辆,40130,千克,912102.0
87042230,"仅装有柴油发动机,车辆总重量超过5吨，但小于14吨的其他货车",10,辆,46374,千克,770394.0
87042240,"仅装有柴油发动机,车辆总重量在14吨及以上，但不超过20吨的其他货车",27,辆,218337,千克,3746295.0
87042300,"仅装有柴油发动机,车辆总重量超过20吨的其他货车",124,辆,1281915,千克,17512376.0
87043100,"仅装有点燃式活塞内燃发动机,车辆总重量不超过5吨的其他货车",88,辆,204374,千克,5283070.0
87045100,同时装有点燃式活塞内燃发动机及驱动电动机的其他货车，车辆总重量不超过5吨,3,辆,6000,千克,121189.0
87046000,仅装有驱动电动机的其他货车,3,辆,7170,千克,68814.0
87059099,未列名特殊用途的机动车辆,7,辆,221400,千克,1220000.0
87060030,装有发动机的座位≥30座的机动客车底盘,89,台,613296,千克,7932202.0
87060090,品目8701至8705所列其他车辆装有发动机的底盘,6,台,69205,千克,1041286.0
87071000,机动小客车的车身（包括驾驶室）,24,台,23037,千克,231254.0
87079010,10座≤座位＜29座的客车车身（包括驾驶室）,9,台,73414,千克,2073583.0
87079090,品目8701、8702，8704、8705所列其他车辆的车身（含驾驶室）,55,台,49886,千克,1446029.0
87081000,缓冲器（保险杠）及其零件,412117,千克,0,?,15349207.0
87082100,座椅安全带,151795,千克,0,?,3874616.0
87082211,电动天窗,15910,千克,679,套,273448.0
87082212,手动天窗,4794,千克,541,套,46044.0
87082290,未列名的本章子目注释1所列的前挡风玻璃、后窗及其他车窗,113957,千克,10142,套,3035496.0
87082930,车窗玻璃升降器,5549,千克,0,?,212080.0
87082951,车辆侧围,11581,千克,0,?,398536.0
87082952,车门,220951,千克,10408,个,7858892.0
87082953,发动机罩盖,104909,千克,0,?,3076400.0
87082954,车辆前围,6235,千克,0,?,62469.0
87082955,行李箱盖（或背门）,61785,千克,0,?,1730287.0
87082956,车辆后围,1898,千克,0,?,22675.0
87082957,翼子板（或叶子板）,48404,千克,0,?,2231124.0
87082959,其他车身覆盖件,452046,千克,0,?,4334955.0
87082990,车身（包括驾驶室）的未列名零件、附件,9169407,千克,0,?,155172175.0
87083010,装在蹄片上的制动摩擦片,1007821,千克,0,?,11429836.0
87083029,其他车辆用防抱死制动系统,4729,千克,0,?,472425.0
87083091,牵引车、拖拉机用其他制动器及零件,293441,千克,0,?,2158075.0
87083092,≥30座的机动客车用其他制动器及零件,120588,千克,0,?,1881995.0
87083093,非公路用自卸车用其他制动器及零件,41953,千克,0,?,2239470.0
87083094,轻型柴油及汽油货车用其他制动器及其零件,11035,千克,0,?,355422.0
87083095,重型柴油货车用其他制动器、助力制动及零件,65645,千克,0,?,500388.0
87083096,品目87.05所列车辆用其他制动器及其零件,814,千克,0,?,64321.0
87083099,未列名机动车辆用其他制动器及其零件,2544117,千克,20718805,个,45917311.0
87084010,牵引车、拖拉机用变速箱及其零件,123209,个,433731,千克,8027357.0
87084020,≥30座的机动客车用变速箱及其零件,8169,个,382370,千克,10830734.0
87084030,非公路用自卸车用变速箱及其零件,27049,个,247915,千克,9686311.0
87084040,轻型柴油及汽油货车用变速箱及其零件,87351,个,66632,千克,498062.0
87084050,重型柴油货车用变速箱及其零件,50018,个,91057,千克,2310578.0
87084060,品目87.05所列车辆用变速箱及其零件,11386,个,123882,千克,4162868.0
87084091,品目87.03所列车辆用自动换挡变速箱及其零件,13826708,个,15166635,千克,337920100.0
87084099,未列名机动车辆用变速箱及其零件,1542379,个,464092,千克,8287970.0
87085071,牵引车、拖拉机用装有差速器的驱动桥及零件,23810,个,639737,千克,6114459.0
87085072,≥30座的机动客车用装差速器驱动桥及零件,21,个,13409,千克,145730.0
87085073,非公路用自卸车用装有差速器的驱动桥及零件,1157,个,86881,千克,934167.0
87085074,轻型柴油及汽油货车用装差速器驱动桥及零件,74,个,550,千克,13526.0
87085075,重型柴油货车用装有差速器的驱动桥及零件,5599,个,24751,千克,231065.0
87085076,品目8705所列车辆用装有差速器的驱动桥及零件,317,个,341134,千克,3354744.0
87085079,其他机动车辆用装有差速器的驱动桥及零件,1686322,个,2646604,千克,39736046.0
87085081,牵引车、拖拉机用非驱动桥及其零件,136188,千克,0,?,567666.0
87085082,≥30座的机动客车用非驱动桥及其零件,576,千克,0,?,7273.0
87085083,非公路用自卸车用非驱动桥及其零件,4166,千克,0,?,34919.0
87085084,轻型柴油及汽油货车用非驱动桥及其零件,7215,千克,0,?,67916.0
87085085,重型柴油货车用非驱动桥及其零件,9,千克,0,?,400.0
87085086,品目8705所列车辆用非驱动桥及其零件,40490,千克,0,?,376578.0
87085089,其他机动车辆用非驱动桥及其零件,229699,千克,394268,个,1888640.0
87087010,品目8701所列车辆用车轮及其零件、附件,170336,千克,0,?,610385.0
87087030,非公路自卸车用车轮及其零件、附件,311586,千克,0,?,6624898.0
87087040,轻型柴油及汽油货车用车轮及其零件、附件,1765,千克,0,?,15055.0
87087050,重型柴油型货车用车轮及其零件、附件,89591,千克,0,?,219848.0
87087060,品目8705所列车辆用车轮及其零件,15446,千克,0,?,302141.0
87087091,铝合金制的未列名机动车辆用车轮及其零件、附件,306029,千克,0,?,4206862.0
87087099,非铝合金制未列名机动车辆用车轮及其零件、附件,115722,千克,0,?,1928405.0
87088010,品目8703所列车辆用悬挂系统及零件（含减震器）,3052811,千克,0,?,50304983.0
87088090,其他机动车辆的悬挂系统及零件（含减震器）,117721,千克,0,?,1504477.0
87089110,水箱散热器,9238,个,54560,千克,1129003.0
87089120,机油冷却器,52128,个,43636,千克,1119000.0
87089190,其他散热器；散热器的零件,3517216,个,296232,千克,4412574.0
87089200,机动车辆的消声器、排气管及其零件,186967,千克,0,?,4026919.0
87089310,牵引车拖拉机用离合器及其零件,180748,千克,0,?,2715406.0
87089320,≥30座的机动客车用离合器及其零件,674,千克,0,?,27972.0
87089330,非公路用自卸车用离合器及其零件,1169,千克,0,?,110782.0
87089340,轻型柴油及汽油货车用离合器及其零件,17827,千克,0,?,313490.0
87089350,重型柴油货车用离合器及其零件,34741,千克,0,?,483151.0
87089360,品目8705所列车辆用离合器及其零件,2333,千克,0,?,20560.0
87089390,其他机动车辆用离合器及其零件,1618861,千克,0,?,23829299.0
87089410,牵引车、拖拉机用转向盘、柱、器及零件,101564,千克,0,?,1181661.0
87089420,≥30座的机动客车用转向盘、柱、器及零件,122,千克,0,?,21530.0
87089430,非公路用自卸车用转向盘、柱、器及零件,3268,千克,0,?,77867.0
87089440,轻型柴油及汽油货车用转向盘、柱、器及零件,4963,千克,0,?,66720.0
87089450,重型柴油货车用转向盘、柱、器及零件,16513,千克,0,?,213153.0
87089460,品目8705所列车辆用转向盘、柱、器及零件,1326,千克,0,?,44244.0
87089490,其他机动车辆用转向盘、柱、器及零件,2571276,千克,0,?,56655459.0
87089500,带充气系统的安全气囊及其零件,1536751,千克,0,?,21471769.0
87089910,品目8701所列车辆用未列名零件、附件,555996,千克,0,?,5447209.0
87089921,≥30座的客车用车架,40,千克,0,?,315.0
87089929,≥30座的客车用未列名零件、附件,97365,千克,0,?,1095501.0
87089939,非公路自卸车用未列名零件、附件,42790,千克,0,?,907318.0
87089949,轻型货车用未列名零件、附件,21685,千克,0,?,147793.0
87089951,重型货车用车架,47,千克,0,?,585.0
87089959,重型货车用未列名零件、附件,2742,千克,0,?,68366.0
87089960,品目8705所列车辆用未列名零件,35151,千克,0,?,764420.0
87089991,品目8701至8704所列其他车辆用车架,57022,千克,3120,个,983793.0
87089992,品目8701至8704所列其他车辆用传动轴,439470,千克,0,?,6956063.0
87089999,品目8701至8704所列其他车辆用未列名零、附件,5718885,千克,0,?,108060953.0
87091110,电动牵引车,2,辆,786,千克,24524.0
87091190,其他电动的短距离运货车辆,14,辆,1181,千克,370478.0
87091990,其他短距离运货机动车辆,4,辆,2000,千克,9608.0
87099000,短距离运货的机动车辆及站台牵引车的零件,1289,千克,0,?,37094.0
87112020,装有活塞内燃发动机，排气量超过100毫升，但不超过125毫升的摩托车及装有辅助发动机的脚踏车,430,辆,49534,千克,708880.0
87112030,装有活塞内燃发动机，排气量超过125毫升，但不超过150毫升的摩托车及装有辅助发动机的脚踏车,29,辆,2059,千克,130884.0
87112040,装有活塞内燃发动机，排气量超过150毫升，但不超过200毫升的摩托车及装有辅助发动机的脚踏车,1629,辆,209073,千克,3937944.0
87112050,装有活塞内燃发动机，排气量超过200毫升，但不超过250毫升的摩托车及装有辅助发动机的脚踏车,23,辆,2407,千克,129543.0
87113010,"装有活塞内燃发动机,排气量超过250毫升,但不超过400毫升的摩托车及装有辅助发动机的脚踏车",1913,辆,346128,千克,7216857.0
87113020,"装有活塞内燃发动机,排气量超过400毫升,但不超过500毫升的摩托车及装有辅助发动机的脚踏车",226,辆,40178,千克,1210903.0
87114000,"装有活塞内燃发动机,排气量超过500毫升，但不超过800毫升的摩托车及装有辅助发动机的脚踏车",326,辆,72862,千克,2007313.0
87115000,"装有活塞内燃发动机,排气量超过800毫升的摩托车及装有辅助发动机的脚踏车",384,辆,113665,千克,6940924.0
87116000,装有驱动电动机的摩托车及脚踏车,570,辆,62996,千克,292902.0
87120020,竞赛型自行车,284,辆,2740,千克,913326.0
87120030,山地自行车,432,辆,6065,千克,600154.0
87120041,16、18、20英寸越野自行车,1,辆,16,千克,1078.0
87120081,16英寸及以下的未列名自行车,2281,辆,32002,千克,2714558.0
87120089,未列名自行车,315,辆,5377,千克,547260.0
87120090,其他非机动脚踏车,1,辆,18,千克,1514.0
87131000,非机械驱动残疾人用车,118,辆,2401,千克,114365.0
87139000,其他残疾人用车,91,辆,2493,千克,132715.0
87141000,摩托车（包括机器脚踏两用车)用零件、附件,564107,千克,0,?,19122033.0
87142000,残疾人车辆零件、附件,33570,千克,0,?,704255.0
87149100,品目8711至8713其他车辆车架、轮叉及其零件,379231,千克,0,?,10306181.0
87149210,品目8711至8713所列其他车辆用轮圈,17529,千克,0,?,1435676.0
87149290,品目8711至8713所列其他车辆用辐条,17864,千克,0,?,523600.0
87149310,品目8711至8713所列其他车辆用轮毂(倒轮制动毂及毂闸除外),15424,千克,0,?,672752.0
87149320,品目8711至8713其他车辆飞轮,133949,千克,0,?,4252843.0
87149390,品目8711至8713其他车辆链轮,3431,千克,0,?,45481.0
87149400,品目8711至8713其他车辆制动器及其零件,271685,千克,0,?,11802533.0
87149500,品目8711至8713其他车辆鞍座,7776,千克,16679,个,450998.0
87149610,品目8711至8713其他车辆脚蹬及其零件,8341,千克,0,?,289782.0
87149620,品目8711至8713其他车辆曲柄链轮及其零件,83257,千克,0,?,2460527.0
87149900,品目8711至8713其他车辆未列名零件、附件,645535,千克,0,?,23755261.0
87150000,婴孩车及其零件,1010,千克,0,?,37392.0
87161000,供居住或野营用厢式挂车及半挂车,2,辆,4130,千克,207587.0
87162000,农用自装或自卸式挂车及半挂车,7,辆,63614,千克,926042.0
87163990,未列名货运挂车及半挂车,3,辆,24516,千克,471471.0
87164000,未列名挂车及半挂车,2,辆,5068,千克,156604.0
87168000,未列名非机械驱动车辆,6511,辆,110646,千克,1711312.0
87169000,挂车及半挂车或其他非机械驱动车辆的零件,595236,千克,0,?,4811976.0
88010010,滑翔机及悬挂滑翔机,1,架,120,千克,48362.0
88021100,直升机，空载重量≤2000kg,1,架,1057,千克,2190850.0
88022000,飞机等航空器，空载重量≤2000kg,2,架,472,千克,109606.0
88024010,15000kg＜空载重量≤45000kg的飞机等航空器,10,架,411032,千克,859877995.0
88024020,空载重量＞45000kg的飞机等航空器,1,架,49030,千克,63293975.0
88040000,降落伞、旋翼降落伞及其零件、附件,366,千克,0,?,83463.0
88052900,其他地面飞行训练器及其零件,460,千克,0,?,2131586.0
88062110,仅使用遥控飞行的航拍无人机，最大起飞重量不超过250克,5820,架,4247,千克,748546.0
88062210,仅使用遥控飞行的航拍无人机，最大起飞重量超过250克，但不超过7千克,1535,架,3306,千克,1043077.0
88062390,仅使用遥控飞行的其他无人机，最大起飞重量超过7千克，但不超过25千克,3,架,12,千克,3260.0
88069110,其他航拍无人机，最大起飞重量不超过250克,1000,架,793,千克,514000.0
88071000,推进器、水平旋翼及其零件,372,千克,0,?,571683.0
88072000,起落架及其零件,163926,千克,0,?,98612264.0
88073000,飞机、直升机及无人驾驶航空器的其他零件,369127,千克,0,?,234084384.0
88079000,其他航空器、航天器及其运载工具的未列名零件,399,千克,0,?,799777.0
89031900,其他充气船，空载（净）重量（不包括发动机）超过100千克,1,艘,340,千克,41764.0
89032100,长度不超过7.5米的帆船,1,艘,150,千克,40139.0
89033100,长度不超过7.5米的汽艇,8,艘,2956,千克,144937.0
89033200,长度超过7.5米但不超过24米的汽艇,1,艘,55000,千克,3705252.0
89039300,长度不超过7.5米的其他娱乐或运动用船舶、划艇及轻舟,12,艘,1597,千克,123650.0
89069010,未列名机动船舶，包括救生船，但划艇除外,9,艘,23232,千克,754071.0
89071000,充气筏,236,艘,33555,千克,590775.0
89079000,未列名浮动结构体,245,个,119600,千克,1487493.0
90011000,光纤、光纤束及光缆，但品目8544的货品除外,149841,千克,0,?,61109042.0
90012000,偏振材料制的片及板,4087014,千克,0,?,195397646.0
90013000,隐形眼镜片,109440142,片,313284,千克,37253318.0
90014010,玻璃制变色镜片,54,片,1,千克,2200.0
90014091,玻璃制太阳镜片,146756,片,1516,千克,862783.0
90014099,其他玻璃制眼镜片,35468,片,2121,千克,4177884.0
90015010,其他材料制变色镜片,2339665,片,47508,千克,31269901.0
90015091,其他材料制太阳镜片,1739625,片,20040,千克,3485633.0
90015099,其他材料制未列名眼镜片,3751275,片,165236,千克,17257484.0
90019010,彩色滤光片,697,千克,219244,片,927997.0
90019090,未列名未装配的光学元件,1021531,千克,0,?,245361980.0
90021110,制版、缩微及特种照相机用物镜,52,千克,36,个,19512.0
90021131,单反相机镜头,29390,千克,3931177,个,5602479.0
90021139,其他照相机用物镜,72757,千克,1285448,个,59059581.0
90021190,其他照相机、投影仪、放大机及缩片机用物镜,19386,千克,261513,个,5107755.0
90021910,摄影机或放映机用物镜,1517,千克,30028,个,702775.0
90021990,未列名物镜,37438,千克,62523400,个,103535554.0
90022010,照相机用滤光镜,157,千克,11129,个,64888.0
90022090,其他滤光镜,587,千克,73041,个,1720747.0
90029010,照相机用其他已装配的光学元件,261,千克,17767,个,139923.0
90029090,未列名已装配的光学元件,76453,千克,15514938,个,122029227.0
90031100,塑料制眼镜架,35571,千克,643339,副,9777027.0
90031910,金属材料制眼镜架,15010,千克,260902,副,10178123.0
90031920,天然材料制眼镜架,145,千克,607,副,284029.0
90031990,未列名材料制眼镜架,140,千克,1969,副,88711.0
90039000,眼镜零件,10272,千克,0,?,4127440.0
90041000,太阳镜,99071,千克,687640,副,41357622.0
90049010,变色镜,1668,千克,10466,副,793483.0
90049090,未列名矫正视力、护目等用途的眼镜等物品,22545,千克,300437,副,1982551.0
90051000,双筒望远镜,3904,个,2549,千克,368188.0
90058010,天文望远镜及其他天文仪器,84,台,963,千克,23374.0
90058090,单筒望远镜、其他光学望远镜,556,台,384,千克,83498.0
90059010,天文望远镜及其他天文仪器的零件、附件,518,千克,0,?,49764.0
90059090,其他光学望远镜的零件、附件,3710,千克,0,?,171204.0
90063000,水下、航空测量等特种照相机,1,台,3,千克,1616.0
90064000,一次成相照相机,133083,台,56741,千克,8545948.0
90065310,通过镜头取景［单镜头反光式（SLR)］，使用胶片宽度为35毫米的照相机,85,台,30,千克,1773.0
90065390,其他使用胶片宽度为35毫米的照相机,65934,台,7618,千克,487373.0
90065910,激光照相排版设备,3,台,11461,千克,32517.0
90065929,其他制版照相机,1,台,0,千克,387.0
90065949,其他使用胶片宽度小于35毫米的照相机,1,台,1,千克,369.0
90065990,未列名照相机,85,台,3240,千克,156002.0
90066100,放电式（电子式）闪光灯装置,24768749,个,3794,千克,35497734.0
90066910,闪光灯泡,109024,个,34,千克,46553.0
90066990,其他照相闪光灯装置,107080,个,1281,千克,523616.0
90069110,编码9006.3000、9006.5921及9006.5929所列照相机用的零件、附件,2,千克,0,?,76.0
90069120,一次成像照相机用零件、附件,5939,千克,0,?,1244667.0
90069191,其他照像机自动调焦组件,0,千克,6,套,266.0
90069192,其他照像机用快门组件,159,千克,28196,套,135921.0
90069199,其他照像机未列名零件,2178,千克,0,?,542779.0
90069900,照相闪光灯装置的零件、附件,3987,千克,0,?,474978.0
90072010,数字式电影放映机,7,台,2175,千克,457641.0
90072090,其他电影放映机,5,台,300,千克,8380.0
90079100,电影摄影机的零件、附件,264,千克,0,?,23299.0
90079200,电影放映机的零件、附件,5320,千克,0,?,1260295.0
90085010,幻灯机,3,台,1,千克,6497.0
90085031,正射投影仪,7,台,112,千克,18600.0
90085039,其他影像投影仪,8545,台,728,千克,208988.0
90089090,其他影像投影仪的零件、附件,655,千克,0,?,24124.0
90101091,彩色胶卷洗印设备,1,台,290,千克,2190.0
90101099,其他照相胶卷或成卷感光纸的自动洗印设备,2,台,25030,千克,850000.0
90105010,负片显示器,2,台,1,千克,429.0
90105021,电影洗印用其他装置和设备,2,台,240,千克,34919.0
90105022,特种照相洗印用其他装置和设备,13,台,185804,千克,12370411.0
90105029,其他照相洗印用未列名装置和设备,21,台,151022,千克,17253192.0
90106000,银幕及其他投影屏幕,1815,个,7706,千克,765736.0
90109010,电影洗印用装置和设备的零件、附件,50,千克,0,?,2707.0
90109020,特种照相洗印用装置和设备的零件、附件,1154,千克,0,?,70611.0
90109090,其他照相洗印用装置和设备的零件、附件,778,千克,0,?,260242.0
90111000,立体显微镜,875,台,18877,千克,7158533.0
90112000,缩微照相、电影摄影及投影用复式光学显微镜,826,台,30455,千克,17649392.0
90118000,未列名复式光学显微镜,1566,台,20378,千克,8896954.0
90119000,复式光学显微镜的零件、附件,15532,千克,0,?,6742479.0
90121000,显微镜（光学显微镜除外）；衍射设备,201,台,189278,千克,148183140.0
90129000,显微镜（光学显微镜除外）及衍射设备的零件,7397,千克,0,?,9751840.0
90131000,武器望远瞄准具；潜望望远镜；机仪器望远镜,70,个,87,千克,138038.0
90132000,激光器，激光二极管除外,3035474,个,194466,千克,180738579.0
90138010,放大镜,6878,个,1313,千克,162418.0
90138020,光学门眼,25,个,4,千克,6966.0
90138090,其他光学仪器及器具,170674,个,13240,千克,14510480.0
90139010,品目90131000及90132000所列货品的零件、附件,33031,千克,0,?,33542913.0
90139090,子目9013.80所列货品的零件、附件，编码9013.8030除外,1816,千克,0,?,808112.0
90141000,定向罗盘,2369,个,26292,千克,4731833.0
90142010,自动驾驶仪,13,个,154,千克,73273.0
90142090,其他航空或航天导航仪器及装置（罗盘除外）,399,个,1047,千克,24557506.0
90148000,其他导航仪器及装置,49152,个,86482,千克,16978891.0
90149010,自动驾驶仪用零件、附件,221,千克,0,?,415981.0
90149090,其他导航仪器及装置的零件、附件,12545,千克,0,?,3644744.0
90151010,激光测距雷达,11703244,台,26075,千克,90003551.0
90151090,其他测距仪,203832,台,10601,千克,5066084.0
90152000,经纬仪及视距仪,27,台,247,千克,197952.0
90153000,水平仪,7132,台,2363,千克,988606.0
90154000,摄影测量用仪器及装置,6,台,2,千克,1325.0
90158000,其他大地及水道测量海洋气象地球物理用仪器,22967,台,47695,千克,29413538.0
90159000,品目9015所列仪器及装置的零件、附件,25048,千克,0,?,12591311.0
90160010,感量≤0.1毫克的天平,714,台,5628,千克,2975615.0
90160090,50毫克≥感量＞0.1毫克的天平,1074,台,3703,千克,907872.0
90171000,绘图台及绘图机,2,台,141,千克,3358.0
90172000,其他绘图、划线或数学计算器具,27735,个,2474,千克,92144.0
90173000,千分尺、卡尺及量规,67666,个,17529,千克,4846849.0
90178000,其他手用测量长度的器具,207966,个,32869,千克,1003006.0
90179000,品目9017所列仪器及器具的零件、附件,116540,千克,0,?,1601449.0
90181100,心电图记录仪,6761509,台,1945,千克,576564.0
90181210,B型超声波诊断仪,61062,台,34651,千克,14296276.0
90181291,彩色超声波诊断仪,204093,台,49558,千克,24293604.0
90181299,未列名超声波扫描装置,360,台,142,千克,414642.0
90181310,成套的核磁共振成像装置,3,套,21557,千克,3381208.0
90181390,核磁共振成像装置的零件,28100,个,180694,千克,21688942.0
90181400,闪烁摄影装置,50754,台,50157,千克,3661944.0
90181930,病员监护仪,1232541,台,38409,千克,12458028.0
90181941,听力计,109,台,549,千克,313918.0
90181949,其他听力诊断装置,3988,台,432,千克,293665.0
90181990,未列名电气诊断装置,222656,台,42549,千克,42507545.0
90182000,紫外线及红外线装置,414,台,382,千克,206902.0
90183100,注射器，不论是否装有针头,92779079,个,343471,千克,19233727.0
90183210,管状金属针头,102277,千克,0,?,7688499.0
90183220,缝合用针,54182,千克,0,?,40476980.0
90183900,其他针、导管、插管及类似品,117063966,个,1487963,千克,144732933.0
90184100,牙钻机，可与其他牙科设备组装在同一底座上,10788,台,1528,千克,761579.0
90184910,装有牙科设备的牙科用椅,131,台,7553,千克,398692.0
90184990,牙科用未列名仪器及器具,8083989,台,44604,千克,12113209.0
90185000,眼科用其他仪器及器具,127638,千克,0,?,64981865.0
90189010,听诊器,16411,个,1357,千克,252501.0
90189020,血压测量仪器及器具,757327,个,161113,千克,5811686.0
90189030,内窥镜,144984,台,18052,千克,31743504.0
90189040,肾脏透析设备（人工肾）,4244,台,105267,千克,10981356.0
90189050,透热疗法设备,6179,台,7372,千克,7614926.0
90189060,输血设备,9381,台,23968,千克,3177256.0
90189070,麻醉设备,41175,台,10162,千克,1798566.0
90189080,手术机器人,132054,台,40093,千克,8627650.0
90189099,其他医疗、外科或兽医用仪器及器具,49107386,台,852269,千克,368810569.0
90191010,按摩器具,95954,台,69183,千克,3383440.0
90191090,机械疗法器具及心理功能测验装置,3545,台,3913,千克,1054097.0
90192010,有创呼吸机,22273,台,6201,千克,1384294.0
90192020,无创呼吸机,313433,台,81434,千克,14310163.0
90192090,其他臭氧治疗器、氧气治疗器、喷雾治疗器、人工呼吸器或其他治疗用呼吸器具,26842845,台,76088,千克,5184026.0
90200000,其他呼吸器具及防毒面具,81865,千克,0,?,6651091.0
90211000,矫形或骨折用器具,50954,千克,0,?,27011359.0
90212100,假牙,770,千克,0,?,450946.0
90212900,牙齿固定件,47850,千克,0,?,59447883.0
90213100,人造关节,49979,千克,264975,套,27578932.0
90213900,其他人造的人体部分,48603,千克,411283,个,60578126.0
90214000,助听器，不包括零件、附件,56354,个,672,千克,3315977.0
90215000,心脏起搏器，不包括零件、附件,25458,个,9116,千克,58764590.0
90219011,血管支架,30969,千克,182871,个,40955282.0
90219019,其他人体支架,11391,千克,85515,个,8142095.0
90219090,其他为弥补生理缺陷或残疾而穿戴、携带或植入人体内的其他器具,21268,千克,0,?,68117915.0
90221200,X射线断层检查仪,117,台,131990,千克,21815661.0
90221300,其他，牙科用X射线应用设备,13,台,366,千克,23130.0
90221400,其他，医疗、外科或兽医用X射线应用设备,41,台,96376,千克,14118956.0
90221910,低剂量X射线安全检查设备,1,台,5,千克,3642.0
90221920,X射线无损探伤检测仪,24,台,62316,千克,6957982.0
90221990,未列名X射线的应用设备,1016,台,188256,千克,58826734.0
90222110,医疗、外科、牙科或兽医用α、β、γ射线的应用设备,3,台,742,千克,868999.0
90222190,医疗、外科、牙科或兽医用其他离子射线的应用设备,11,台,723,千克,166668.0
90222990,其他α、β、γ射线或其他离子射线的应用设备,188,台,2556,千克,858800.0
90223000,X射线管,6218,个,169265,千克,88509406.0
90229010,X射线影像增强器,37,个,674,千克,223060.0
90229090,X光发生器等、检查用家具等；9022设备零件,181363,个,465849,千克,94219098.0
90230010,教习头,35008,千克,0,?,1158644.0
90230090,其他专供示范（例如，教学或展览）而无其他用途的仪器、装置及模型,68222,千克,0,?,9255798.0
90241010,电子万能试验机,1,台,350,千克,11425.0
90241020,硬度计,258,台,2037,千克,596723.0
90241090,其他金属材料的试验用机器及器具,1766,台,17928,千克,3719901.0
90248000,其他材料的试验用机器及器具,22039,台,52891,千克,12868465.0
90249000,材料试验用机器及器具的零件、附件,6706,千克,0,?,2740122.0
90251100,液体温度计，可直接读数,2181,个,978,千克,184684.0
90251910,工业用温度计及高温计，未与其他仪器组合,6764930,个,104802,千克,35229871.0
90251990,未列名温度计及高温计，未与其他仪器组合,3407301,个,34701,千克,12962780.0
90258000,其他液体比重计、湿度计、干湿球湿度计等,9079609,个,23819,千克,16937683.0
90259000,9025所列货品的零件、附件,50067,千克,18194664,个,17057296.0
90261000,测量、检验液体流量或液位的仪器及装置,1747343,个,311889,千克,62815052.0
90262010,压力/差压变送器,1355902,个,110359,千克,34704730.0
90262090,其他测量、检验压力的仪器及装置,11475368,个,305174,千克,102468663.0
90268010,测量气体流量的仪器及装置,367394,个,96795,千克,24651742.0
90268090,未列名测量或检验液体或气体变化量的仪器及装置,51912,个,24459,千克,5613610.0
90269000,检测液体或气体变化量仪器及装置的零、附件,343820,千克,0,?,57786905.0
90271000,气体或烟雾分析仪,2111743,台,180101,千克,64415630.0
90272011,气相色谱仪,616,台,45359,千克,15909794.0
90272012,液相色谱仪,927,台,84442,千克,40210785.0
90272019,其他色谱仪,100,台,6167,千克,5305839.0
90272020,电泳仪,179,台,4678,千克,4806876.0
90273000,使用光学射线的分光仪、分光光度计及摄谱仪,4315,台,77426,千克,52742262.0
90275010,基因测序仪,17,台,2730,千克,2119509.0
90275090,未列名使用光学射线(紫外线、可见光、红外线)的仪器及装置,13099014,台,137481,千克,126526992.0
90278110,集成电路生产用氦质谱检漏台,2,台,240,千克,13108.0
90278120,质谱联用仪,223,台,55276,千克,39487021.0
90278190,其他质谱仪,613,台,85334,千克,55694183.0
90278910,曝光表,32,个,15,千克,11657.0
90278990,品目90.27所列的其他仪器及装置,1003711,台,220441,千克,106192518.0
90279000,检镜切片机；9027所列仪器及装置的零附件,367739,千克,0,?,105157371.0
90281010,煤气表,21,个,96,千克,26519.0
90281090,其他气量计，包括它们的校准仪表,630,个,7189,千克,532787.0
90282010,水表,289,个,1077,千克,46485.0
90282090,其他液量计，包括它们的校准仪表,3193,个,1264,千克,259985.0
90283011,单相感应式电度表,97,个,8,千克,5229.0
90283012,三相感应式电度表,124,个,47,千克,16332.0
90283013,单相电子式（静止式）电度表,1562,个,1248,千克,492661.0
90283014,三相电子式（静止式）电度表,13806,个,18720,千克,2884335.0
90283019,其他电度表,116,个,107,千克,48594.0
90283090,其他电量计,118261,个,883,千克,456422.0
90289010,工业用上述计量仪表的零件及附件,30061,千克,0,?,1408163.0
90289090,上述其他计量仪表的未列名零件及附件,10609,千克,0,?,1414506.0
90291010,转数计,4294,个,636,千克,142263.0
90291020,车费计、里程计,2577,个,567,千克,230033.0
90291090,产量计数器、步数计及类似仪表,467415,个,9417,千克,1349871.0
90292010,车辆用速度计,124139,个,8950,千克,1615098.0
90292090,其他速度计及转速表，频闪观测仪,2107297,个,9036,千克,7046120.0
90299000,品目9029所列仪表的零件及附件,9556,千克,0,?,1094018.0
90301000,离子射线的测量或检验仪器及装置,26759,台,14019,千克,19404907.0
90302010,测试频率＜300MHz的通用示波器,1517,台,4356,千克,1975373.0
90302090,其他示波器,573,台,5592,千克,21650777.0
90303110,量程在五位半及以下数字万用表，无记录装置,6048,台,3138,千克,497626.0
90303190,其他万用表，无记录装置,645,台,563,千克,256861.0
90303200,万用表，带记录装置,987,台,2398,千克,1317412.0
90303310,量程在五位半及以下的数字电流表、电压表,3134,台,840,千克,287582.0
90303320,电阻测试仪，无记录装置,1347,台,4337,千克,1873267.0
90303390,其他检测电压等仪器及装置（用于测试或检验半导体晶圆或器件用的除外），无记录装置,1821377,台,120799,千克,22833027.0
90303900,其他检测电压等仪器及装置（用于测试或检验半导体晶圆或器件用的除外），带记录装置,9343,台,201503,千克,23803946.0
90304010,测试频率＜12.4KMHz的数字式频率计,240,台,917,千克,1391877.0
90304090,其他通信专用的仪器及装置,4072,台,15254,千克,45956860.0
90308200,测试或检验半导体晶圆或器件（包括集成电路）用仪器及装置,1552,台,60155,千克,34586719.0
90308410,装有记录装置的电感及电容测试仪,703,台,10941,千克,3232686.0
90308490,其他装有记录装置用于电量检测的仪器装置,2554,台,38240,千克,33255942.0
90308910,未装有记录装置电感及电容测试仪,20826,台,1853,千克,1058266.0
90308990,未列名用于电量测量或检验的仪器和装置,583517,台,25857,千克,24592848.0
90309000,品目9030所列仪器和装置的零件及附件,90256,千克,0,?,90500309.0
90311000,机械零件平衡试验机,625,台,52652,千克,5838132.0
90312000,试验台,103,台,235819,千克,13963310.0
90314100,制造半导体器件（包括集成电路）时检验半导体晶圆、器件（包括集成电路）或检测光掩模及光栅用的光学仪器及器具,495,台,412371,千克,423745939.0
90314910,轮廓投影仪,923,台,8372,千克,6241088.0
90314920,光栅测量装置,49622,台,32407,千克,15025077.0
90314990,其他测量或检验用光学仪器及器具,8982477,台,1122643,千克,230453685.0
90318010,光纤通讯及光纤性能测试仪,4830,台,30076,千克,58665415.0
90318020,坐标测量仪,397,台,172067,千克,8868664.0
90318031,超声波探伤检测仪,540,台,21937,千克,10158539.0
90318032,磁粉探伤检测仪,71,台,793,千克,68138.0
90318033,涡流探伤检测仪,64,台,3526,千克,1179848.0
90318039,其他无损探伤检测仪器（射线探伤仪除外）,111,台,10970,千克,4410632.0
90318090,未列名测量或检验仪器、器具及机器,34398883,台,2199665,千克,636595549.0
90319000,品目9031所列仪器、器具及机器的零件及附件,365939,千克,0,?,233643146.0
90321000,恒温器,3465765,台,138739,千克,18479270.0
90322000,恒压器,61343,台,25273,千克,3804871.0
90328100,液压或气压自动调节或控制仪器及装置,20778,台,64347,千克,10836744.0
90328919,其他列车自动控制系统（ATC）车载设备,4,台,48,千克,147774.0
90328990,其他自动调节或控制仪器及装置,1905796,台,3788473,千克,385352428.0
90329000,自动调节或控制仪器及装置的零件及附件,178056,千克,0,?,33045761.0
90330000,第90章机器、仪器等用本章未列名零、附件,37026,千克,0,?,4593772.0
91011100,仅有机械指示器的电动手表，贵金属表壳,366,只,14,千克,3981752.0
91011990,其他电动的手表，贵金属或包贵金属表壳,1,只,1,千克,80.0
91012100,自动上弦手表，表壳用贵金属或包贵金属制成,1747,只,186,千克,47674499.0
91012900,表壳用贵金属或包贵金属制成的其他手表,150,只,3,千克,6777705.0
91019100,电动的怀表等表，贵金属或包贵金属表壳,5,只,0,千克,131413.0
91019900,其他怀表及表，贵金属或包贵金属表壳,2,只,0,千克,127710.0
91021100,电动仅有机械指示器的手表,254134,只,23420,千克,21700347.0
91021200,电动仅有光电显示器的手表,303965,只,33434,千克,5837824.0
91021900,其他电动的手表,104675,只,19881,千克,3635173.0
91022100,其他自动上弦的手表,49377,只,6053,千克,107415114.0
91022900,未列名手表,2400,只,279,千克,2822164.0
91029100,其他电动的怀表及表，包括秒表,228,只,63,千克,12780.0
91029900,未列名怀表及表，包括秒表,3118,只,208,千克,457269.0
91031000,电动以表芯装成的钟,856,只,428,千克,8946.0
91039000,其他以表芯装成的钟,1,只,116,千克,41788.0
91040000,仪表板钟及车、航空器、航天器或船用类似钟,675,只,1493,千克,183062.0
91051100,电动的闹钟,5933,只,1092,千克,147988.0
91051900,其他闹钟,116,只,19,千克,741.0
91052100,电动的挂钟,10289,只,9100,千克,127605.0
91052900,其他挂钟,95,只,359,千克,27804.0
91059190,未列名电动的钟,1965,只,1163,千克,226133.0
91059900,未列名钟,24,只,322,千克,274529.0
91061000,考勤钟、时刻记录器,5141,只,3264,千克,85093.0
91069000,其他测量、记录或指示时间间隔的装置,91323,只,2041,千克,441504.0
91070000,装有钟、表机芯或同步电动机的定时开关,15720,个,2460,千克,237530.0
91081100,已组装电动的机械指示器表的完整表芯,23586272,只,41294,千克,15308424.0
91081200,已组装电动的光电显示器表的完整表芯,52281,只,246,千克,209187.0
91081900,其他已组装电动的完整表芯,166394,只,931,千克,478179.0
91082000,已组装的自动上弦的完整表芯,386846,只,4889,千克,5026750.0
91089010,其他已组装的完整表芯，表面尺寸≤33.8mm,2306,只,36,千克,22121.0
91089090,未列名已组装的完整表芯,21423,只,271,千克,223946.0
91091000,已组装完整的电动钟芯,31973,只,1057,千克,73295.0
91099000,其他已组装的完整钟芯,1668,只,1611,千克,188206.0
91101100,未组装或部分组装的完整表芯,268616,只,1206,千克,627083.0
91101200,已组装的不完整表芯,917,千克,0,?,777182.0
91101900,未组装的不完整表芯,52,千克,0,?,84868.0
91111000,贵金属或包贵金属表壳,37,只,3,千克,7027.0
91112000,贱金属表壳，不论是否镀金或镀银,1700378,只,37886,千克,4066140.0
91118000,其他表壳,1776682,只,11004,千克,2054126.0
91119000,表壳零件,11378,千克,0,?,2515265.0
91122000,钟壳及本章所列其他货品的类似外壳,806,只,74,千克,957.0
91129000,钟壳和本章所列其他货品类似外壳的零件,9,千克,0,?,21.0
91131000,贵金属或包贵金属制表带及其零件,22,千克,0,?,962704.0
91132000,贱金属表带及其零件，不论是否镀金或镀银,80934,千克,0,?,6344278.0
91139000,其他材料表带及其零件,24885,千克,0,?,3139998.0
91143000,钟面或表面,6844,千克,0,?,2381397.0
91144000,钟表夹板及横担（过桥）,423,千克,0,?,241892.0
91149010,钟表宝石轴承,4,千克,0,?,50214.0
91149020,钟表发条，包括游丝,4,千克,0,?,69682.0
91149090,未列名钟表零件,9049,千克,0,?,6311117.0
92011000,竖式钢琴，包括自动钢琴,3095,台,739070,千克,3837532.0
92012000,大钢琴，包括自动钢琴,258,台,83325,千克,1802244.0
92019000,拨弦古钢琴及其他键盘弦乐器,43,台,10175,千克,58487.0
92021000,弓弦乐器,35,个,54,千克,20908.0
92029000,其他弦乐器,9054,个,23247,千克,1378152.0
92051000,铜管乐器,284,个,1242,千克,277527.0
92059010,键盘管风琴；簧风琴等游离金属簧片键盘乐器,980,台,1008,千克,49902.0
92059020,手风琴及类似乐器,50,个,746,千克,65430.0
92059030,口琴,4316,个,4437,千克,114426.0
92059090,其他管乐器，但游艺场风琴及手摇风琴除外,21293,个,6121,千克,1398213.0
92060000,打击乐器,27094,个,52458,千克,635944.0
92071000,通过电产生或扩大声音的键盘乐器,4441,个,110773,千克,1822662.0
92079000,其他通过电产生或扩大声音的乐器,5066,个,35784,千克,2344551.0
92081000,百音盒,1013,个,317,千克,12342.0
92089000,其他乐器；各种媒诱音响器、哨子、号角等,26302,个,1248,千克,64595.0
92093000,乐器用弦,7771,千克,0,?,1088304.0
92099100,钢琴的零件、附件,75103,千克,0,?,692618.0
92099200,品目9202所列乐器的零件、附件,7172,千克,0,?,700133.0
92099400,品目9207所列乐器的零件、附件,83857,千克,0,?,1946913.0
92099910,节拍器、音叉及定音管,1520,千克,0,?,66989.0
92099920,百音盒的机械装置,595,千克,0,?,281.0
92099990,其他乐器的零件、附件,46894,千克,0,?,2031651.0
93070090,其他剑、短弯刀、刺刀、长矛和类似的武器及其零件；其他刀鞘、剑鞘,760,千克,893,件,28820.0
94011000,飞机用坐具,255,个,10581,千克,4041783.0
94012010,皮革或再生皮革面的机动车辆用坐具,780,个,13202,千克,270462.0
94012090,机动车辆用其他坐具,12177,个,78058,千克,2035219.0
94013100,木制的可调高度的转动坐具,47,个,1242,千克,47361.0
94013900,非木制可调高度的转动坐具,33436,个,377330,千克,2507756.0
94014190,其他能作床用的木制两用椅，但庭院坐具或野营设备除外,400,个,22407,千克,51488.0
94014910,皮革或再生皮革制面能作床用的其他两用椅，但庭院坐具或野营设备除外,1,个,35,千克,803.0
94014990,未列名能作床用的其他两用椅，但庭院坐具或野营设备除外,39,个,1138,千克,3431.0
94015200,竹制的坐具,535,个,2315,千克,17625.0
94015300,藤制的坐具,1684,个,10431,千克,98358.0
94015900,柳条及其他类似材料制的坐具,4,个,8,千克,51.0
94016110,皮革或再生皮革面的带软垫的木框架坐具,3930,个,110275,千克,3940917.0
94016190,其他带软垫的木框架坐具,22370,个,438574,千克,6527923.0
94016900,其他木框架坐具,22338,个,356340,千克,2069404.0
94017110,皮革或再生皮革面的带软垫的金属框架坐具,1966,个,45849,千克,1907287.0
94017190,其他带软垫的金属框架坐具,42706,个,410235,千克,3456301.0
94017900,其他金属框架坐具,34194,个,135315,千克,1143051.0
94018010,石制的其他坐具,356,个,3773,千克,7614.0
94018090,其他坐具,15051,个,103077,千克,1563280.0
94019100,坐具的木制零件,37851,千克,0,?,142163.0
94019910,机动车辆用座椅调角器,98973,套,49570,千克,664044.0
94019990,坐具的其他非木制零件,1025680,千克,0,?,25898973.0
94021010,理发用椅及其零件,10,个,1040,千克,14190.0
94021090,牙科椅和理发用类似椅及其零件,470,个,2709,千克,67793.0
94029000,其他医用家具及其零件,615551,件,67175,千克,2856192.0
94031000,办公室用金属家具,2548,件,61743,千克,753902.0
94032000,其他金属家具,58862,件,742312,千克,3954555.0
94033000,办公室用木家具,1695,件,65491,千克,533137.0
94034000,厨房用木家具,66932,件,1143552,千克,6585375.0
94035010,卧室用红木家具,726,件,104482,千克,343129.0
94035099,其他卧室用木家具,16508,件,732926,千克,6925065.0
94036010,其他红木家具,2037,件,151553,千克,503362.0
94036099,未列名木家具,94501,件,2012733,千克,12903538.0
94037000,塑料家具,35910,件,84793,千克,671357.0
94038200,竹制家具,82,件,457,千克,9912.0
94038300,藤制家具,1903,件,30882,千克,74412.0
94038920,石制家具,618,件,40536,千克,1204847.0
94038990,未列名材料制家具,2894,件,64447,千克,961491.0
94039100,家具的木制零件,947926,千克,0,?,3534226.0
94039900,家具的非木制零件,830685,千克,0,?,6351132.0
94041000,弹簧床垫,3979,个,135655,千克,303998.0
94042100,海绵橡胶或泡沫塑料制褥垫，不论是否包面,30315,个,360284,千克,2065429.0
94042900,其他材料制褥垫,23721,个,446044,千克,9572273.0
94043010,羽毛或羽绒填充的睡袋,518,个,691,千克,71782.0
94043090,其他睡袋,5489,个,8026,千克,39348.0
94044010,羽毛或羽绒填充的被子、床罩,3679,千克,3547,件,145890.0
94044020,兽毛填充的被子、床罩,46,千克,16,件,4575.0
94044030,丝棉填充的被子、床罩,7692,千克,3756,件,38823.0
94044040,化纤棉填充的被子、床罩,37895,千克,40867,件,149571.0
94044090,其他被子、床罩,1458,千克,641,件,17568.0
94049010,羽毛或羽绒填充的其他寝具及类似用品,2397,千克,0,?,86014.0
94049020,兽毛填充的其他寝具及类似用品,340,千克,0,?,16920.0
94049030,丝棉填充的其他寝具及类似用品,2352,千克,0,?,9628.0
94049040,化纤棉填充的其他寝具及类似用品,29087,千克,0,?,426541.0
94049090,未列名寝具及类似用品,234533,千克,0,?,3740035.0
94051100,设计为仅使用发光二极管（LED）光源的枝形吊灯及天花板或墙壁上的其他电气照明装置,7338,个,14125,千克,1362668.0
94051900,其他枝形吊灯及天花板或墙壁上的电气照明装置,28862,个,24065,千克,645059.0
94052100,设计为仅使用发光二极管（LED）光源的台灯、床头灯或落地灯,6418,台,20987,千克,860774.0
94052900,其他电气的台灯、床头灯或落地灯,10775,台,19227,千克,322038.0
94053100,设计为仅使用发光二极管（LED）光源的圣诞树用的灯串,24,套,1,千克,293.0
94054100,光伏的且设计为仅使用发光二极管（LED）光源的其他电灯及照明装置,212753,台,14073,千克,129656.0
94054210,非光伏的且设计为仅使用发光二极管（LED）光源的探照灯和聚光灯,1033,台,3444,千克,818439.0
94054290,非光伏的且设计为仅使用发光二极管（LED）光源的其他电灯及照明装置,97973,千克,0,?,12387637.0
94054910,其他探照灯和聚光灯,371,台,1137,千克,169111.0
94054990,其他电气灯具及照明装置,42608,千克,0,?,7405597.0
94055000,非电气的灯具及照明装置,12424,千克,0,?,415570.0
94056100,设计为仅使用发光二极管（LED）光源的发光标志、发光铭牌及类似品,2381,千克,0,?,590401.0
94056900,其他发光标志、发光铭牌及类似品,518,千克,0,?,281586.0
94059100,品目9405所列货品的玻璃制零件,5420,千克,0,?,581367.0
94059200,品目9405所列货品的塑料制零件,40248,千克,0,?,1597076.0
94059900,品目9405所列货品的其他材料制零件,94706,千克,0,?,4394417.0
94061000,木制活动房屋,50176,千克,45,套,296051.0
94062000,钢结构模块建筑单元,130279,千克,21,套,122308.0
94069000,其他材料制活动房屋,491796,千克,2436,套,1694369.0
95030010,"供儿童乘骑的带轮玩具（例如,三轮车、踏板车、踏板汽车）；玩偶车",5564,辆,41183,千克,208038.0
95030021,玩具动物,23984846,个,679171,千克,31300092.0
95030029,玩偶，不论是否着装,13773814,个,480985,千克,21446586.0
95030060,智力玩具,30182753,套,226443,千克,5307892.0
95030083,带动力装置的其他玩具及模型,20594,个,23558,千克,447534.0
95030089,未列名玩具及模型,38304721,个,1667534,千克,32459015.0
95030090,品目9503所列货品的零件、附件,632939,千克,0,?,10457520.0
95042000,台球的用品及附件,29944,千克,0,?,1974650.0
95043010,使用硬币、钞票、银行卡、代币或任何其他支付方式使其工作的电子游戏机,675656,台,63923,千克,3415327.0
95043090,其他使用硬币、钞票、银行卡、代币或任何其他支付方式使其工作的游戏用品，但保龄球自动球道设备除外,29831,台,19645,千克,592751.0
95044000,游戏纸牌,31996435,副,521837,千克,11501868.0
95045020,自带视频显示装置的视频游戏控制器及设备,137277,台,185014,千克,59110844.0
95045030,其他视频游戏控制器及设备,23489,台,45180,千克,7135961.0
95045080,视频游戏控制器及设备的零件及附件,18128492,个,88917,千克,46508327.0
95049010,其他电子游戏机,101911,台,10836,千克,1261767.0
95049022,保龄球,743,个,4939,千克,14712.0
95049023,保龄球瓶,3000,个,4800,千克,31800.0
95049030,中国象棋、国际象棋、跳棋等棋类用品,5072,副,4153,千克,422867.0
95049040,麻将及类似桌上游戏用品,2052384,副,93199,千克,1929853.0
95049090,未列名游艺场所、桌上或室内游戏用品,801182,台,108587,千克,1186009.0
95051000,圣诞节用品,19835,千克,0,?,356922.0
95059000,其他节日或娱乐用品，包括魔术道具等,93972,千克,0,?,946896.0
95061100,滑雪屐,11561,双,39361,千克,1969154.0
95061200,滑雪屐扣件（滑雪屐带）,28421,千克,0,?,664404.0
95061900,其他滑雪器械,55200,千克,0,?,3616048.0
95062100,帆板,2,个,29,千克,274.0
95062900,滑水板、冲浪板及其他水上运动器械,72724,个,46151,千克,727603.0
95063100,完整的高尔夫球棍,31288,根,15039,千克,3251451.0
95063200,高尔夫球,1701159,个,87627,千克,3007261.0
95063900,其他高尔夫球器械,170357,千克,0,?,14290718.0
95064010,乒乓球,7891,百个,2015,千克,19131.0
95064090,其他乒乓球用品及器械,17107,千克,0,?,2322019.0
95065100,草地网球拍,6568,支,1151,千克,134958.0
95065900,羽毛球拍或类似球拍,253473,支,20860,千克,5526674.0
95066100,网球,609369,个,41370,千克,352099.0
95066210,足球、篮球、排球,461271,个,126341,千克,1852189.0
95066290,其他可充气的运动用球,8746,个,4052,千克,92761.0
95066900,其他运动用球,535831,个,66192,千克,294898.0
95067010,溜冰鞋，包括装有冰刀的溜冰靴,16902,双,15064,千克,770341.0
95067020,旱冰鞋,1060,双,1525,千克,68102.0
95069111,跑步机,44371,台,195369,千克,2993549.0
95069119,其他健身及康复器械,924200,千克,0,?,7229090.0
95069190,未列名一般体育活动、体操或竞技用品及设备,110781,千克,0,?,1706139.0
95069910,滑板,21725,个,15150,千克,234535.0
95069990,未列名运动或户外游戏用品及设备；游泳池或戏水池,2155699,个,188609,千克,3508671.0
95071000,钓鱼竿,1173862,副,17715,千克,4290379.0
95072000,钓鱼钩，不论有无系钩丝,368491,千克,0,?,2084323.0
95073000,钓线轮,1218830,个,40059,千克,6139775.0
95079000,其他钓鱼用品；捕捉网；?子“鸟”及类似狩猎品,39862,千克,0,?,829086.0
95082100,过山车,57073,千克,0,?,4482681.0
95082200,旋转木马，秋千和旋转平台,15143,千克,0,?,1416172.0
95082400,运动模拟器和移动剧场,14286,千克,0,?,509929.0
95082500,水上乘骑游乐设施,984,千克,0,?,13614.0
95082600,水上乐园娱乐设备,280,千克,0,?,8558.0
95082900,其他游乐场乘骑游乐设施和水上乐园娱乐设备,1196,千克,0,?,144645.0
95083000,游乐场娱乐设备，包括射击用靶,6723,千克,0,?,133738.0
96011000,已加工兽牙及其制品,418,千克,0,?,12955.0
96019000,已加工其他动物质雕刻材料及其制品,197444,千克,0,?,339466.0
96020010,明胶制装药用胶囊,5344,千克,0,?,282220.0
96020090,已加工植物质或矿物质雕刻材料及其制品等,90546,千克,0,?,110369.0
96031000,用枝条或其他植物材料捆扎的帚及刷，可有把,96674,把,63997,千克,32778.0
96032100,牙刷，包括齿板刷,24963436,把,127518,千克,7388764.0
96032900,剃须刷、发刷、指甲刷、睫毛刷及其他梳妆刷,6894048,支,12125,千克,593421.0
96033010,画笔,31439,支,311,千克,29670.0
96033020,毛笔,17174,支,375,千克,16921.0
96033090,化妆用的类似笔,9796091,支,11004,千克,1230111.0
96034011,猪鬃制漆刷及类似刷,6007,把,439,千克,12054.0
96034019,其他漆刷及类似刷,2842,把,142,千克,20975.0
96034020,油漆块垫及滚筒,3535,个,531,千克,9153.0
96035011,作为机器、器具零件的金属丝刷,494471,个,1651,千克,174975.0
96035019,作为车辆零件的金属丝刷,60992,个,557,千克,16310.0
96035091,未列名作为机器、器具零件的刷,3196371,个,79693,千克,6077635.0
96035099,未列名作为车辆零件的刷,446,个,73,千克,7462.0
96039090,其他帚刷拖把等；制帚刷成束材料；橡皮扫帚,7055580,个,54733,千克,985544.0
96040000,手用粗筛、细筛,352,个,125,千克,15408.0
96050000,个人梳妆、缝纫或清洁衣、鞋用成套旅行用具,8196,套,1396,千克,16366.0
96061000,揿扣及其零件,36651,千克,0,?,1629897.0
96062100,塑料制钮扣，未用纺织材料包裹,28811,千克,0,?,1220511.0
96062200,贱金属制钮扣，未用纺织材料包裹,21029,千克,0,?,820956.0
96062900,其他钮扣,5054,千克,0,?,263092.0
96063000,钮扣芯及钮扣的其他零件；钮扣坯,149070,千克,0,?,914205.0
96071100,装有贱金属制齿的拉链,373758,米,19148,千克,543712.0
96071900,其他拉链,6183909,米,119944,千克,4189162.0
96072000,拉链零件,497496,千克,0,?,7666001.0
96081000,圆珠笔,26075518,支,289071,千克,11297142.0
96082000,毡尖及其他渗水式笔尖笔及唛头笔,10926405,支,113401,千克,1952550.0
96083010,墨汁画笔,5904,支,60,千克,719.0
96083020,自来水笔,174586,支,2450,千克,1488952.0
96083090,铁笔型自来水笔及其他钢笔,191586,支,3172,千克,1326370.0
96084000,活动铅笔,1425101,支,20158,千克,974842.0
96085000,由上述两个或多个子目所列笔组成的成套货品,20383,套,2724,千克,63983.0
96086000,圆珠笔芯，由圆珠笔头和墨芯构成,20235535,支,47284,千克,2236470.0
96089100,钢笔头及笔尖粒,3163301,支,944,千克,179644.0
96089910,机器、仪器用笔,5886,支,169,千克,20175.0
96089920,蜡纸铁笔；钢笔杆、铅笔杆、及类似笔杆,227960,支,1891,千克,35363.0
96089990,其他笔零件,32634,千克,0,?,1598617.0
96091010,铅笔，笔芯包裹在外壳中,52538,千克,135462,百支,410225.0
96091020,颜色铅笔，笔芯包裹在外壳中,24462,千克,0,?,483730.0
96092000,铅笔芯，黑的或其他颜色的,7467,千克,0,?,488783.0
96099000,蜡笔、图画碳笔、粉笔及裁缝划粉,21522,千克,0,?,193083.0
96100000,具有书写或绘画面的石板、黑板等板，可镶框,13331,千克,0,?,105921.0
96110000,手用印戳；手工操作排字盘及有排字盘手印器,8500,千克,0,?,236833.0
96121000,打字机色带等已着色色带,27131110,个,332281,千克,8767669.0
96122000,印台，不论是否已加印油或带盒子,75461,个,731,千克,34533.0
96131000,袖珍气体打火机，一次性的,360004,个,3843,千克,52124.0
96132000,袖珍气体打火机，可充气的,2423,个,597,千克,911340.0
96138000,其他打火器,824828,个,50807,千克,6090592.0
96139000,打火机等打火器零件，但打火石及机芯除外,64188,千克,0,?,774608.0
96140010,烟斗及烟斗头,44758,个,6909,千克,843179.0
96140090,烟嘴；烟斗及烟嘴的零件,5292,千克,0,?,145328.0
96151100,硬质橡胶或塑料制梳子、发夹及类似品,53214,千克,0,?,1728503.0
96151900,其他梳子、发夹及类似品,6623,千克,0,?,781841.0
96159000,发卡、卷发夹、卷发器或类似品及零件,6272,千克,0,?,325284.0
96161000,香水喷雾器等化妆喷雾器及其座架、喷头,23891,千克,0,?,722326.0
96162000,粉扑及粉拍，施敷脂粉或化妆品用,4755,千克,0,?,414464.0
96170011,玻璃内胆保温瓶,6640,个,5128,千克,69387.0
96170019,其他保温瓶,36846,个,17164,千克,478848.0
96170090,其他真空容器；真空容器零件，但玻璃瓶胆除外,190127,千克,590315,个,5543761.0
96180000,人体模型；橱窗装饰用自动模型等活动陈列品,9302,千克,0,?,854665.0
96190011,供婴儿使用的尿裤及尿布，任何材料制,519953,千克,0,?,2716395.0
96190019,其他任何材料制的尿裤及尿布,23314,千克,0,?,92712.0
96190020,任何材料制的卫生巾（护垫）及卫生棉条,881024,千克,0,?,12751029.0
96190090,任何材料制的尿布衬里及本品目所列货品的类似品,3969,千克,0,?,26201.0
96200010,专用于品目85.19、85.21，子目8525.8、9006.3、9006.5、9007.1或9007.2所列设备的独脚架、双脚架、三脚架及类似品,10737,千克,0,?,257158.0
96200090,其他独脚架、双脚架、三脚架及类似品,5500,千克,0,?,265777.0
97012100,超过100年的油画、粉画及其他手绘画,78,幅,118,千克,143639.0
97019111,100年及以下的唐卡原件,17111,幅,374,千克,5374.0
97019119,100年及以下的其他油画、粉画及其他手绘画原件,1139,幅,6819,千克,7384867.0
97019120,100年及以下的油画、粉画及其他手绘画的复制品,323,幅,237,千克,13021.0
97019900,100年及以下的拼贴画及类似装饰板,64,幅,1361,千克,90617.0
97029000,100年及以下的雕版画、印制画、石印画的原本,42,幅,81,千克,41566.0
97031000,超过100年的各种材料制的雕塑品原件,223,件,635,千克,94597.0
97039000,100年及以下的各种材料制的雕塑品原件,83,件,6821,千克,4489756.0
97040010,使用过或未使用过的邮票,13078,千克,0,?,342264.0
97040090,使用过或未使用过印花税票、首日封及类似品,18,千克,0,?,1901.0
97051000,具有考古学、人种学或历史学意义的收集品及珍藏品,63,千克,0,?,2552.0
97052100,人类标本及其部分,6,千克,0,?,181.0
97052200,灭绝或濒危物种及其部分,135979,千克,0,?,127756.0
97052900,其他动物学、植物学、矿物学、解剖学或古生物学意义的收集品及珍藏品,4108,千克,0,?,103783.0
97053100,超过100年的具有钱币学意义的收集品及珍藏品,14,千克,0,?,4928.0
97053900,100年及以下的具有钱币学意义的收集品及珍藏品,0,千克,0,?,85.0
97061000,超过250年的古物,1373,件,1324,千克,4190849.0
97069000,超过100年且不超过250年的古物,675,件,6168,千克,434385.0
98010010,单项记录价值≤2000RMB的非税、证进口商品,0,千克,0,?,2250960.0
98040000,低值简易通关商品,237700239,千克,0,?,445278181.0
98050000,个人跨境电商商品,941277,千克,9182889,件,260021837.0
